ipl_season,sequence,eventid,innings,target,remainingballs,homescore,awayscore,fallofwickets,ball,over,scorevalue,validball,extras,dismissal,dismissaltype,batsmanid,batsman,batsmanteam,bowlerid,bowler,bowlerteam,otherathleteinvolvedid,otherathleteinvolved,nonstrikerid,nonstriker,runs,runrate
ipl20,100001,1216532,1st innings,0,119,0/0,0,0,1,0.1,0,0,0,False,,219889,David Warner,Sunrisers Hyderabad,236779,Ishant Sharma,Delhi Capitals,,,297433,Jonny Bairstow,0,0.0
ipl20,100002,1216532,1st innings,0,118,2/0,0,0,2,0.2,2,0,0,False,,219889,David Warner,Sunrisers Hyderabad,236779,Ishant Sharma,Delhi Capitals,,,297433,Jonny Bairstow,2,6.0
ipl20,100003,1216532,1st innings,0,117,3/0,0,0,3,0.3,1,0,0,False,,219889,David Warner,Sunrisers Hyderabad,236779,Ishant Sharma,Delhi Capitals,,,297433,Jonny Bairstow,1,6.0
ipl20,100004,1216532,1st innings,0,116,5/0,0,0,4,0.4,2,0,0,False,,297433,Jonny Bairstow,Sunrisers Hyderabad,236779,Ishant Sharma,Delhi Capitals,,,219889,David Warner,2,7.5
ipl20,100005,1216532,1st innings,0,115,8/0,0,0,5,0.5,3,0,0,False,,297433,Jonny Bairstow,Sunrisers Hyderabad,236779,Ishant Sharma,Delhi Capitals,,,219889,David Warner,3,9.6
ipl20,100006,1216532,1st innings,0,114,9/0,0,0,6,0.6,1,0,0,False,,219889,David Warner,Sunrisers Hyderabad,236779,Ishant Sharma,Delhi Capitals,,,297433,Jonny Bairstow,1,9.0
ipl20,100101,1216532,1st innings,0,113,9/0,0,0,7,1.1,0,0,0,False,,219889,David Warner,Sunrisers Hyderabad,550215,Kagiso Rabada,Delhi Capitals,,,297433,Jonny Bairstow,0,7.71
ipl20,100102,1216532,1st innings,0,112,13/0,0,0,8,1.2,4,0,0,False,,219889,David Warner,Sunrisers Hyderabad,550215,Kagiso Rabada,Delhi Capitals,,,297433,Jonny Bairstow,4,9.75
ipl20,100103,1216532,1st innings,0,111,13/0,0,0,9,1.3,0,0,0,False,,219889,David Warner,Sunrisers Hyderabad,550215,Kagiso Rabada,Delhi Capitals,,,297433,Jonny Bairstow,0,8.66
ipl20,100104,1216532,1st innings,0,110,14/0,0,0,10,1.4,1,0,0,False,,219889,David Warner,Sunrisers Hyderabad,550215,Kagiso Rabada,Delhi Capitals,,,297433,Jonny Bairstow,1,8.4
ipl20,100105,1216532,1st innings,0,109,14/0,0,0,11,1.5,0,0,0,False,,297433,Jonny Bairstow,Sunrisers Hyderabad,550215,Kagiso Rabada,Delhi Capitals,,,219889,David Warner,0,7.63
ipl20,100106,1216532,1st innings,0,108,14/0,0,0,12,1.6,0,0,0,False,,297433,Jonny Bairstow,Sunrisers Hyderabad,550215,Kagiso Rabada,Delhi Capitals,,,219889,David Warner,0,7.0
ipl20,100201,1216532,1st innings,0,107,14/0,0,0,13,2.1,0,0,0,False,,219889,David Warner,Sunrisers Hyderabad,236779,Ishant Sharma,Delhi Capitals,,,297433,Jonny Bairstow,0,6.46
ipl20,100202,1216532,1st innings,0,106,14/0,0,0,14,2.2,0,0,0,False,,219889,David Warner,Sunrisers Hyderabad,236779,Ishant Sharma,Delhi Capitals,,,297433,Jonny Bairstow,0,6.0
ipl20,100203,1216532,1st innings,0,105,15/0,0,0,15,2.3,1,0,0,False,,219889,David Warner,Sunrisers Hyderabad,236779,Ishant Sharma,Delhi Capitals,,,297433,Jonny Bairstow,1,6.0
ipl20,100204,1216532,1st innings,0,104,15/0,0,0,16,2.4,0,0,0,False,,297433,Jonny Bairstow,Sunrisers Hyderabad,236779,Ishant Sharma,Delhi Capitals,,,219889,David Warner,0,5.62
ipl20,100205,1216532,1st innings,0,103,16/0,0,0,17,2.5,1,0,0,False,,297433,Jonny Bairstow,Sunrisers Hyderabad,236779,Ishant Sharma,Delhi Capitals,,,219889,David Warner,1,5.64
ipl20,100206,1216532,1st innings,0,102,17/0,0,0,18,2.6,1,0,0,False,,219889,David Warner,Sunrisers Hyderabad,236779,Ishant Sharma,Delhi Capitals,,,297433,Jonny Bairstow,1,5.66
ipl20,100301,1216532,1st innings,0,101,17/0,0,0,19,3.1,0,0,0,False,,219889,David Warner,Sunrisers Hyderabad,481979,Anrich Nortje,Delhi Capitals,,,297433,Jonny Bairstow,0,5.36
ipl20,100302,1216532,1st innings,0,100,18/0,0,0,20,3.2,1,0,0,False,,219889,David Warner,Sunrisers Hyderabad,481979,Anrich Nortje,Delhi Capitals,,,297433,Jonny Bairstow,1,5.4
ipl20,100303,1216532,1st innings,0,99,19/0,0,0,21,3.3,1,0,0,False,,297433,Jonny Bairstow,Sunrisers Hyderabad,481979,Anrich Nortje,Delhi Capitals,,,219889,David Warner,1,5.42
ipl20,100304,1216532,1st innings,0,98,20/0,0,0,22,3.4,1,0,0,False,,219889,David Warner,Sunrisers Hyderabad,481979,Anrich Nortje,Delhi Capitals,,,297433,Jonny Bairstow,1,5.45
ipl20,100305,1216532,1st innings,0,97,20/0,0,0,23,3.5,0,0,0,False,,297433,Jonny Bairstow,Sunrisers Hyderabad,481979,Anrich Nortje,Delhi Capitals,,,219889,David Warner,0,5.21
ipl20,100306,1216532,1st innings,0,96,20/0,0,0,24,3.6,0,0,0,False,,297433,Jonny Bairstow,Sunrisers Hyderabad,481979,Anrich Nortje,Delhi Capitals,,,219889,David Warner,0,5.0
ipl20,100401,1216532,1st innings,0,95,20/0,0,0,25,4.1,0,0,0,False,,219889,David Warner,Sunrisers Hyderabad,325012,Marcus Stoinis,Delhi Capitals,,,297433,Jonny Bairstow,0,4.8
ipl20,100402,1216532,1st innings,0,94,21/0,0,0,26,4.2,1,0,0,False,,219889,David Warner,Sunrisers Hyderabad,325012,Marcus Stoinis,Delhi Capitals,,,297433,Jonny Bairstow,1,4.84
ipl20,100403,1216532,1st innings,0,93,21/0,0,0,27,4.3,0,0,0,False,,297433,Jonny Bairstow,Sunrisers Hyderabad,325012,Marcus Stoinis,Delhi Capitals,,,219889,David Warner,0,4.66
ipl20,100404,1216532,1st innings,0,92,22/0,0,0,28,4.4,1,0,0,False,,297433,Jonny Bairstow,Sunrisers Hyderabad,325012,Marcus Stoinis,Delhi Capitals,,,219889,David Warner,1,4.71
ipl20,100405,1216532,1st innings,0,91,23/0,0,0,29,4.5,1,0,0,False,,219889,David Warner,Sunrisers Hyderabad,325012,Marcus Stoinis,Delhi Capitals,,,297433,Jonny Bairstow,1,4.75
ipl20,100406,1216532,1st innings,0,90,24/0,0,0,30,4.6,1,0,1,False,,297433,Jonny Bairstow,Sunrisers Hyderabad,325012,Marcus Stoinis,Delhi Capitals,,,219889,David Warner,1,4.8
ipl20,100501,1216532,1st innings,0,89,25/0,0,0,31,5.1,1,0,0,False,,297433,Jonny Bairstow,Sunrisers Hyderabad,481979,Anrich Nortje,Delhi Capitals,,,219889,David Warner,1,4.83
ipl20,100502,1216532,1st innings,0,88,26/0,0,0,32,5.2,1,0,0,False,,219889,David Warner,Sunrisers Hyderabad,481979,Anrich Nortje,Delhi Capitals,,,297433,Jonny Bairstow,1,4.87
ipl20,100503,1216532,1st innings,0,87,27/0,0,0,33,5.3,1,0,1,False,,297433,Jonny Bairstow,Sunrisers Hyderabad,481979,Anrich Nortje,Delhi Capitals,,,219889,David Warner,1,4.9
ipl20,100504,1216532,1st innings,0,86,33/0,0,0,34,5.4,6,0,0,False,,219889,David Warner,Sunrisers Hyderabad,481979,Anrich Nortje,Delhi Capitals,,,297433,Jonny Bairstow,6,5.82
ipl20,100505,1216532,1st innings,0,85,37/0,0,0,35,5.5,4,0,0,False,,219889,David Warner,Sunrisers Hyderabad,481979,Anrich Nortje,Delhi Capitals,,,297433,Jonny Bairstow,4,6.34
ipl20,100506,1216532,1st innings,0,84,38/0,0,0,36,5.6,1,0,0,False,,219889,David Warner,Sunrisers Hyderabad,481979,Anrich Nortje,Delhi Capitals,,,297433,Jonny Bairstow,1,6.33
ipl20,100601,1216532,1st innings,0,83,39/0,0,0,37,6.1,1,0,0,False,,219889,David Warner,Sunrisers Hyderabad,31107,Amit Mishra,Delhi Capitals,,,297433,Jonny Bairstow,1,6.32
ipl20,100602,1216532,1st innings,0,82,41/0,0,0,38,6.2,2,0,0,False,,297433,Jonny Bairstow,Sunrisers Hyderabad,31107,Amit Mishra,Delhi Capitals,,,219889,David Warner,2,6.47
ipl20,100603,1216532,1st innings,0,81,47/0,0,0,39,6.3,6,0,0,False,,297433,Jonny Bairstow,Sunrisers Hyderabad,31107,Amit Mishra,Delhi Capitals,,,219889,David Warner,6,7.23
ipl20,100604,1216532,1st innings,0,80,48/0,0,0,40,6.4,1,0,0,False,,297433,Jonny Bairstow,Sunrisers Hyderabad,31107,Amit Mishra,Delhi Capitals,,,219889,David Warner,1,7.2
ipl20,100605,1216532,1st innings,0,79,50/0,0,0,41,6.5,2,0,0,False,,219889,David Warner,Sunrisers Hyderabad,31107,Amit Mishra,Delhi Capitals,,,297433,Jonny Bairstow,2,7.31
ipl20,100606,1216532,1st innings,0,78,52/0,0,0,42,6.6,2,0,0,False,,219889,David Warner,Sunrisers Hyderabad,31107,Amit Mishra,Delhi Capitals,,,297433,Jonny Bairstow,2,7.42
ipl20,100701,1216532,1st innings,0,77,54/0,0,0,43,7.1,2,0,0,False,,297433,Jonny Bairstow,Sunrisers Hyderabad,325012,Marcus Stoinis,Delhi Capitals,,,219889,David Warner,2,7.53
ipl20,100702,1216532,1st innings,0,76,55/0,0,0,44,7.2,1,0,0,False,,297433,Jonny Bairstow,Sunrisers Hyderabad,325012,Marcus Stoinis,Delhi Capitals,,,219889,David Warner,1,7.5
ipl20,100703,1216532,1st innings,0,75,56/0,0,0,45,7.3,1,0,0,False,,219889,David Warner,Sunrisers Hyderabad,325012,Marcus Stoinis,Delhi Capitals,,,297433,Jonny Bairstow,1,7.46
ipl20,100704,1216532,1st innings,0,74,58/0,0,0,46,7.4,2,0,0,False,,297433,Jonny Bairstow,Sunrisers Hyderabad,325012,Marcus Stoinis,Delhi Capitals,,,219889,David Warner,2,7.56
ipl20,100705,1216532,1st innings,0,73,59/0,0,0,47,7.5,1,0,0,False,,297433,Jonny Bairstow,Sunrisers Hyderabad,325012,Marcus Stoinis,Delhi Capitals,,,219889,David Warner,1,7.53
ipl20,100706,1216532,1st innings,0,72,59/0,0,0,48,7.6,0,0,0,False,,219889,David Warner,Sunrisers Hyderabad,325012,Marcus Stoinis,Delhi Capitals,,,297433,Jonny Bairstow,0,7.37
ipl20,100801,1216532,1st innings,0,72,60/0,0,0,48,8.0,1,1,1,False,,297433,Jonny Bairstow,Sunrisers Hyderabad,236779,Ishant Sharma,Delhi Capitals,,,219889,David Warner,1,7.5
ipl20,100802,1216532,1st innings,0,71,62/0,0,0,49,8.1,2,0,0,False,,297433,Jonny Bairstow,Sunrisers Hyderabad,236779,Ishant Sharma,Delhi Capitals,,,219889,David Warner,2,7.59
ipl20,100803,1216532,1st innings,0,71,63/0,0,0,49,8.1,1,1,1,False,,297433,Jonny Bairstow,Sunrisers Hyderabad,236779,Ishant Sharma,Delhi Capitals,,,219889,David Warner,1,7.71
ipl20,100804,1216532,1st innings,0,70,64/0,0,0,50,8.2,1,0,0,False,,297433,Jonny Bairstow,Sunrisers Hyderabad,236779,Ishant Sharma,Delhi Capitals,,,219889,David Warner,1,7.68
ipl20,100805,1216532,1st innings,0,69,70/0,0,0,51,8.3,6,0,0,False,,219889,David Warner,Sunrisers Hyderabad,236779,Ishant Sharma,Delhi Capitals,,,297433,Jonny Bairstow,6,8.23
ipl20,100806,1216532,1st innings,0,68,71/0,0,0,52,8.4,1,0,0,False,,219889,David Warner,Sunrisers Hyderabad,236779,Ishant Sharma,Delhi Capitals,,,297433,Jonny Bairstow,1,8.19
ipl20,100807,1216532,1st innings,0,67,72/0,0,0,53,8.5,1,0,0,False,,297433,Jonny Bairstow,Sunrisers Hyderabad,236779,Ishant Sharma,Delhi Capitals,,,219889,David Warner,1,8.15
ipl20,100808,1216532,1st innings,0,66,73/0,0,0,54,8.6,1,0,0,False,,219889,David Warner,Sunrisers Hyderabad,236779,Ishant Sharma,Delhi Capitals,,,297433,Jonny Bairstow,1,8.11
ipl20,100901,1216532,1st innings,0,65,77/0,0,0,55,9.1,4,0,0,False,,219889,David Warner,Sunrisers Hyderabad,31107,Amit Mishra,Delhi Capitals,,,297433,Jonny Bairstow,4,8.4
ipl20,100902,1216532,1st innings,0,64,77/0,0,0,56,9.2,0,0,0,False,,219889,David Warner,Sunrisers Hyderabad,31107,Amit Mishra,Delhi Capitals,,,297433,Jonny Bairstow,0,8.25
ipl20,100903,1216532,1st innings,0,63,77/1,0,1,57,9.3,0,0,0,True,caught,219889,David Warner,Sunrisers Hyderabad,31107,Amit Mishra,Delhi Capitals,219889,David Warner,297433,Jonny Bairstow,0,8.1
ipl20,100904,1216532,1st innings,0,62,78/1,0,0,58,9.4,1,0,0,False,,290630,Manish Pandey,Sunrisers Hyderabad,31107,Amit Mishra,Delhi Capitals,,,297433,Jonny Bairstow,1,8.06
ipl20,100905,1216532,1st innings,0,61,78/1,0,0,59,9.5,0,0,0,False,,297433,Jonny Bairstow,Sunrisers Hyderabad,31107,Amit Mishra,Delhi Capitals,,,290630,Manish Pandey,0,7.93
ipl20,100906,1216532,1st innings,0,60,82/1,0,0,60,9.6,4,0,0,False,,297433,Jonny Bairstow,Sunrisers Hyderabad,31107,Amit Mishra,Delhi Capitals,,,290630,Manish Pandey,4,8.2
ipl20,101001,1216532,1st innings,0,59,82/1,0,0,61,10.1,0,0,0,False,,290630,Manish Pandey,Sunrisers Hyderabad,554691,Axar Patel,Delhi Capitals,,,297433,Jonny Bairstow,0,8.06
ipl20,101002,1216532,1st innings,0,58,83/1,0,0,62,10.2,1,0,0,False,,290630,Manish Pandey,Sunrisers Hyderabad,554691,Axar Patel,Delhi Capitals,,,297433,Jonny Bairstow,1,8.03
ipl20,101003,1216532,1st innings,0,58,84/1,0,0,62,10.2,1,1,1,False,,297433,Jonny Bairstow,Sunrisers Hyderabad,554691,Axar Patel,Delhi Capitals,,,290630,Manish Pandey,1,8.12
ipl20,101004,1216532,1st innings,0,57,85/1,0,0,63,10.3,1,0,0,False,,297433,Jonny Bairstow,Sunrisers Hyderabad,554691,Axar Patel,Delhi Capitals,,,290630,Manish Pandey,1,8.09
ipl20,101005,1216532,1st innings,0,56,86/1,0,0,64,10.4,1,0,0,False,,290630,Manish Pandey,Sunrisers Hyderabad,554691,Axar Patel,Delhi Capitals,,,297433,Jonny Bairstow,1,8.06
ipl20,101006,1216532,1st innings,0,55,90/1,0,0,65,10.5,4,0,0,False,,297433,Jonny Bairstow,Sunrisers Hyderabad,554691,Axar Patel,Delhi Capitals,,,290630,Manish Pandey,4,8.3
ipl20,101007,1216532,1st innings,0,54,91/1,0,0,66,10.6,1,0,0,False,,297433,Jonny Bairstow,Sunrisers Hyderabad,554691,Axar Patel,Delhi Capitals,,,290630,Manish Pandey,1,8.27
ipl20,101101,1216532,1st innings,0,53,92/1,0,0,67,11.1,1,0,0,False,,297433,Jonny Bairstow,Sunrisers Hyderabad,31107,Amit Mishra,Delhi Capitals,,,290630,Manish Pandey,1,8.23
ipl20,101102,1216532,1st innings,0,52,92/2,0,2,68,11.2,0,0,0,True,caught,290630,Manish Pandey,Sunrisers Hyderabad,31107,Amit Mishra,Delhi Capitals,290630,Manish Pandey,297433,Jonny Bairstow,0,8.11
ipl20,101103,1216532,1st innings,0,51,92/2,0,0,69,11.3,0,0,0,False,,297433,Jonny Bairstow,Sunrisers Hyderabad,31107,Amit Mishra,Delhi Capitals,,,277906,Kane Williamson,0,8.0
ipl20,101104,1216532,1st innings,0,50,92/2,0,0,70,11.4,0,0,0,False,,297433,Jonny Bairstow,Sunrisers Hyderabad,31107,Amit Mishra,Delhi Capitals,,,277906,Kane Williamson,0,7.88
ipl20,101105,1216532,1st innings,0,49,93/2,0,0,71,11.5,1,0,0,False,,297433,Jonny Bairstow,Sunrisers Hyderabad,31107,Amit Mishra,Delhi Capitals,,,277906,Kane Williamson,1,7.85
ipl20,101106,1216532,1st innings,0,48,94/2,0,0,72,11.6,1,0,0,False,,277906,Kane Williamson,Sunrisers Hyderabad,31107,Amit Mishra,Delhi Capitals,,,297433,Jonny Bairstow,1,7.83
ipl20,101201,1216532,1st innings,0,47,95/2,0,0,73,12.1,1,0,0,False,,277906,Kane Williamson,Sunrisers Hyderabad,554691,Axar Patel,Delhi Capitals,,,297433,Jonny Bairstow,1,7.8
ipl20,101202,1216532,1st innings,0,46,96/2,0,0,74,12.2,1,0,0,False,,297433,Jonny Bairstow,Sunrisers Hyderabad,554691,Axar Patel,Delhi Capitals,,,277906,Kane Williamson,1,7.78
ipl20,101203,1216532,1st innings,0,45,97/2,0,0,75,12.3,1,0,0,False,,277906,Kane Williamson,Sunrisers Hyderabad,554691,Axar Patel,Delhi Capitals,,,297433,Jonny Bairstow,1,7.76
ipl20,101204,1216532,1st innings,0,44,98/2,0,0,76,12.4,1,0,0,False,,297433,Jonny Bairstow,Sunrisers Hyderabad,554691,Axar Patel,Delhi Capitals,,,277906,Kane Williamson,1,7.73
ipl20,101205,1216532,1st innings,0,43,99/2,0,0,77,12.5,1,0,0,False,,277906,Kane Williamson,Sunrisers Hyderabad,554691,Axar Patel,Delhi Capitals,,,297433,Jonny Bairstow,1,7.71
ipl20,101206,1216532,1st innings,0,42,99/2,0,0,78,12.6,0,0,0,False,,297433,Jonny Bairstow,Sunrisers Hyderabad,554691,Axar Patel,Delhi Capitals,,,277906,Kane Williamson,0,7.61
ipl20,101301,1216532,1st innings,0,41,100/2,0,0,79,13.1,1,0,0,False,,277906,Kane Williamson,Sunrisers Hyderabad,31107,Amit Mishra,Delhi Capitals,,,297433,Jonny Bairstow,1,7.59
ipl20,101302,1216532,1st innings,0,40,101/2,0,0,80,13.2,1,0,0,False,,297433,Jonny Bairstow,Sunrisers Hyderabad,31107,Amit Mishra,Delhi Capitals,,,277906,Kane Williamson,1,7.57
ipl20,101303,1216532,1st innings,0,39,105/2,0,0,81,13.3,4,0,0,False,,277906,Kane Williamson,Sunrisers Hyderabad,31107,Amit Mishra,Delhi Capitals,,,297433,Jonny Bairstow,4,7.77
ipl20,101304,1216532,1st innings,0,38,106/2,0,0,82,13.4,1,0,0,False,,277906,Kane Williamson,Sunrisers Hyderabad,31107,Amit Mishra,Delhi Capitals,,,297433,Jonny Bairstow,1,7.75
ipl20,101305,1216532,1st innings,0,37,107/2,0,0,83,13.5,1,0,0,False,,297433,Jonny Bairstow,Sunrisers Hyderabad,31107,Amit Mishra,Delhi Capitals,,,277906,Kane Williamson,1,7.73
ipl20,101306,1216532,1st innings,0,36,108/2,0,0,84,13.6,1,0,0,False,,277906,Kane Williamson,Sunrisers Hyderabad,31107,Amit Mishra,Delhi Capitals,,,297433,Jonny Bairstow,1,7.71
ipl20,101401,1216532,1st innings,0,35,109/2,0,0,85,14.1,1,0,0,False,,277906,Kane Williamson,Sunrisers Hyderabad,550215,Kagiso Rabada,Delhi Capitals,,,297433,Jonny Bairstow,1,7.69
ipl20,101402,1216532,1st innings,0,34,110/2,0,0,86,14.2,1,0,0,False,,297433,Jonny Bairstow,Sunrisers Hyderabad,550215,Kagiso Rabada,Delhi Capitals,,,277906,Kane Williamson,1,7.67
ipl20,101403,1216532,1st innings,0,33,111/2,0,0,87,14.3,1,0,0,False,,277906,Kane Williamson,Sunrisers Hyderabad,550215,Kagiso Rabada,Delhi Capitals,,,297433,Jonny Bairstow,1,7.65
ipl20,101404,1216532,1st innings,0,32,112/2,0,0,88,14.4,1,0,0,False,,297433,Jonny Bairstow,Sunrisers Hyderabad,550215,Kagiso Rabada,Delhi Capitals,,,277906,Kane Williamson,1,7.63
ipl20,101405,1216532,1st innings,0,31,114/2,0,0,89,14.5,2,0,0,False,,277906,Kane Williamson,Sunrisers Hyderabad,550215,Kagiso Rabada,Delhi Capitals,,,297433,Jonny Bairstow,2,7.68
ipl20,101406,1216532,1st innings,0,30,117/2,0,0,90,14.6,3,0,0,False,,277906,Kane Williamson,Sunrisers Hyderabad,550215,Kagiso Rabada,Delhi Capitals,,,297433,Jonny Bairstow,3,7.8
ipl20,101501,1216532,1st innings,0,29,117/2,0,0,91,15.1,0,0,0,False,,277906,Kane Williamson,Sunrisers Hyderabad,481979,Anrich Nortje,Delhi Capitals,,,297433,Jonny Bairstow,0,7.71
ipl20,101502,1216532,1st innings,0,28,118/2,0,0,92,15.2,1,0,0,False,,277906,Kane Williamson,Sunrisers Hyderabad,481979,Anrich Nortje,Delhi Capitals,,,297433,Jonny Bairstow,1,7.69
ipl20,101503,1216532,1st innings,0,27,119/2,0,0,93,15.3,1,0,0,False,,297433,Jonny Bairstow,Sunrisers Hyderabad,481979,Anrich Nortje,Delhi Capitals,,,277906,Kane Williamson,1,7.67
ipl20,101504,1216532,1st innings,0,26,123/2,0,0,94,15.4,4,0,0,False,,277906,Kane Williamson,Sunrisers Hyderabad,481979,Anrich Nortje,Delhi Capitals,,,297433,Jonny Bairstow,4,7.85
ipl20,101505,1216532,1st innings,0,25,127/2,0,0,95,15.5,4,0,0,False,,277906,Kane Williamson,Sunrisers Hyderabad,481979,Anrich Nortje,Delhi Capitals,,,297433,Jonny Bairstow,4,8.02
ipl20,101506,1216532,1st innings,0,24,128/2,0,0,96,15.6,1,0,0,False,,277906,Kane Williamson,Sunrisers Hyderabad,481979,Anrich Nortje,Delhi Capitals,,,297433,Jonny Bairstow,1,8.0
ipl20,101601,1216532,1st innings,0,23,129/2,0,0,97,16.1,1,0,0,False,,277906,Kane Williamson,Sunrisers Hyderabad,325012,Marcus Stoinis,Delhi Capitals,,,297433,Jonny Bairstow,1,7.97
ipl20,101602,1216532,1st innings,0,22,130/2,0,0,98,16.2,1,0,0,False,,297433,Jonny Bairstow,Sunrisers Hyderabad,325012,Marcus Stoinis,Delhi Capitals,,,277906,Kane Williamson,1,7.95
ipl20,101603,1216532,1st innings,0,21,134/2,0,0,99,16.3,4,0,0,False,,277906,Kane Williamson,Sunrisers Hyderabad,325012,Marcus Stoinis,Delhi Capitals,,,297433,Jonny Bairstow,4,8.12
ipl20,101604,1216532,1st innings,0,20,138/2,0,0,100,16.4,4,0,0,False,,277906,Kane Williamson,Sunrisers Hyderabad,325012,Marcus Stoinis,Delhi Capitals,,,297433,Jonny Bairstow,4,8.28
ipl20,101605,1216532,1st innings,0,19,139/2,0,0,101,16.5,1,0,0,False,,277906,Kane Williamson,Sunrisers Hyderabad,325012,Marcus Stoinis,Delhi Capitals,,,297433,Jonny Bairstow,1,8.25
ipl20,101606,1216532,1st innings,0,18,140/2,0,0,102,16.6,1,0,0,False,,297433,Jonny Bairstow,Sunrisers Hyderabad,325012,Marcus Stoinis,Delhi Capitals,,,277906,Kane Williamson,1,8.23
ipl20,101701,1216532,1st innings,0,17,142/2,0,0,103,17.1,2,0,0,False,,297433,Jonny Bairstow,Sunrisers Hyderabad,550215,Kagiso Rabada,Delhi Capitals,,,277906,Kane Williamson,2,8.27
ipl20,101702,1216532,1st innings,0,16,142/2,0,0,104,17.2,0,0,0,False,,297433,Jonny Bairstow,Sunrisers Hyderabad,550215,Kagiso Rabada,Delhi Capitals,,,277906,Kane Williamson,0,8.19
ipl20,101703,1216532,1st innings,0,15,144/2,0,0,105,17.3,2,0,0,False,,297433,Jonny Bairstow,Sunrisers Hyderabad,550215,Kagiso Rabada,Delhi Capitals,,,277906,Kane Williamson,2,8.22
ipl20,101704,1216532,1st innings,0,14,144/2,0,0,106,17.4,0,0,0,False,,297433,Jonny Bairstow,Sunrisers Hyderabad,550215,Kagiso Rabada,Delhi Capitals,,,277906,Kane Williamson,0,8.15
ipl20,101705,1216532,1st innings,0,13,144/3,0,3,107,17.5,0,0,0,True,caught,297433,Jonny Bairstow,Sunrisers Hyderabad,550215,Kagiso Rabada,Delhi Capitals,297433,Jonny Bairstow,277906,Kane Williamson,0,8.07
ipl20,101706,1216532,1st innings,0,12,145/3,0,0,108,17.6,1,0,0,False,,277906,Kane Williamson,Sunrisers Hyderabad,550215,Kagiso Rabada,Delhi Capitals,,,1175485,Abdul Samad,1,8.05
ipl20,101801,1216532,1st innings,0,11,146/3,0,0,109,18.1,1,0,0,False,,277906,Kane Williamson,Sunrisers Hyderabad,481979,Anrich Nortje,Delhi Capitals,,,1175485,Abdul Samad,1,8.03
ipl20,101802,1216532,1st innings,0,10,147/3,0,0,110,18.2,1,0,0,False,,1175485,Abdul Samad,Sunrisers Hyderabad,481979,Anrich Nortje,Delhi Capitals,,,277906,Kane Williamson,1,8.01
ipl20,101803,1216532,1st innings,0,9,148/3,0,0,111,18.3,1,0,0,False,,277906,Kane Williamson,Sunrisers Hyderabad,481979,Anrich Nortje,Delhi Capitals,,,1175485,Abdul Samad,1,8.0
ipl20,101804,1216532,1st innings,0,8,148/3,0,0,112,18.4,0,0,0,False,,1175485,Abdul Samad,Sunrisers Hyderabad,481979,Anrich Nortje,Delhi Capitals,,,277906,Kane Williamson,0,7.92
ipl20,101805,1216532,1st innings,0,7,152/3,0,0,113,18.5,4,0,0,False,,1175485,Abdul Samad,Sunrisers Hyderabad,481979,Anrich Nortje,Delhi Capitals,,,277906,Kane Williamson,4,8.07
ipl20,101806,1216532,1st innings,0,6,158/3,0,0,114,18.6,6,0,0,False,,1175485,Abdul Samad,Sunrisers Hyderabad,481979,Anrich Nortje,Delhi Capitals,,,277906,Kane Williamson,6,8.31
ipl20,101901,1216532,1st innings,0,5,159/3,0,0,115,19.1,1,0,1,False,,277906,Kane Williamson,Sunrisers Hyderabad,550215,Kagiso Rabada,Delhi Capitals,,,1175485,Abdul Samad,1,8.29
ipl20,101902,1216532,1st innings,0,4,159/3,0,0,116,19.2,0,0,0,False,,1175485,Abdul Samad,Sunrisers Hyderabad,550215,Kagiso Rabada,Delhi Capitals,,,277906,Kane Williamson,0,8.22
ipl20,101903,1216532,1st innings,0,3,160/3,0,0,117,19.3,1,0,0,False,,1175485,Abdul Samad,Sunrisers Hyderabad,550215,Kagiso Rabada,Delhi Capitals,,,277906,Kane Williamson,1,8.2
ipl20,101904,1216532,1st innings,0,2,160/4,0,4,118,19.4,0,0,0,True,caught,277906,Kane Williamson,Sunrisers Hyderabad,550215,Kagiso Rabada,Delhi Capitals,277906,Kane Williamson,1175485,Abdul Samad,0,8.13
ipl20,101905,1216532,1st innings,0,1,161/4,0,0,119,19.5,1,0,1,False,,1175485,Abdul Samad,Sunrisers Hyderabad,550215,Kagiso Rabada,Delhi Capitals,,,1070183,Abhishek Sharma,1,8.11
ipl20,101906,1216532,1st innings,0,0,162/4,0,0,120,19.6,1,0,0,False,,1070183,Abhishek Sharma,Sunrisers Hyderabad,550215,Kagiso Rabada,Delhi Capitals,,,1175485,Abdul Samad,1,8.1
ipl20,200001,1216532,2nd innings,163,119,0,0/0,0,1,0.1,0,0,0,False,,1070168,Prithvi Shaw,Delhi Capitals,326016,Bhuvneshwar Kumar,Sunrisers Hyderabad,,,28235,Shikhar Dhawan,0,0.0
ipl20,200002,1216532,2nd innings,163,118,0,0/0,0,2,0.2,0,0,0,False,,1070168,Prithvi Shaw,Delhi Capitals,326016,Bhuvneshwar Kumar,Sunrisers Hyderabad,,,28235,Shikhar Dhawan,0,0.0
ipl20,200003,1216532,2nd innings,163,117,0,0/0,0,3,0.3,0,0,0,False,,1070168,Prithvi Shaw,Delhi Capitals,326016,Bhuvneshwar Kumar,Sunrisers Hyderabad,,,28235,Shikhar Dhawan,0,0.0
ipl20,200004,1216532,2nd innings,163,116,0,2/0,0,4,0.4,2,0,0,False,,1070168,Prithvi Shaw,Delhi Capitals,326016,Bhuvneshwar Kumar,Sunrisers Hyderabad,,,28235,Shikhar Dhawan,2,3.0
ipl20,200005,1216532,2nd innings,163,115,0,2/1,1,5,0.5,0,0,0,True,caught,1070168,Prithvi Shaw,Delhi Capitals,326016,Bhuvneshwar Kumar,Sunrisers Hyderabad,326016,Bhuvneshwar Kumar,28235,Shikhar Dhawan,0,2.4
ipl20,200006,1216532,2nd innings,163,114,0,2/1,0,6,0.6,0,0,0,False,,642519,Shreyas Iyer,Delhi Capitals,326016,Bhuvneshwar Kumar,Sunrisers Hyderabad,,,28235,Shikhar Dhawan,0,2.0
ipl20,200101,1216532,2nd innings,163,113,0,3/1,0,7,1.1,1,0,0,False,,28235,Shikhar Dhawan,Delhi Capitals,942645,Khaleel Ahmed,Sunrisers Hyderabad,,,642519,Shreyas Iyer,1,2.57
ipl20,200102,1216532,2nd innings,163,112,0,3/1,0,8,1.2,0,0,0,False,,642519,Shreyas Iyer,Delhi Capitals,942645,Khaleel Ahmed,Sunrisers Hyderabad,,,28235,Shikhar Dhawan,0,2.25
ipl20,200103,1216532,2nd innings,163,111,0,4/1,0,9,1.3,1,0,0,False,,642519,Shreyas Iyer,Delhi Capitals,942645,Khaleel Ahmed,Sunrisers Hyderabad,,,28235,Shikhar Dhawan,1,2.66
ipl20,200104,1216532,2nd innings,163,110,0,5/1,0,10,1.4,1,0,0,False,,28235,Shikhar Dhawan,Delhi Capitals,942645,Khaleel Ahmed,Sunrisers Hyderabad,,,642519,Shreyas Iyer,1,3.0
ipl20,200105,1216532,2nd innings,163,109,0,5/1,0,11,1.5,0,0,0,False,,642519,Shreyas Iyer,Delhi Capitals,942645,Khaleel Ahmed,Sunrisers Hyderabad,,,28235,Shikhar Dhawan,0,2.72
ipl20,200106,1216532,2nd innings,163,108,0,5/1,0,12,1.6,0,0,0,False,,642519,Shreyas Iyer,Delhi Capitals,942645,Khaleel Ahmed,Sunrisers Hyderabad,,,28235,Shikhar Dhawan,0,2.5
ipl20,200201,1216532,2nd innings,163,107,0,5/1,0,13,2.1,0,0,0,False,,28235,Shikhar Dhawan,Delhi Capitals,326016,Bhuvneshwar Kumar,Sunrisers Hyderabad,,,642519,Shreyas Iyer,0,2.3
ipl20,200202,1216532,2nd innings,163,106,0,9/1,0,14,2.2,4,0,0,False,,28235,Shikhar Dhawan,Delhi Capitals,326016,Bhuvneshwar Kumar,Sunrisers Hyderabad,,,642519,Shreyas Iyer,4,3.85
ipl20,200203,1216532,2nd innings,163,105,0,9/1,0,15,2.3,0,0,0,False,,28235,Shikhar Dhawan,Delhi Capitals,326016,Bhuvneshwar Kumar,Sunrisers Hyderabad,,,642519,Shreyas Iyer,0,3.6
ipl20,200204,1216532,2nd innings,163,104,0,9/1,0,16,2.4,0,0,0,False,,28235,Shikhar Dhawan,Delhi Capitals,326016,Bhuvneshwar Kumar,Sunrisers Hyderabad,,,642519,Shreyas Iyer,0,3.37
ipl20,200205,1216532,2nd innings,163,103,0,10/1,0,17,2.5,1,0,0,False,,28235,Shikhar Dhawan,Delhi Capitals,326016,Bhuvneshwar Kumar,Sunrisers Hyderabad,,,642519,Shreyas Iyer,1,3.52
ipl20,200206,1216532,2nd innings,163,102,0,10/1,0,18,2.6,0,0,0,False,,642519,Shreyas Iyer,Delhi Capitals,326016,Bhuvneshwar Kumar,Sunrisers Hyderabad,,,28235,Shikhar Dhawan,0,3.33
ipl20,200301,1216532,2nd innings,163,101,0,10/1,0,19,3.1,0,0,0,False,,28235,Shikhar Dhawan,Delhi Capitals,802575,T Natarajan,Sunrisers Hyderabad,,,642519,Shreyas Iyer,0,3.15
ipl20,200302,1216532,2nd innings,163,100,0,10/1,0,20,3.2,0,0,0,False,,28235,Shikhar Dhawan,Delhi Capitals,802575,T Natarajan,Sunrisers Hyderabad,,,642519,Shreyas Iyer,0,3.0
ipl20,200303,1216532,2nd innings,163,99,0,14/1,0,21,3.3,4,0,0,False,,28235,Shikhar Dhawan,Delhi Capitals,802575,T Natarajan,Sunrisers Hyderabad,,,642519,Shreyas Iyer,4,4.0
ipl20,200304,1216532,2nd innings,163,98,0,15/1,0,22,3.4,1,0,0,False,,28235,Shikhar Dhawan,Delhi Capitals,802575,T Natarajan,Sunrisers Hyderabad,,,642519,Shreyas Iyer,1,4.09
ipl20,200305,1216532,2nd innings,163,97,0,15/1,0,23,3.5,0,0,0,False,,642519,Shreyas Iyer,Delhi Capitals,802575,T Natarajan,Sunrisers Hyderabad,,,28235,Shikhar Dhawan,0,3.91
ipl20,200306,1216532,2nd innings,163,96,0,15/1,0,24,3.6,0,0,0,False,,642519,Shreyas Iyer,Delhi Capitals,802575,T Natarajan,Sunrisers Hyderabad,,,28235,Shikhar Dhawan,0,3.75
ipl20,200401,1216532,2nd innings,163,95,0,19/1,0,25,4.1,4,0,0,False,,28235,Shikhar Dhawan,Delhi Capitals,942645,Khaleel Ahmed,Sunrisers Hyderabad,,,642519,Shreyas Iyer,4,4.56
ipl20,200402,1216532,2nd innings,163,94,0,19/1,0,26,4.2,0,0,0,False,,28235,Shikhar Dhawan,Delhi Capitals,942645,Khaleel Ahmed,Sunrisers Hyderabad,,,642519,Shreyas Iyer,0,4.38
ipl20,200403,1216532,2nd innings,163,93,0,20/1,0,27,4.3,1,0,0,False,,28235,Shikhar Dhawan,Delhi Capitals,942645,Khaleel Ahmed,Sunrisers Hyderabad,,,642519,Shreyas Iyer,1,4.44
ipl20,200404,1216532,2nd innings,163,92,0,20/1,0,28,4.4,0,0,0,False,,642519,Shreyas Iyer,Delhi Capitals,942645,Khaleel Ahmed,Sunrisers Hyderabad,,,28235,Shikhar Dhawan,0,4.28
ipl20,200405,1216532,2nd innings,163,91,0,24/1,0,29,4.5,4,0,0,False,,642519,Shreyas Iyer,Delhi Capitals,942645,Khaleel Ahmed,Sunrisers Hyderabad,,,28235,Shikhar Dhawan,4,4.96
ipl20,200406,1216532,2nd innings,163,90,0,27/1,0,30,4.6,3,0,0,False,,642519,Shreyas Iyer,Delhi Capitals,942645,Khaleel Ahmed,Sunrisers Hyderabad,,,28235,Shikhar Dhawan,3,5.4
ipl20,200501,1216532,2nd innings,163,89,0,27/1,0,31,5.1,0,0,0,False,,642519,Shreyas Iyer,Delhi Capitals,802575,T Natarajan,Sunrisers Hyderabad,,,28235,Shikhar Dhawan,0,5.22
ipl20,200502,1216532,2nd innings,163,88,0,31/1,0,32,5.2,4,0,0,False,,642519,Shreyas Iyer,Delhi Capitals,802575,T Natarajan,Sunrisers Hyderabad,,,28235,Shikhar Dhawan,4,5.81
ipl20,200503,1216532,2nd innings,163,87,0,31/1,0,33,5.3,0,0,0,False,,642519,Shreyas Iyer,Delhi Capitals,802575,T Natarajan,Sunrisers Hyderabad,,,28235,Shikhar Dhawan,0,5.63
ipl20,200504,1216532,2nd innings,163,86,0,32/1,0,34,5.4,1,0,0,False,,642519,Shreyas Iyer,Delhi Capitals,802575,T Natarajan,Sunrisers Hyderabad,,,28235,Shikhar Dhawan,1,5.64
ipl20,200505,1216532,2nd innings,163,85,0,33/1,0,35,5.5,1,0,0,False,,28235,Shikhar Dhawan,Delhi Capitals,802575,T Natarajan,Sunrisers Hyderabad,,,642519,Shreyas Iyer,1,5.65
ipl20,200506,1216532,2nd innings,163,84,0,34/1,0,36,5.6,1,0,0,False,,642519,Shreyas Iyer,Delhi Capitals,802575,T Natarajan,Sunrisers Hyderabad,,,28235,Shikhar Dhawan,1,5.66
ipl20,200601,1216532,2nd innings,163,83,0,35/1,0,37,6.1,1,0,0,False,,642519,Shreyas Iyer,Delhi Capitals,1070183,Abhishek Sharma,Sunrisers Hyderabad,,,28235,Shikhar Dhawan,1,5.67
ipl20,200602,1216532,2nd innings,163,82,0,36/1,0,38,6.2,1,0,0,False,,28235,Shikhar Dhawan,Delhi Capitals,1070183,Abhishek Sharma,Sunrisers Hyderabad,,,642519,Shreyas Iyer,1,5.68
ipl20,200603,1216532,2nd innings,163,81,0,37/1,0,39,6.3,1,0,0,False,,642519,Shreyas Iyer,Delhi Capitals,1070183,Abhishek Sharma,Sunrisers Hyderabad,,,28235,Shikhar Dhawan,1,5.69
ipl20,200604,1216532,2nd innings,163,80,0,38/1,0,40,6.4,1,0,0,False,,28235,Shikhar Dhawan,Delhi Capitals,1070183,Abhishek Sharma,Sunrisers Hyderabad,,,642519,Shreyas Iyer,1,5.7
ipl20,200605,1216532,2nd innings,163,80,0,40/1,0,40,6.4,2,2,2,False,,642519,Shreyas Iyer,Delhi Capitals,1070183,Abhishek Sharma,Sunrisers Hyderabad,,,28235,Shikhar Dhawan,2,6.0
ipl20,200606,1216532,2nd innings,163,79,0,41/1,0,41,6.5,1,0,0,False,,28235,Shikhar Dhawan,Delhi Capitals,1070183,Abhishek Sharma,Sunrisers Hyderabad,,,642519,Shreyas Iyer,1,6.0
ipl20,200607,1216532,2nd innings,163,78,0,42/1,0,42,6.6,1,0,0,False,,642519,Shreyas Iyer,Delhi Capitals,1070183,Abhishek Sharma,Sunrisers Hyderabad,,,28235,Shikhar Dhawan,1,6.0
ipl20,200701,1216532,2nd innings,163,77,0,42/1,0,43,7.1,0,0,0,False,,642519,Shreyas Iyer,Delhi Capitals,793463,Rashid Khan,Sunrisers Hyderabad,,,28235,Shikhar Dhawan,0,5.86
ipl20,200702,1216532,2nd innings,163,76,0,42/2,2,44,7.2,0,0,0,True,caught,642519,Shreyas Iyer,Delhi Capitals,793463,Rashid Khan,Sunrisers Hyderabad,793463,Rashid Khan,28235,Shikhar Dhawan,0,5.72
ipl20,200703,1216532,2nd innings,163,75,0,43/2,0,45,7.3,1,0,0,False,,28235,Shikhar Dhawan,Delhi Capitals,793463,Rashid Khan,Sunrisers Hyderabad,,,931581,Rishabh Pant,1,5.73
ipl20,200704,1216532,2nd innings,163,74,0,43/2,0,46,7.4,0,0,0,False,,931581,Rishabh Pant,Delhi Capitals,793463,Rashid Khan,Sunrisers Hyderabad,,,28235,Shikhar Dhawan,0,5.6
ipl20,200705,1216532,2nd innings,163,73,0,43/2,0,47,7.5,0,0,0,False,,931581,Rishabh Pant,Delhi Capitals,793463,Rashid Khan,Sunrisers Hyderabad,,,28235,Shikhar Dhawan,0,5.48
ipl20,200706,1216532,2nd innings,163,72,0,43/2,0,48,7.6,0,0,0,False,,931581,Rishabh Pant,Delhi Capitals,793463,Rashid Khan,Sunrisers Hyderabad,,,28235,Shikhar Dhawan,0,5.37
ipl20,200801,1216532,2nd innings,163,71,0,44/2,0,49,8.1,1,0,0,False,,28235,Shikhar Dhawan,Delhi Capitals,1070183,Abhishek Sharma,Sunrisers Hyderabad,,,931581,Rishabh Pant,1,5.38
ipl20,200802,1216532,2nd innings,163,70,0,46/2,0,50,8.2,2,0,0,False,,931581,Rishabh Pant,Delhi Capitals,1070183,Abhishek Sharma,Sunrisers Hyderabad,,,28235,Shikhar Dhawan,2,5.52
ipl20,200803,1216532,2nd innings,163,69,0,46/2,0,51,8.3,0,0,0,False,,931581,Rishabh Pant,Delhi Capitals,1070183,Abhishek Sharma,Sunrisers Hyderabad,,,28235,Shikhar Dhawan,0,5.41
ipl20,200804,1216532,2nd innings,163,68,0,46/2,0,52,8.4,0,0,0,False,,931581,Rishabh Pant,Delhi Capitals,1070183,Abhishek Sharma,Sunrisers Hyderabad,,,28235,Shikhar Dhawan,0,5.3
ipl20,200805,1216532,2nd innings,163,67,0,47/2,0,53,8.5,1,0,0,False,,931581,Rishabh Pant,Delhi Capitals,1070183,Abhishek Sharma,Sunrisers Hyderabad,,,28235,Shikhar Dhawan,1,5.32
ipl20,200806,1216532,2nd innings,163,66,0,48/2,0,54,8.6,1,0,0,False,,28235,Shikhar Dhawan,Delhi Capitals,1070183,Abhishek Sharma,Sunrisers Hyderabad,,,931581,Rishabh Pant,1,5.33
ipl20,200901,1216532,2nd innings,163,65,0,48/2,0,55,9.1,0,0,0,False,,28235,Shikhar Dhawan,Delhi Capitals,793463,Rashid Khan,Sunrisers Hyderabad,,,931581,Rishabh Pant,0,5.23
ipl20,200902,1216532,2nd innings,163,64,0,48/2,0,56,9.2,0,0,0,False,,28235,Shikhar Dhawan,Delhi Capitals,793463,Rashid Khan,Sunrisers Hyderabad,,,931581,Rishabh Pant,0,5.14
ipl20,200903,1216532,2nd innings,163,63,0,52/2,0,57,9.3,4,0,0,False,,28235,Shikhar Dhawan,Delhi Capitals,793463,Rashid Khan,Sunrisers Hyderabad,,,931581,Rishabh Pant,4,5.47
ipl20,200904,1216532,2nd innings,163,62,0,52/2,0,58,9.4,0,0,0,False,,28235,Shikhar Dhawan,Delhi Capitals,793463,Rashid Khan,Sunrisers Hyderabad,,,931581,Rishabh Pant,0,5.37
ipl20,200905,1216532,2nd innings,163,61,0,53/2,0,59,9.5,1,0,0,False,,28235,Shikhar Dhawan,Delhi Capitals,793463,Rashid Khan,Sunrisers Hyderabad,,,931581,Rishabh Pant,1,5.38
ipl20,200906,1216532,2nd innings,163,60,0,54/2,0,60,9.6,1,0,0,False,,931581,Rishabh Pant,Delhi Capitals,793463,Rashid Khan,Sunrisers Hyderabad,,,28235,Shikhar Dhawan,1,5.4
ipl20,201001,1216532,2nd innings,163,59,0,54/2,0,61,10.1,0,0,0,False,,931581,Rishabh Pant,Delhi Capitals,1070183,Abhishek Sharma,Sunrisers Hyderabad,,,28235,Shikhar Dhawan,0,5.31
ipl20,201002,1216532,2nd innings,163,58,0,55/2,0,62,10.2,1,0,0,False,,931581,Rishabh Pant,Delhi Capitals,1070183,Abhishek Sharma,Sunrisers Hyderabad,,,28235,Shikhar Dhawan,1,5.32
ipl20,201003,1216532,2nd innings,163,57,0,57/2,0,63,10.3,2,0,0,False,,28235,Shikhar Dhawan,Delhi Capitals,1070183,Abhishek Sharma,Sunrisers Hyderabad,,,931581,Rishabh Pant,2,5.42
ipl20,201004,1216532,2nd innings,163,56,0,58/2,0,64,10.4,1,0,0,False,,28235,Shikhar Dhawan,Delhi Capitals,1070183,Abhishek Sharma,Sunrisers Hyderabad,,,931581,Rishabh Pant,1,5.43
ipl20,201005,1216532,2nd innings,163,55,0,59/2,0,65,10.5,1,0,0,False,,931581,Rishabh Pant,Delhi Capitals,1070183,Abhishek Sharma,Sunrisers Hyderabad,,,28235,Shikhar Dhawan,1,5.44
ipl20,201006,1216532,2nd innings,163,54,0,60/2,0,66,10.6,1,0,0,False,,28235,Shikhar Dhawan,Delhi Capitals,1070183,Abhishek Sharma,Sunrisers Hyderabad,,,931581,Rishabh Pant,1,5.45
ipl20,201101,1216532,2nd innings,163,53,0,61/2,0,67,11.1,1,0,0,False,,28235,Shikhar Dhawan,Delhi Capitals,793463,Rashid Khan,Sunrisers Hyderabad,,,931581,Rishabh Pant,1,5.46
ipl20,201102,1216532,2nd innings,163,52,0,62/2,0,68,11.2,1,0,0,False,,931581,Rishabh Pant,Delhi Capitals,793463,Rashid Khan,Sunrisers Hyderabad,,,28235,Shikhar Dhawan,1,5.47
ipl20,201103,1216532,2nd innings,163,51,0,62/3,3,69,11.3,0,0,0,True,caught,28235,Shikhar Dhawan,Delhi Capitals,793463,Rashid Khan,Sunrisers Hyderabad,28235,Shikhar Dhawan,931581,Rishabh Pant,0,5.39
ipl20,201104,1216532,2nd innings,163,50,0,63/3,0,70,11.4,1,0,0,False,,670025,Shimron Hetmyer,Delhi Capitals,793463,Rashid Khan,Sunrisers Hyderabad,,,931581,Rishabh Pant,1,5.4
ipl20,201105,1216532,2nd innings,163,49,0,63/3,0,71,11.5,0,0,0,False,,931581,Rishabh Pant,Delhi Capitals,793463,Rashid Khan,Sunrisers Hyderabad,,,670025,Shimron Hetmyer,0,5.32
ipl20,201106,1216532,2nd innings,163,48,0,63/3,0,72,11.6,0,0,0,False,,931581,Rishabh Pant,Delhi Capitals,793463,Rashid Khan,Sunrisers Hyderabad,,,670025,Shimron Hetmyer,0,5.25
ipl20,201201,1216532,2nd innings,163,47,0,64/3,0,73,12.1,1,0,0,False,,670025,Shimron Hetmyer,Delhi Capitals,1070183,Abhishek Sharma,Sunrisers Hyderabad,,,931581,Rishabh Pant,1,5.26
ipl20,201202,1216532,2nd innings,163,46,0,65/3,0,74,12.2,1,0,0,False,,931581,Rishabh Pant,Delhi Capitals,1070183,Abhishek Sharma,Sunrisers Hyderabad,,,670025,Shimron Hetmyer,1,5.27
ipl20,201203,1216532,2nd innings,163,45,0,66/3,0,75,12.3,1,0,0,False,,670025,Shimron Hetmyer,Delhi Capitals,1070183,Abhishek Sharma,Sunrisers Hyderabad,,,931581,Rishabh Pant,1,5.28
ipl20,201204,1216532,2nd innings,163,44,0,66/3,0,76,12.4,0,0,0,False,,931581,Rishabh Pant,Delhi Capitals,1070183,Abhishek Sharma,Sunrisers Hyderabad,,,670025,Shimron Hetmyer,0,5.21
ipl20,201205,1216532,2nd innings,163,43,0,72/3,0,77,12.5,6,0,0,False,,931581,Rishabh Pant,Delhi Capitals,1070183,Abhishek Sharma,Sunrisers Hyderabad,,,670025,Shimron Hetmyer,6,5.61
ipl20,201206,1216532,2nd innings,163,42,0,78/3,0,78,12.6,6,0,0,False,,931581,Rishabh Pant,Delhi Capitals,1070183,Abhishek Sharma,Sunrisers Hyderabad,,,670025,Shimron Hetmyer,6,6.0
ipl20,201301,1216532,2nd innings,163,41,0,79/3,0,79,13.1,1,0,0,False,,670025,Shimron Hetmyer,Delhi Capitals,802575,T Natarajan,Sunrisers Hyderabad,,,931581,Rishabh Pant,1,6.0
ipl20,201302,1216532,2nd innings,163,40,0,83/3,0,80,13.2,4,0,4,False,,931581,Rishabh Pant,Delhi Capitals,802575,T Natarajan,Sunrisers Hyderabad,,,670025,Shimron Hetmyer,4,6.22
ipl20,201303,1216532,2nd innings,163,39,0,84/3,0,81,13.3,1,0,0,False,,931581,Rishabh Pant,Delhi Capitals,802575,T Natarajan,Sunrisers Hyderabad,,,670025,Shimron Hetmyer,1,6.22
ipl20,201304,1216532,2nd innings,163,38,0,85/3,0,82,13.4,1,0,0,False,,670025,Shimron Hetmyer,Delhi Capitals,802575,T Natarajan,Sunrisers Hyderabad,,,931581,Rishabh Pant,1,6.21
ipl20,201305,1216532,2nd innings,163,38,0,86/3,0,82,13.4,1,1,1,False,,931581,Rishabh Pant,Delhi Capitals,802575,T Natarajan,Sunrisers Hyderabad,,,670025,Shimron Hetmyer,1,6.29
ipl20,201306,1216532,2nd innings,163,37,0,87/3,0,83,13.5,1,0,0,False,,931581,Rishabh Pant,Delhi Capitals,802575,T Natarajan,Sunrisers Hyderabad,,,670025,Shimron Hetmyer,1,6.28
ipl20,201307,1216532,2nd innings,163,36,0,88/3,0,84,13.6,1,0,0,False,,670025,Shimron Hetmyer,Delhi Capitals,802575,T Natarajan,Sunrisers Hyderabad,,,931581,Rishabh Pant,1,6.28
ipl20,201401,1216532,2nd innings,163,36,0,89/3,0,84,14.0,1,1,1,False,,670025,Shimron Hetmyer,Delhi Capitals,942645,Khaleel Ahmed,Sunrisers Hyderabad,,,931581,Rishabh Pant,1,6.35
ipl20,201402,1216532,2nd innings,163,35,0,91/3,0,85,14.1,2,0,0,False,,670025,Shimron Hetmyer,Delhi Capitals,942645,Khaleel Ahmed,Sunrisers Hyderabad,,,931581,Rishabh Pant,2,6.42
ipl20,201403,1216532,2nd innings,163,34,0,91/3,0,86,14.2,0,0,0,False,,670025,Shimron Hetmyer,Delhi Capitals,942645,Khaleel Ahmed,Sunrisers Hyderabad,,,931581,Rishabh Pant,0,6.34
ipl20,201404,1216532,2nd innings,163,33,0,97/3,0,87,14.3,6,0,0,False,,670025,Shimron Hetmyer,Delhi Capitals,942645,Khaleel Ahmed,Sunrisers Hyderabad,,,931581,Rishabh Pant,6,6.68
ipl20,201405,1216532,2nd innings,163,32,0,103/3,0,88,14.4,6,0,0,False,,670025,Shimron Hetmyer,Delhi Capitals,942645,Khaleel Ahmed,Sunrisers Hyderabad,,,931581,Rishabh Pant,6,7.02
ipl20,201406,1216532,2nd innings,163,31,0,104/3,0,89,14.5,1,0,0,False,,670025,Shimron Hetmyer,Delhi Capitals,942645,Khaleel Ahmed,Sunrisers Hyderabad,,,931581,Rishabh Pant,1,7.01
ipl20,201407,1216532,2nd innings,163,30,0,104/3,0,90,14.6,0,0,0,False,,931581,Rishabh Pant,Delhi Capitals,942645,Khaleel Ahmed,Sunrisers Hyderabad,,,670025,Shimron Hetmyer,0,6.93
ipl20,201501,1216532,2nd innings,163,29,0,104/4,4,91,15.1,0,0,0,True,caught,670025,Shimron Hetmyer,Delhi Capitals,326016,Bhuvneshwar Kumar,Sunrisers Hyderabad,670025,Shimron Hetmyer,931581,Rishabh Pant,0,6.85
ipl20,201502,1216532,2nd innings,163,28,0,105/4,0,92,15.2,1,0,0,False,,931581,Rishabh Pant,Delhi Capitals,326016,Bhuvneshwar Kumar,Sunrisers Hyderabad,,,325012,Marcus Stoinis,1,6.84
ipl20,201503,1216532,2nd innings,163,27,0,109/4,0,93,15.3,4,0,0,False,,325012,Marcus Stoinis,Delhi Capitals,326016,Bhuvneshwar Kumar,Sunrisers Hyderabad,,,931581,Rishabh Pant,4,7.03
ipl20,201504,1216532,2nd innings,163,26,0,110/4,0,94,15.4,1,0,1,False,,325012,Marcus Stoinis,Delhi Capitals,326016,Bhuvneshwar Kumar,Sunrisers Hyderabad,,,931581,Rishabh Pant,1,7.02
ipl20,201505,1216532,2nd innings,163,25,0,110/4,0,95,15.5,0,0,0,False,,931581,Rishabh Pant,Delhi Capitals,326016,Bhuvneshwar Kumar,Sunrisers Hyderabad,,,325012,Marcus Stoinis,0,6.94
ipl20,201506,1216532,2nd innings,163,24,0,114/4,0,96,15.6,4,0,0,False,,931581,Rishabh Pant,Delhi Capitals,326016,Bhuvneshwar Kumar,Sunrisers Hyderabad,,,325012,Marcus Stoinis,4,7.12
ipl20,201601,1216532,2nd innings,163,23,0,115/4,0,97,16.1,1,0,0,False,,325012,Marcus Stoinis,Delhi Capitals,793463,Rashid Khan,Sunrisers Hyderabad,,,931581,Rishabh Pant,1,7.11
ipl20,201602,1216532,2nd innings,163,22,0,116/4,0,98,16.2,1,0,0,False,,931581,Rishabh Pant,Delhi Capitals,793463,Rashid Khan,Sunrisers Hyderabad,,,325012,Marcus Stoinis,1,7.1
ipl20,201603,1216532,2nd innings,163,21,0,117/4,0,99,16.3,1,0,0,False,,325012,Marcus Stoinis,Delhi Capitals,793463,Rashid Khan,Sunrisers Hyderabad,,,931581,Rishabh Pant,1,7.09
ipl20,201604,1216532,2nd innings,163,20,0,117/5,5,100,16.4,0,0,0,True,caught,931581,Rishabh Pant,Delhi Capitals,793463,Rashid Khan,Sunrisers Hyderabad,931581,Rishabh Pant,325012,Marcus Stoinis,0,7.02
ipl20,201605,1216532,2nd innings,163,19,0,118/5,0,101,16.5,1,0,1,False,,325012,Marcus Stoinis,Delhi Capitals,793463,Rashid Khan,Sunrisers Hyderabad,,,554691,Axar Patel,1,7.0
ipl20,201606,1216532,2nd innings,163,18,0,119/5,0,102,16.6,1,0,0,False,,554691,Axar Patel,Delhi Capitals,793463,Rashid Khan,Sunrisers Hyderabad,,,325012,Marcus Stoinis,1,7.0
ipl20,201701,1216532,2nd innings,163,17,0,120/5,0,103,17.1,1,0,0,False,,554691,Axar Patel,Delhi Capitals,802575,T Natarajan,Sunrisers Hyderabad,,,325012,Marcus Stoinis,1,6.99
ipl20,201702,1216532,2nd innings,163,16,0,122/5,0,104,17.2,2,0,0,False,,325012,Marcus Stoinis,Delhi Capitals,802575,T Natarajan,Sunrisers Hyderabad,,,554691,Axar Patel,2,7.03
ipl20,201703,1216532,2nd innings,163,15,0,123/5,0,105,17.3,1,0,0,False,,325012,Marcus Stoinis,Delhi Capitals,802575,T Natarajan,Sunrisers Hyderabad,,,554691,Axar Patel,1,7.02
ipl20,201704,1216532,2nd innings,163,14,0,124/5,0,106,17.4,1,0,0,False,,554691,Axar Patel,Delhi Capitals,802575,T Natarajan,Sunrisers Hyderabad,,,325012,Marcus Stoinis,1,7.01
ipl20,201705,1216532,2nd innings,163,13,0,126/5,0,107,17.5,2,0,0,False,,325012,Marcus Stoinis,Delhi Capitals,802575,T Natarajan,Sunrisers Hyderabad,,,554691,Axar Patel,2,7.06
ipl20,201706,1216532,2nd innings,163,12,0,126/6,6,108,17.6,0,0,0,True,leg before wicket,325012,Marcus Stoinis,Delhi Capitals,802575,T Natarajan,Sunrisers Hyderabad,325012,Marcus Stoinis,554691,Axar Patel,0,7.0
ipl20,201801,1216532,2nd innings,163,11,0,127/6,0,109,18.1,1,0,0,False,,554691,Axar Patel,Delhi Capitals,326016,Bhuvneshwar Kumar,Sunrisers Hyderabad,,,550215,Kagiso Rabada,1,6.99
ipl20,201802,1216532,2nd innings,163,10,0,131/6,0,110,18.2,4,0,0,False,,550215,Kagiso Rabada,Delhi Capitals,326016,Bhuvneshwar Kumar,Sunrisers Hyderabad,,,554691,Axar Patel,4,7.14
ipl20,201803,1216532,2nd innings,163,9,0,132/6,0,111,18.3,1,0,0,False,,550215,Kagiso Rabada,Delhi Capitals,326016,Bhuvneshwar Kumar,Sunrisers Hyderabad,,,554691,Axar Patel,1,7.13
ipl20,201804,1216532,2nd innings,163,9,0,133/6,0,111,18.3,1,1,1,False,,554691,Axar Patel,Delhi Capitals,326016,Bhuvneshwar Kumar,Sunrisers Hyderabad,,,550215,Kagiso Rabada,1,7.18
ipl20,201805,1216532,2nd innings,163,8,0,134/6,0,112,18.4,1,0,0,False,,554691,Axar Patel,Delhi Capitals,326016,Bhuvneshwar Kumar,Sunrisers Hyderabad,,,550215,Kagiso Rabada,1,7.17
ipl20,201806,1216532,2nd innings,163,7,0,134/6,0,113,18.5,0,0,0,False,,550215,Kagiso Rabada,Delhi Capitals,326016,Bhuvneshwar Kumar,Sunrisers Hyderabad,,,554691,Axar Patel,0,7.11
ipl20,201807,1216532,2nd innings,163,6,0,135/6,0,114,18.6,1,0,0,False,,550215,Kagiso Rabada,Delhi Capitals,326016,Bhuvneshwar Kumar,Sunrisers Hyderabad,,,554691,Axar Patel,1,7.1
ipl20,201901,1216532,2nd innings,163,5,0,137/6,0,115,19.1,2,0,0,False,,550215,Kagiso Rabada,Delhi Capitals,942645,Khaleel Ahmed,Sunrisers Hyderabad,,,554691,Axar Patel,2,7.14
ipl20,201902,1216532,2nd innings,163,4,0,138/6,0,116,19.2,1,0,0,False,,550215,Kagiso Rabada,Delhi Capitals,942645,Khaleel Ahmed,Sunrisers Hyderabad,,,554691,Axar Patel,1,7.13
ipl20,201903,1216532,2nd innings,163,3,0,138/7,7,117,19.3,0,0,0,True,bowled,554691,Axar Patel,Delhi Capitals,942645,Khaleel Ahmed,Sunrisers Hyderabad,554691,Axar Patel,550215,Kagiso Rabada,0,7.07
ipl20,201904,1216532,2nd innings,163,2,0,138/7,0,118,19.4,0,0,0,False,,481979,Anrich Nortje,Delhi Capitals,942645,Khaleel Ahmed,Sunrisers Hyderabad,,,550215,Kagiso Rabada,0,7.01
ipl20,201905,1216532,2nd innings,163,1,0,141/7,0,119,19.5,3,0,0,False,,481979,Anrich Nortje,Delhi Capitals,942645,Khaleel Ahmed,Sunrisers Hyderabad,,,550215,Kagiso Rabada,3,7.1
ipl20,201906,1216532,2nd innings,163,0,0,147/7,0,120,19.6,6,0,0,False,,550215,Kagiso Rabada,Delhi Capitals,942645,Khaleel Ahmed,Sunrisers Hyderabad,,,481979,Anrich Nortje,6,7.35
