ipl_season,sequence,eventid,innings,target,remainingballs,homescore,awayscore,fallofwickets,ball,over,scorevalue,validball,extras,dismissal,dismissaltype,batsmanid,batsman,batsmanteam,bowlerid,bowler,bowlerteam,otherathleteinvolvedid,otherathleteinvolved,nonstrikerid,nonstriker,runs,runrate
ipl20,100001,1216539,1st innings,0,119,0/0,0,0,1,0.1,0,0,0,False,,1070168,Prithvi Shaw,Delhi Capitals,447261,Deepak Chahar,Chennai Super Kings,,,28235,Shikhar Dhawan,0,0.0
ipl20,100002,1216539,1st innings,0,118,0/0,0,0,2,0.2,0,0,0,False,,1070168,Prithvi Shaw,Delhi Capitals,447261,Deepak Chahar,Chennai Super Kings,,,28235,Shikhar Dhawan,0,0.0
ipl20,100003,1216539,1st innings,0,117,4/0,0,0,3,0.3,4,0,0,False,,1070168,Prithvi Shaw,Delhi Capitals,447261,Deepak Chahar,Chennai Super Kings,,,28235,Shikhar Dhawan,4,8.0
ipl20,100004,1216539,1st innings,0,116,8/0,0,0,4,0.4,4,0,0,False,,1070168,Prithvi Shaw,Delhi Capitals,447261,Deepak Chahar,Chennai Super Kings,,,28235,Shikhar Dhawan,4,12.0
ipl20,100005,1216539,1st innings,0,115,8/0,0,0,5,0.5,0,0,0,False,,1070168,Prithvi Shaw,Delhi Capitals,447261,Deepak Chahar,Chennai Super Kings,,,28235,Shikhar Dhawan,0,9.6
ipl20,100006,1216539,1st innings,0,114,9/0,0,0,6,0.6,1,0,0,False,,1070168,Prithvi Shaw,Delhi Capitals,447261,Deepak Chahar,Chennai Super Kings,,,28235,Shikhar Dhawan,1,9.0
ipl20,100101,1216539,1st innings,0,113,9/0,0,0,7,1.1,0,0,0,False,,1070168,Prithvi Shaw,Delhi Capitals,662973,Sam Curran,Chennai Super Kings,,,28235,Shikhar Dhawan,0,7.71
ipl20,100102,1216539,1st innings,0,112,10/0,0,0,8,1.2,1,0,1,False,,1070168,Prithvi Shaw,Delhi Capitals,662973,Sam Curran,Chennai Super Kings,,,28235,Shikhar Dhawan,1,7.5
ipl20,100103,1216539,1st innings,0,111,10/0,0,0,9,1.3,0,0,0,False,,28235,Shikhar Dhawan,Delhi Capitals,662973,Sam Curran,Chennai Super Kings,,,1070168,Prithvi Shaw,0,6.66
ipl20,100104,1216539,1st innings,0,110,11/0,0,0,10,1.4,1,0,0,False,,28235,Shikhar Dhawan,Delhi Capitals,662973,Sam Curran,Chennai Super Kings,,,1070168,Prithvi Shaw,1,6.6
ipl20,100105,1216539,1st innings,0,109,11/0,0,0,11,1.5,0,0,0,False,,1070168,Prithvi Shaw,Delhi Capitals,662973,Sam Curran,Chennai Super Kings,,,28235,Shikhar Dhawan,0,6.0
ipl20,100106,1216539,1st innings,0,108,11/0,0,0,12,1.6,0,0,0,False,,1070168,Prithvi Shaw,Delhi Capitals,662973,Sam Curran,Chennai Super Kings,,,28235,Shikhar Dhawan,0,5.5
ipl20,100201,1216539,1st innings,0,107,11/0,0,0,13,2.1,0,0,0,False,,28235,Shikhar Dhawan,Delhi Capitals,288284,Josh Hazlewood,Chennai Super Kings,,,1070168,Prithvi Shaw,0,5.07
ipl20,100202,1216539,1st innings,0,106,11/0,0,0,14,2.2,0,0,0,False,,28235,Shikhar Dhawan,Delhi Capitals,288284,Josh Hazlewood,Chennai Super Kings,,,1070168,Prithvi Shaw,0,4.71
ipl20,100203,1216539,1st innings,0,105,12/0,0,0,15,2.3,1,0,0,False,,28235,Shikhar Dhawan,Delhi Capitals,288284,Josh Hazlewood,Chennai Super Kings,,,1070168,Prithvi Shaw,1,4.8
ipl20,100204,1216539,1st innings,0,104,13/0,0,0,16,2.4,1,0,0,False,,1070168,Prithvi Shaw,Delhi Capitals,288284,Josh Hazlewood,Chennai Super Kings,,,28235,Shikhar Dhawan,1,4.87
ipl20,100205,1216539,1st innings,0,103,14/0,0,0,17,2.5,1,0,0,False,,28235,Shikhar Dhawan,Delhi Capitals,288284,Josh Hazlewood,Chennai Super Kings,,,1070168,Prithvi Shaw,1,4.94
ipl20,100206,1216539,1st innings,0,102,15/0,0,0,18,2.6,1,0,0,False,,1070168,Prithvi Shaw,Delhi Capitals,288284,Josh Hazlewood,Chennai Super Kings,,,28235,Shikhar Dhawan,1,5.0
ipl20,100301,1216539,1st innings,0,101,19/0,0,0,19,3.1,4,0,0,False,,1070168,Prithvi Shaw,Delhi Capitals,662973,Sam Curran,Chennai Super Kings,,,28235,Shikhar Dhawan,4,6.0
ipl20,100302,1216539,1st innings,0,100,19/0,0,0,20,3.2,0,0,0,False,,1070168,Prithvi Shaw,Delhi Capitals,662973,Sam Curran,Chennai Super Kings,,,28235,Shikhar Dhawan,0,5.7
ipl20,100303,1216539,1st innings,0,99,19/0,0,0,21,3.3,0,0,0,False,,1070168,Prithvi Shaw,Delhi Capitals,662973,Sam Curran,Chennai Super Kings,,,28235,Shikhar Dhawan,0,5.42
ipl20,100304,1216539,1st innings,0,98,23/0,0,0,22,3.4,4,0,0,False,,1070168,Prithvi Shaw,Delhi Capitals,662973,Sam Curran,Chennai Super Kings,,,28235,Shikhar Dhawan,4,6.27
ipl20,100305,1216539,1st innings,0,98,24/0,0,0,22,3.4,1,1,1,False,,1070168,Prithvi Shaw,Delhi Capitals,662973,Sam Curran,Chennai Super Kings,,,28235,Shikhar Dhawan,1,6.54
ipl20,100306,1216539,1st innings,0,97,26/0,0,0,23,3.5,2,0,0,False,,1070168,Prithvi Shaw,Delhi Capitals,662973,Sam Curran,Chennai Super Kings,,,28235,Shikhar Dhawan,2,6.78
ipl20,100307,1216539,1st innings,0,96,27/0,0,0,24,3.6,1,0,0,False,,1070168,Prithvi Shaw,Delhi Capitals,662973,Sam Curran,Chennai Super Kings,,,28235,Shikhar Dhawan,1,6.75
ipl20,100401,1216539,1st innings,0,95,27/0,0,0,25,4.1,0,0,0,False,,1070168,Prithvi Shaw,Delhi Capitals,288284,Josh Hazlewood,Chennai Super Kings,,,28235,Shikhar Dhawan,0,6.48
ipl20,100402,1216539,1st innings,0,94,29/0,0,0,26,4.2,2,0,0,False,,1070168,Prithvi Shaw,Delhi Capitals,288284,Josh Hazlewood,Chennai Super Kings,,,28235,Shikhar Dhawan,2,6.69
ipl20,100403,1216539,1st innings,0,93,30/0,0,0,27,4.3,1,0,0,False,,1070168,Prithvi Shaw,Delhi Capitals,288284,Josh Hazlewood,Chennai Super Kings,,,28235,Shikhar Dhawan,1,6.66
ipl20,100404,1216539,1st innings,0,92,30/0,0,0,28,4.4,0,0,0,False,,28235,Shikhar Dhawan,Delhi Capitals,288284,Josh Hazlewood,Chennai Super Kings,,,1070168,Prithvi Shaw,0,6.42
ipl20,100405,1216539,1st innings,0,91,30/0,0,0,29,4.5,0,0,0,False,,28235,Shikhar Dhawan,Delhi Capitals,288284,Josh Hazlewood,Chennai Super Kings,,,1070168,Prithvi Shaw,0,6.2
ipl20,100406,1216539,1st innings,0,90,30/0,0,0,30,4.6,0,0,0,False,,28235,Shikhar Dhawan,Delhi Capitals,288284,Josh Hazlewood,Chennai Super Kings,,,1070168,Prithvi Shaw,0,6.0
ipl20,100501,1216539,1st innings,0,89,31/0,0,0,31,5.1,1,0,0,False,,1070168,Prithvi Shaw,Delhi Capitals,447261,Deepak Chahar,Chennai Super Kings,,,28235,Shikhar Dhawan,1,6.0
ipl20,100502,1216539,1st innings,0,88,33/0,0,0,32,5.2,2,0,0,False,,28235,Shikhar Dhawan,Delhi Capitals,447261,Deepak Chahar,Chennai Super Kings,,,1070168,Prithvi Shaw,2,6.18
ipl20,100503,1216539,1st innings,0,87,34/0,0,0,33,5.3,1,0,0,False,,28235,Shikhar Dhawan,Delhi Capitals,447261,Deepak Chahar,Chennai Super Kings,,,1070168,Prithvi Shaw,1,6.18
ipl20,100504,1216539,1st innings,0,86,35/0,0,0,34,5.4,1,0,0,False,,1070168,Prithvi Shaw,Delhi Capitals,447261,Deepak Chahar,Chennai Super Kings,,,28235,Shikhar Dhawan,1,6.17
ipl20,100505,1216539,1st innings,0,85,35/0,0,0,35,5.5,0,0,0,False,,28235,Shikhar Dhawan,Delhi Capitals,447261,Deepak Chahar,Chennai Super Kings,,,1070168,Prithvi Shaw,0,6.0
ipl20,100506,1216539,1st innings,0,84,36/0,0,0,36,5.6,1,0,0,False,,28235,Shikhar Dhawan,Delhi Capitals,447261,Deepak Chahar,Chennai Super Kings,,,1070168,Prithvi Shaw,1,6.0
ipl20,100601,1216539,1st innings,0,83,37/0,0,0,37,6.1,1,0,0,False,,28235,Shikhar Dhawan,Delhi Capitals,32966,Piyush Chawla,Chennai Super Kings,,,1070168,Prithvi Shaw,1,6.0
ipl20,100602,1216539,1st innings,0,82,38/0,0,0,38,6.2,1,0,0,False,,1070168,Prithvi Shaw,Delhi Capitals,32966,Piyush Chawla,Chennai Super Kings,,,28235,Shikhar Dhawan,1,6.0
ipl20,100603,1216539,1st innings,0,81,39/0,0,0,39,6.3,1,0,0,False,,28235,Shikhar Dhawan,Delhi Capitals,32966,Piyush Chawla,Chennai Super Kings,,,1070168,Prithvi Shaw,1,6.0
ipl20,100604,1216539,1st innings,0,80,43/0,0,0,40,6.4,4,0,0,False,,1070168,Prithvi Shaw,Delhi Capitals,32966,Piyush Chawla,Chennai Super Kings,,,28235,Shikhar Dhawan,4,6.45
ipl20,100605,1216539,1st innings,0,79,45/0,0,0,41,6.5,2,0,0,False,,1070168,Prithvi Shaw,Delhi Capitals,32966,Piyush Chawla,Chennai Super Kings,,,28235,Shikhar Dhawan,2,6.58
ipl20,100606,1216539,1st innings,0,78,49/0,0,0,42,6.6,4,0,0,False,,1070168,Prithvi Shaw,Delhi Capitals,32966,Piyush Chawla,Chennai Super Kings,,,28235,Shikhar Dhawan,4,7.0
ipl20,100701,1216539,1st innings,0,77,55/0,0,0,43,7.1,6,0,0,False,,28235,Shikhar Dhawan,Delhi Capitals,234675,Ravindra Jadeja,Chennai Super Kings,,,1070168,Prithvi Shaw,6,7.67
ipl20,100702,1216539,1st innings,0,76,56/0,0,0,44,7.2,1,0,0,False,,28235,Shikhar Dhawan,Delhi Capitals,234675,Ravindra Jadeja,Chennai Super Kings,,,1070168,Prithvi Shaw,1,7.63
ipl20,100703,1216539,1st innings,0,75,57/0,0,0,45,7.3,1,0,0,False,,1070168,Prithvi Shaw,Delhi Capitals,234675,Ravindra Jadeja,Chennai Super Kings,,,28235,Shikhar Dhawan,1,7.6
ipl20,100704,1216539,1st innings,0,74,61/0,0,0,46,7.4,4,0,0,False,,28235,Shikhar Dhawan,Delhi Capitals,234675,Ravindra Jadeja,Chennai Super Kings,,,1070168,Prithvi Shaw,4,7.95
ipl20,100705,1216539,1st innings,0,73,62/0,0,0,47,7.5,1,0,0,False,,28235,Shikhar Dhawan,Delhi Capitals,234675,Ravindra Jadeja,Chennai Super Kings,,,1070168,Prithvi Shaw,1,7.91
ipl20,100706,1216539,1st innings,0,72,62/0,0,0,48,7.6,0,0,0,False,,1070168,Prithvi Shaw,Delhi Capitals,234675,Ravindra Jadeja,Chennai Super Kings,,,28235,Shikhar Dhawan,0,7.75
ipl20,100801,1216539,1st innings,0,71,63/0,0,0,49,8.1,1,0,0,False,,28235,Shikhar Dhawan,Delhi Capitals,32966,Piyush Chawla,Chennai Super Kings,,,1070168,Prithvi Shaw,1,7.71
ipl20,100802,1216539,1st innings,0,70,67/0,0,0,50,8.2,4,0,0,False,,1070168,Prithvi Shaw,Delhi Capitals,32966,Piyush Chawla,Chennai Super Kings,,,28235,Shikhar Dhawan,4,8.04
ipl20,100803,1216539,1st innings,0,69,67/0,0,0,51,8.3,0,0,0,False,,1070168,Prithvi Shaw,Delhi Capitals,32966,Piyush Chawla,Chennai Super Kings,,,28235,Shikhar Dhawan,0,7.88
ipl20,100804,1216539,1st innings,0,68,71/0,0,0,52,8.4,4,0,0,False,,1070168,Prithvi Shaw,Delhi Capitals,32966,Piyush Chawla,Chennai Super Kings,,,28235,Shikhar Dhawan,4,8.19
ipl20,100805,1216539,1st innings,0,67,73/0,0,0,53,8.5,2,0,0,False,,1070168,Prithvi Shaw,Delhi Capitals,32966,Piyush Chawla,Chennai Super Kings,,,28235,Shikhar Dhawan,2,8.26
ipl20,100806,1216539,1st innings,0,66,73/0,0,0,54,8.6,0,0,0,False,,1070168,Prithvi Shaw,Delhi Capitals,32966,Piyush Chawla,Chennai Super Kings,,,28235,Shikhar Dhawan,0,8.11
ipl20,100901,1216539,1st innings,0,65,75/0,0,0,55,9.1,2,0,0,False,,28235,Shikhar Dhawan,Delhi Capitals,234675,Ravindra Jadeja,Chennai Super Kings,,,1070168,Prithvi Shaw,2,8.18
ipl20,100902,1216539,1st innings,0,64,76/0,0,0,56,9.2,1,0,0,False,,28235,Shikhar Dhawan,Delhi Capitals,234675,Ravindra Jadeja,Chennai Super Kings,,,1070168,Prithvi Shaw,1,8.14
ipl20,100903,1216539,1st innings,0,63,77/0,0,0,57,9.3,1,0,0,False,,1070168,Prithvi Shaw,Delhi Capitals,234675,Ravindra Jadeja,Chennai Super Kings,,,28235,Shikhar Dhawan,1,8.1
ipl20,100904,1216539,1st innings,0,62,81/0,0,0,58,9.4,4,0,0,False,,28235,Shikhar Dhawan,Delhi Capitals,234675,Ravindra Jadeja,Chennai Super Kings,,,1070168,Prithvi Shaw,4,8.37
ipl20,100905,1216539,1st innings,0,61,82/0,0,0,59,9.5,1,0,0,False,,28235,Shikhar Dhawan,Delhi Capitals,234675,Ravindra Jadeja,Chennai Super Kings,,,1070168,Prithvi Shaw,1,8.33
ipl20,100906,1216539,1st innings,0,60,88/0,0,0,60,9.6,6,0,0,False,,1070168,Prithvi Shaw,Delhi Capitals,234675,Ravindra Jadeja,Chennai Super Kings,,,28235,Shikhar Dhawan,6,8.8
ipl20,101001,1216539,1st innings,0,59,89/0,0,0,61,10.1,1,0,0,False,,28235,Shikhar Dhawan,Delhi Capitals,32966,Piyush Chawla,Chennai Super Kings,,,1070168,Prithvi Shaw,1,8.75
ipl20,101002,1216539,1st innings,0,58,90/0,0,0,62,10.2,1,0,0,False,,1070168,Prithvi Shaw,Delhi Capitals,32966,Piyush Chawla,Chennai Super Kings,,,28235,Shikhar Dhawan,1,8.7
ipl20,101003,1216539,1st innings,0,57,94/0,0,0,63,10.3,4,0,0,False,,28235,Shikhar Dhawan,Delhi Capitals,32966,Piyush Chawla,Chennai Super Kings,,,1070168,Prithvi Shaw,4,8.95
ipl20,101004,1216539,1st innings,0,56,94/1,0,1,64,10.4,0,0,0,True,leg before wicket,28235,Shikhar Dhawan,Delhi Capitals,32966,Piyush Chawla,Chennai Super Kings,32966,Piyush Chawla,1070168,Prithvi Shaw,0,8.81
ipl20,101005,1216539,1st innings,0,55,94/1,0,0,65,10.5,0,0,0,False,,931581,Rishabh Pant,Delhi Capitals,32966,Piyush Chawla,Chennai Super Kings,,,1070168,Prithvi Shaw,0,8.67
ipl20,101006,1216539,1st innings,0,54,94/1,0,0,66,10.6,0,0,0,False,,931581,Rishabh Pant,Delhi Capitals,32966,Piyush Chawla,Chennai Super Kings,,,1070168,Prithvi Shaw,0,8.54
ipl20,101101,1216539,1st innings,0,53,95/1,0,0,67,11.1,1,0,0,False,,1070168,Prithvi Shaw,Delhi Capitals,234675,Ravindra Jadeja,Chennai Super Kings,,,931581,Rishabh Pant,1,8.5
ipl20,101102,1216539,1st innings,0,52,96/1,0,0,68,11.2,1,0,0,False,,931581,Rishabh Pant,Delhi Capitals,234675,Ravindra Jadeja,Chennai Super Kings,,,1070168,Prithvi Shaw,1,8.47
ipl20,101103,1216539,1st innings,0,51,98/1,0,0,69,11.3,2,0,0,False,,1070168,Prithvi Shaw,Delhi Capitals,234675,Ravindra Jadeja,Chennai Super Kings,,,931581,Rishabh Pant,2,8.52
ipl20,101104,1216539,1st innings,0,50,102/1,0,0,70,11.4,4,0,0,False,,1070168,Prithvi Shaw,Delhi Capitals,234675,Ravindra Jadeja,Chennai Super Kings,,,931581,Rishabh Pant,4,8.74
ipl20,101105,1216539,1st innings,0,49,102/1,0,0,71,11.5,0,0,0,False,,1070168,Prithvi Shaw,Delhi Capitals,234675,Ravindra Jadeja,Chennai Super Kings,,,931581,Rishabh Pant,0,8.61
ipl20,101106,1216539,1st innings,0,48,102/1,0,0,72,11.6,0,0,0,False,,1070168,Prithvi Shaw,Delhi Capitals,234675,Ravindra Jadeja,Chennai Super Kings,,,931581,Rishabh Pant,0,8.5
ipl20,101201,1216539,1st innings,0,47,103/1,0,0,73,12.1,1,0,0,False,,931581,Rishabh Pant,Delhi Capitals,32966,Piyush Chawla,Chennai Super Kings,,,1070168,Prithvi Shaw,1,8.46
ipl20,101202,1216539,1st innings,0,46,103/2,0,2,74,12.2,0,0,0,True,stumped,1070168,Prithvi Shaw,Delhi Capitals,32966,Piyush Chawla,Chennai Super Kings,32966,Piyush Chawla,931581,Rishabh Pant,0,8.35
ipl20,101203,1216539,1st innings,0,45,103/2,0,0,75,12.3,0,0,0,False,,642519,Shreyas Iyer,Delhi Capitals,32966,Piyush Chawla,Chennai Super Kings,,,931581,Rishabh Pant,0,8.24
ipl20,101204,1216539,1st innings,0,44,103/2,0,0,76,12.4,0,0,0,False,,642519,Shreyas Iyer,Delhi Capitals,32966,Piyush Chawla,Chennai Super Kings,,,931581,Rishabh Pant,0,8.13
ipl20,101205,1216539,1st innings,0,43,104/2,0,0,77,12.5,1,0,0,False,,642519,Shreyas Iyer,Delhi Capitals,32966,Piyush Chawla,Chennai Super Kings,,,931581,Rishabh Pant,1,8.1
ipl20,101206,1216539,1st innings,0,42,105/2,0,0,78,12.6,1,0,0,False,,931581,Rishabh Pant,Delhi Capitals,32966,Piyush Chawla,Chennai Super Kings,,,642519,Shreyas Iyer,1,8.07
ipl20,101301,1216539,1st innings,0,41,109/2,0,0,79,13.1,4,0,0,False,,931581,Rishabh Pant,Delhi Capitals,234675,Ravindra Jadeja,Chennai Super Kings,,,642519,Shreyas Iyer,4,8.27
ipl20,101302,1216539,1st innings,0,40,110/2,0,0,80,13.2,1,0,0,False,,931581,Rishabh Pant,Delhi Capitals,234675,Ravindra Jadeja,Chennai Super Kings,,,642519,Shreyas Iyer,1,8.25
ipl20,101303,1216539,1st innings,0,39,111/2,0,0,81,13.3,1,0,0,False,,642519,Shreyas Iyer,Delhi Capitals,234675,Ravindra Jadeja,Chennai Super Kings,,,931581,Rishabh Pant,1,8.22
ipl20,101304,1216539,1st innings,0,38,111/2,0,0,82,13.4,0,0,0,False,,931581,Rishabh Pant,Delhi Capitals,234675,Ravindra Jadeja,Chennai Super Kings,,,642519,Shreyas Iyer,0,8.12
ipl20,101305,1216539,1st innings,0,37,112/2,0,0,83,13.5,1,0,0,False,,931581,Rishabh Pant,Delhi Capitals,234675,Ravindra Jadeja,Chennai Super Kings,,,642519,Shreyas Iyer,1,8.09
ipl20,101306,1216539,1st innings,0,36,113/2,0,0,84,13.6,1,0,0,False,,642519,Shreyas Iyer,Delhi Capitals,234675,Ravindra Jadeja,Chennai Super Kings,,,931581,Rishabh Pant,1,8.07
ipl20,101401,1216539,1st innings,0,35,114/2,0,0,85,14.1,1,0,0,False,,642519,Shreyas Iyer,Delhi Capitals,447261,Deepak Chahar,Chennai Super Kings,,,931581,Rishabh Pant,1,8.04
ipl20,101402,1216539,1st innings,0,34,115/2,0,0,86,14.2,1,0,0,False,,931581,Rishabh Pant,Delhi Capitals,447261,Deepak Chahar,Chennai Super Kings,,,642519,Shreyas Iyer,1,8.02
ipl20,101403,1216539,1st innings,0,33,116/2,0,0,87,14.3,1,0,0,False,,642519,Shreyas Iyer,Delhi Capitals,447261,Deepak Chahar,Chennai Super Kings,,,931581,Rishabh Pant,1,8.0
ipl20,101404,1216539,1st innings,0,32,120/2,0,0,88,14.4,4,0,0,False,,931581,Rishabh Pant,Delhi Capitals,447261,Deepak Chahar,Chennai Super Kings,,,642519,Shreyas Iyer,4,8.18
ipl20,101405,1216539,1st innings,0,31,121/2,0,0,89,14.5,1,0,0,False,,931581,Rishabh Pant,Delhi Capitals,447261,Deepak Chahar,Chennai Super Kings,,,642519,Shreyas Iyer,1,8.15
ipl20,101406,1216539,1st innings,0,31,122/2,0,0,89,14.5,1,1,1,False,,642519,Shreyas Iyer,Delhi Capitals,447261,Deepak Chahar,Chennai Super Kings,,,931581,Rishabh Pant,1,8.22
ipl20,101407,1216539,1st innings,0,30,124/2,0,0,90,14.6,2,0,0,False,,642519,Shreyas Iyer,Delhi Capitals,447261,Deepak Chahar,Chennai Super Kings,,,931581,Rishabh Pant,2,8.26
ipl20,101501,1216539,1st innings,0,29,128/2,0,0,91,15.1,4,0,0,False,,931581,Rishabh Pant,Delhi Capitals,662973,Sam Curran,Chennai Super Kings,,,642519,Shreyas Iyer,4,8.43
ipl20,101502,1216539,1st innings,0,28,129/2,0,0,92,15.2,1,0,0,False,,931581,Rishabh Pant,Delhi Capitals,662973,Sam Curran,Chennai Super Kings,,,642519,Shreyas Iyer,1,8.41
ipl20,101503,1216539,1st innings,0,27,131/2,0,0,93,15.3,2,0,0,False,,642519,Shreyas Iyer,Delhi Capitals,662973,Sam Curran,Chennai Super Kings,,,931581,Rishabh Pant,2,8.45
ipl20,101504,1216539,1st innings,0,26,132/2,0,0,94,15.4,1,0,0,False,,642519,Shreyas Iyer,Delhi Capitals,662973,Sam Curran,Chennai Super Kings,,,931581,Rishabh Pant,1,8.42
ipl20,101505,1216539,1st innings,0,25,133/2,0,0,95,15.5,1,0,0,False,,931581,Rishabh Pant,Delhi Capitals,662973,Sam Curran,Chennai Super Kings,,,642519,Shreyas Iyer,1,8.4
ipl20,101506,1216539,1st innings,0,24,134/2,0,0,96,15.6,1,0,0,False,,642519,Shreyas Iyer,Delhi Capitals,662973,Sam Curran,Chennai Super Kings,,,931581,Rishabh Pant,1,8.37
ipl20,101601,1216539,1st innings,0,23,135/2,0,0,97,16.1,1,0,0,False,,642519,Shreyas Iyer,Delhi Capitals,447261,Deepak Chahar,Chennai Super Kings,,,931581,Rishabh Pant,1,8.35
ipl20,101602,1216539,1st innings,0,22,136/2,0,0,98,16.2,1,0,0,False,,931581,Rishabh Pant,Delhi Capitals,447261,Deepak Chahar,Chennai Super Kings,,,642519,Shreyas Iyer,1,8.32
ipl20,101603,1216539,1st innings,0,21,138/2,0,0,99,16.3,2,0,0,False,,642519,Shreyas Iyer,Delhi Capitals,447261,Deepak Chahar,Chennai Super Kings,,,931581,Rishabh Pant,2,8.36
ipl20,101604,1216539,1st innings,0,20,142/2,0,0,100,16.4,4,0,0,False,,642519,Shreyas Iyer,Delhi Capitals,447261,Deepak Chahar,Chennai Super Kings,,,931581,Rishabh Pant,4,8.52
ipl20,101605,1216539,1st innings,0,19,144/2,0,0,101,16.5,2,0,0,False,,642519,Shreyas Iyer,Delhi Capitals,447261,Deepak Chahar,Chennai Super Kings,,,931581,Rishabh Pant,2,8.55
ipl20,101606,1216539,1st innings,0,18,146/2,0,0,102,16.6,2,0,0,False,,642519,Shreyas Iyer,Delhi Capitals,447261,Deepak Chahar,Chennai Super Kings,,,931581,Rishabh Pant,2,8.58
ipl20,101701,1216539,1st innings,0,17,146/2,0,0,103,17.1,0,0,0,False,,931581,Rishabh Pant,Delhi Capitals,288284,Josh Hazlewood,Chennai Super Kings,,,642519,Shreyas Iyer,0,8.5
ipl20,101702,1216539,1st innings,0,17,147/2,0,0,103,17.1,1,1,1,False,,931581,Rishabh Pant,Delhi Capitals,288284,Josh Hazlewood,Chennai Super Kings,,,642519,Shreyas Iyer,1,8.56
ipl20,101703,1216539,1st innings,0,16,151/2,0,0,104,17.2,4,0,0,False,,931581,Rishabh Pant,Delhi Capitals,288284,Josh Hazlewood,Chennai Super Kings,,,642519,Shreyas Iyer,4,8.71
ipl20,101704,1216539,1st innings,0,15,152/2,0,0,105,17.3,1,0,0,False,,931581,Rishabh Pant,Delhi Capitals,288284,Josh Hazlewood,Chennai Super Kings,,,642519,Shreyas Iyer,1,8.68
ipl20,101705,1216539,1st innings,0,14,153/2,0,0,106,17.4,1,0,0,False,,642519,Shreyas Iyer,Delhi Capitals,288284,Josh Hazlewood,Chennai Super Kings,,,931581,Rishabh Pant,1,8.66
ipl20,101706,1216539,1st innings,0,13,157/2,0,0,107,17.5,4,0,0,False,,931581,Rishabh Pant,Delhi Capitals,288284,Josh Hazlewood,Chennai Super Kings,,,642519,Shreyas Iyer,4,8.8
ipl20,101707,1216539,1st innings,0,12,157/2,0,0,108,17.6,0,0,0,False,,931581,Rishabh Pant,Delhi Capitals,288284,Josh Hazlewood,Chennai Super Kings,,,642519,Shreyas Iyer,0,8.72
ipl20,101801,1216539,1st innings,0,11,157/2,0,0,109,18.1,0,0,0,False,,642519,Shreyas Iyer,Delhi Capitals,662973,Sam Curran,Chennai Super Kings,,,931581,Rishabh Pant,0,8.64
ipl20,101802,1216539,1st innings,0,10,157/2,0,0,110,18.2,0,0,0,False,,642519,Shreyas Iyer,Delhi Capitals,662973,Sam Curran,Chennai Super Kings,,,931581,Rishabh Pant,0,8.56
ipl20,101803,1216539,1st innings,0,9,158/2,0,0,111,18.3,1,0,0,False,,642519,Shreyas Iyer,Delhi Capitals,662973,Sam Curran,Chennai Super Kings,,,931581,Rishabh Pant,1,8.54
ipl20,101804,1216539,1st innings,0,8,159/2,0,0,112,18.4,1,0,0,False,,931581,Rishabh Pant,Delhi Capitals,662973,Sam Curran,Chennai Super Kings,,,642519,Shreyas Iyer,1,8.51
ipl20,101805,1216539,1st innings,0,7,161/2,0,0,113,18.5,2,0,0,False,,642519,Shreyas Iyer,Delhi Capitals,662973,Sam Curran,Chennai Super Kings,,,931581,Rishabh Pant,2,8.54
ipl20,101806,1216539,1st innings,0,6,161/3,0,3,114,18.6,0,0,0,True,caught,642519,Shreyas Iyer,Delhi Capitals,662973,Sam Curran,Chennai Super Kings,662973,Sam Curran,931581,Rishabh Pant,0,8.47
ipl20,101901,1216539,1st innings,0,5,161/3,0,0,115,19.1,0,0,0,False,,931581,Rishabh Pant,Delhi Capitals,288284,Josh Hazlewood,Chennai Super Kings,,,325012,Marcus Stoinis,0,8.4
ipl20,101902,1216539,1st innings,0,4,165/3,0,0,116,19.2,4,0,0,False,,931581,Rishabh Pant,Delhi Capitals,288284,Josh Hazlewood,Chennai Super Kings,,,325012,Marcus Stoinis,4,8.53
ipl20,101903,1216539,1st innings,0,3,166/3,0,0,117,19.3,1,0,0,False,,931581,Rishabh Pant,Delhi Capitals,288284,Josh Hazlewood,Chennai Super Kings,,,325012,Marcus Stoinis,1,8.51
ipl20,101904,1216539,1st innings,0,2,170/3,0,0,118,19.4,4,0,0,False,,325012,Marcus Stoinis,Delhi Capitals,288284,Josh Hazlewood,Chennai Super Kings,,,931581,Rishabh Pant,4,8.64
ipl20,101905,1216539,1st innings,0,1,174/3,0,0,119,19.5,4,0,4,False,,325012,Marcus Stoinis,Delhi Capitals,288284,Josh Hazlewood,Chennai Super Kings,,,931581,Rishabh Pant,4,8.77
ipl20,101906,1216539,1st innings,0,0,175/3,0,0,120,19.6,1,0,0,False,,325012,Marcus Stoinis,Delhi Capitals,288284,Josh Hazlewood,Chennai Super Kings,,,931581,Rishabh Pant,1,8.75
ipl20,200001,1216539,2nd innings,176,119,0,0/0,0,1,0.1,0,0,0,False,,237095,Murali Vijay,Chennai Super Kings,550215,Kagiso Rabada,Delhi Capitals,,,8180,Shane Watson,0,0.0
ipl20,200002,1216539,2nd innings,176,118,0,0/0,0,2,0.2,0,0,0,False,,237095,Murali Vijay,Chennai Super Kings,550215,Kagiso Rabada,Delhi Capitals,,,8180,Shane Watson,0,0.0
ipl20,200003,1216539,2nd innings,176,117,0,0/0,0,3,0.3,0,0,0,False,,237095,Murali Vijay,Chennai Super Kings,550215,Kagiso Rabada,Delhi Capitals,,,8180,Shane Watson,0,0.0
ipl20,200004,1216539,2nd innings,176,116,0,0/0,0,4,0.4,0,0,0,False,,237095,Murali Vijay,Chennai Super Kings,550215,Kagiso Rabada,Delhi Capitals,,,8180,Shane Watson,0,0.0
ipl20,200005,1216539,2nd innings,176,115,0,0/0,0,5,0.5,0,0,0,False,,237095,Murali Vijay,Chennai Super Kings,550215,Kagiso Rabada,Delhi Capitals,,,8180,Shane Watson,0,0.0
ipl20,200006,1216539,2nd innings,176,114,0,2/0,0,6,0.6,2,0,0,False,,237095,Murali Vijay,Chennai Super Kings,550215,Kagiso Rabada,Delhi Capitals,,,8180,Shane Watson,2,2.0
ipl20,200101,1216539,2nd innings,176,113,0,2/0,0,7,1.1,0,0,0,False,,8180,Shane Watson,Chennai Super Kings,554691,Axar Patel,Delhi Capitals,,,237095,Murali Vijay,0,1.71
ipl20,200102,1216539,2nd innings,176,112,0,3/0,0,8,1.2,1,0,0,False,,8180,Shane Watson,Chennai Super Kings,554691,Axar Patel,Delhi Capitals,,,237095,Murali Vijay,1,2.25
ipl20,200103,1216539,2nd innings,176,111,0,4/0,0,9,1.3,1,0,0,False,,237095,Murali Vijay,Chennai Super Kings,554691,Axar Patel,Delhi Capitals,,,8180,Shane Watson,1,2.66
ipl20,200104,1216539,2nd innings,176,110,0,4/0,0,10,1.4,0,0,0,False,,8180,Shane Watson,Chennai Super Kings,554691,Axar Patel,Delhi Capitals,,,237095,Murali Vijay,0,2.4
ipl20,200105,1216539,2nd innings,176,109,0,5/0,0,11,1.5,1,0,0,False,,8180,Shane Watson,Chennai Super Kings,554691,Axar Patel,Delhi Capitals,,,237095,Murali Vijay,1,2.72
ipl20,200106,1216539,2nd innings,176,108,0,9/0,0,12,1.6,4,0,0,False,,237095,Murali Vijay,Chennai Super Kings,554691,Axar Patel,Delhi Capitals,,,8180,Shane Watson,4,4.5
ipl20,200201,1216539,2nd innings,176,107,0,9/0,0,13,2.1,0,0,0,False,,8180,Shane Watson,Chennai Super Kings,481979,Anrich Nortje,Delhi Capitals,,,237095,Murali Vijay,0,4.15
ipl20,200202,1216539,2nd innings,176,106,0,9/0,0,14,2.2,0,0,0,False,,8180,Shane Watson,Chennai Super Kings,481979,Anrich Nortje,Delhi Capitals,,,237095,Murali Vijay,0,3.85
ipl20,200203,1216539,2nd innings,176,105,0,9/0,0,15,2.3,0,0,0,False,,8180,Shane Watson,Chennai Super Kings,481979,Anrich Nortje,Delhi Capitals,,,237095,Murali Vijay,0,3.6
ipl20,200204,1216539,2nd innings,176,104,0,9/0,0,16,2.4,0,0,0,False,,8180,Shane Watson,Chennai Super Kings,481979,Anrich Nortje,Delhi Capitals,,,237095,Murali Vijay,0,3.37
ipl20,200205,1216539,2nd innings,176,103,0,9/0,0,17,2.5,0,0,0,False,,8180,Shane Watson,Chennai Super Kings,481979,Anrich Nortje,Delhi Capitals,,,237095,Murali Vijay,0,3.17
ipl20,200206,1216539,2nd innings,176,102,0,10/0,0,18,2.6,1,0,0,False,,8180,Shane Watson,Chennai Super Kings,481979,Anrich Nortje,Delhi Capitals,,,237095,Murali Vijay,1,3.33
ipl20,200301,1216539,2nd innings,176,101,0,14/0,0,19,3.1,4,0,0,False,,8180,Shane Watson,Chennai Super Kings,694211,Avesh Khan,Delhi Capitals,,,237095,Murali Vijay,4,4.42
ipl20,200302,1216539,2nd innings,176,100,0,14/0,0,20,3.2,0,0,0,False,,8180,Shane Watson,Chennai Super Kings,694211,Avesh Khan,Delhi Capitals,,,237095,Murali Vijay,0,4.2
ipl20,200303,1216539,2nd innings,176,99,0,15/0,0,21,3.3,1,0,0,False,,8180,Shane Watson,Chennai Super Kings,694211,Avesh Khan,Delhi Capitals,,,237095,Murali Vijay,1,4.28
ipl20,200304,1216539,2nd innings,176,98,0,16/0,0,22,3.4,1,0,0,False,,237095,Murali Vijay,Chennai Super Kings,694211,Avesh Khan,Delhi Capitals,,,8180,Shane Watson,1,4.36
ipl20,200305,1216539,2nd innings,176,97,0,22/0,0,23,3.5,6,0,0,False,,8180,Shane Watson,Chennai Super Kings,694211,Avesh Khan,Delhi Capitals,,,237095,Murali Vijay,6,5.73
ipl20,200306,1216539,2nd innings,176,96,0,22/0,0,24,3.6,0,0,0,False,,8180,Shane Watson,Chennai Super Kings,694211,Avesh Khan,Delhi Capitals,,,237095,Murali Vijay,0,5.5
ipl20,200401,1216539,2nd innings,176,95,0,23/0,0,25,4.1,1,0,0,False,,237095,Murali Vijay,Chennai Super Kings,554691,Axar Patel,Delhi Capitals,,,8180,Shane Watson,1,5.52
ipl20,200402,1216539,2nd innings,176,94,0,23/1,1,26,4.2,0,0,0,True,caught,8180,Shane Watson,Chennai Super Kings,554691,Axar Patel,Delhi Capitals,8180,Shane Watson,237095,Murali Vijay,0,5.3
ipl20,200403,1216539,2nd innings,176,93,0,24/1,0,27,4.3,1,0,0,False,,44828,Faf du Plessis,Chennai Super Kings,554691,Axar Patel,Delhi Capitals,,,237095,Murali Vijay,1,5.33
ipl20,200404,1216539,2nd innings,176,92,0,25/1,0,28,4.4,1,0,0,False,,237095,Murali Vijay,Chennai Super Kings,554691,Axar Patel,Delhi Capitals,,,44828,Faf du Plessis,1,5.35
ipl20,200405,1216539,2nd innings,176,91,0,26/1,0,29,4.5,1,0,0,False,,44828,Faf du Plessis,Chennai Super Kings,554691,Axar Patel,Delhi Capitals,,,237095,Murali Vijay,1,5.37
ipl20,200406,1216539,2nd innings,176,90,0,26/1,0,30,4.6,0,0,0,False,,237095,Murali Vijay,Chennai Super Kings,554691,Axar Patel,Delhi Capitals,,,44828,Faf du Plessis,0,5.2
ipl20,200501,1216539,2nd innings,176,90,0,27/1,0,30,5.0,1,1,1,False,,44828,Faf du Plessis,Chennai Super Kings,481979,Anrich Nortje,Delhi Capitals,,,237095,Murali Vijay,1,5.4
ipl20,200502,1216539,2nd innings,176,89,0,31/1,0,31,5.1,4,0,0,False,,44828,Faf du Plessis,Chennai Super Kings,481979,Anrich Nortje,Delhi Capitals,,,237095,Murali Vijay,4,6.0
ipl20,200503,1216539,2nd innings,176,88,0,33/1,0,32,5.2,2,0,0,False,,44828,Faf du Plessis,Chennai Super Kings,481979,Anrich Nortje,Delhi Capitals,,,237095,Murali Vijay,2,6.18
ipl20,200504,1216539,2nd innings,176,87,0,34/1,0,33,5.3,1,0,0,False,,44828,Faf du Plessis,Chennai Super Kings,481979,Anrich Nortje,Delhi Capitals,,,237095,Murali Vijay,1,6.18
ipl20,200505,1216539,2nd innings,176,86,0,34/1,0,34,5.4,0,0,0,False,,237095,Murali Vijay,Chennai Super Kings,481979,Anrich Nortje,Delhi Capitals,,,44828,Faf du Plessis,0,6.0
ipl20,200506,1216539,2nd innings,176,85,0,34/1,0,35,5.5,0,0,0,False,,237095,Murali Vijay,Chennai Super Kings,481979,Anrich Nortje,Delhi Capitals,,,44828,Faf du Plessis,0,5.82
ipl20,200507,1216539,2nd innings,176,84,0,34/2,2,36,5.6,0,0,0,True,caught,237095,Murali Vijay,Chennai Super Kings,481979,Anrich Nortje,Delhi Capitals,237095,Murali Vijay,44828,Faf du Plessis,0,5.66
ipl20,200601,1216539,2nd innings,176,83,0,35/2,0,37,6.1,1,0,0,False,,1060380,Ruturaj Gaikwad,Chennai Super Kings,31107,Amit Mishra,Delhi Capitals,,,44828,Faf du Plessis,1,5.67
ipl20,200602,1216539,2nd innings,176,82,0,35/2,0,38,6.2,0,0,0,False,,44828,Faf du Plessis,Chennai Super Kings,31107,Amit Mishra,Delhi Capitals,,,1060380,Ruturaj Gaikwad,0,5.52
ipl20,200603,1216539,2nd innings,176,81,0,36/2,0,39,6.3,1,0,0,False,,44828,Faf du Plessis,Chennai Super Kings,31107,Amit Mishra,Delhi Capitals,,,1060380,Ruturaj Gaikwad,1,5.53
ipl20,200604,1216539,2nd innings,176,80,0,36/2,0,40,6.4,0,0,0,False,,1060380,Ruturaj Gaikwad,Chennai Super Kings,31107,Amit Mishra,Delhi Capitals,,,44828,Faf du Plessis,0,5.4
ipl20,200605,1216539,2nd innings,176,79,0,37/2,0,41,6.5,1,0,0,False,,1060380,Ruturaj Gaikwad,Chennai Super Kings,31107,Amit Mishra,Delhi Capitals,,,44828,Faf du Plessis,1,5.41
ipl20,200606,1216539,2nd innings,176,78,0,37/2,0,42,6.6,0,0,0,False,,44828,Faf du Plessis,Chennai Super Kings,31107,Amit Mishra,Delhi Capitals,,,1060380,Ruturaj Gaikwad,0,5.28
ipl20,200701,1216539,2nd innings,176,77,0,38/2,0,43,7.1,1,0,0,False,,1060380,Ruturaj Gaikwad,Chennai Super Kings,554691,Axar Patel,Delhi Capitals,,,44828,Faf du Plessis,1,5.3
ipl20,200702,1216539,2nd innings,176,76,0,39/2,0,44,7.2,1,0,0,False,,44828,Faf du Plessis,Chennai Super Kings,554691,Axar Patel,Delhi Capitals,,,1060380,Ruturaj Gaikwad,1,5.31
ipl20,200703,1216539,2nd innings,176,75,0,39/2,0,45,7.3,0,0,0,False,,1060380,Ruturaj Gaikwad,Chennai Super Kings,554691,Axar Patel,Delhi Capitals,,,44828,Faf du Plessis,0,5.2
ipl20,200704,1216539,2nd innings,176,74,0,39/2,0,46,7.4,0,0,0,False,,1060380,Ruturaj Gaikwad,Chennai Super Kings,554691,Axar Patel,Delhi Capitals,,,44828,Faf du Plessis,0,5.08
ipl20,200705,1216539,2nd innings,176,73,0,40/2,0,47,7.5,1,0,0,False,,1060380,Ruturaj Gaikwad,Chennai Super Kings,554691,Axar Patel,Delhi Capitals,,,44828,Faf du Plessis,1,5.1
ipl20,200706,1216539,2nd innings,176,72,0,41/2,0,48,7.6,1,0,0,False,,44828,Faf du Plessis,Chennai Super Kings,554691,Axar Patel,Delhi Capitals,,,1060380,Ruturaj Gaikwad,1,5.12
ipl20,200801,1216539,2nd innings,176,71,0,42/2,0,49,8.1,1,0,0,False,,44828,Faf du Plessis,Chennai Super Kings,31107,Amit Mishra,Delhi Capitals,,,1060380,Ruturaj Gaikwad,1,5.14
ipl20,200802,1216539,2nd innings,176,70,0,42/2,0,50,8.2,0,0,0,False,,1060380,Ruturaj Gaikwad,Chennai Super Kings,31107,Amit Mishra,Delhi Capitals,,,44828,Faf du Plessis,0,5.04
ipl20,200803,1216539,2nd innings,176,69,0,43/2,0,51,8.3,1,0,0,False,,1060380,Ruturaj Gaikwad,Chennai Super Kings,31107,Amit Mishra,Delhi Capitals,,,44828,Faf du Plessis,1,5.05
ipl20,200804,1216539,2nd innings,176,68,0,43/2,0,52,8.4,0,0,0,False,,44828,Faf du Plessis,Chennai Super Kings,31107,Amit Mishra,Delhi Capitals,,,1060380,Ruturaj Gaikwad,0,4.96
ipl20,200805,1216539,2nd innings,176,67,0,44/2,0,53,8.5,1,0,0,False,,44828,Faf du Plessis,Chennai Super Kings,31107,Amit Mishra,Delhi Capitals,,,1060380,Ruturaj Gaikwad,1,4.98
ipl20,200806,1216539,2nd innings,176,66,0,44/2,0,54,8.6,0,0,0,False,,1060380,Ruturaj Gaikwad,Chennai Super Kings,31107,Amit Mishra,Delhi Capitals,,,44828,Faf du Plessis,0,4.88
ipl20,200901,1216539,2nd innings,176,65,0,44/3,3,55,9.1,0,0,0,True,run out,44828,Faf du Plessis,Chennai Super Kings,554691,Axar Patel,Delhi Capitals,554691,Axar Patel,1060380,Ruturaj Gaikwad,0,4.8
ipl20,200902,1216539,2nd innings,176,64,0,45/3,0,56,9.2,1,0,0,False,,44828,Faf du Plessis,Chennai Super Kings,554691,Axar Patel,Delhi Capitals,,,290716,Kedar Jadhav,1,4.82
ipl20,200903,1216539,2nd innings,176,63,0,45/3,0,57,9.3,0,0,0,False,,290716,Kedar Jadhav,Chennai Super Kings,554691,Axar Patel,Delhi Capitals,,,44828,Faf du Plessis,0,4.73
ipl20,200904,1216539,2nd innings,176,62,0,45/3,0,58,9.4,0,0,0,False,,290716,Kedar Jadhav,Chennai Super Kings,554691,Axar Patel,Delhi Capitals,,,44828,Faf du Plessis,0,4.65
ipl20,200905,1216539,2nd innings,176,61,0,45/3,0,59,9.5,0,0,0,False,,290716,Kedar Jadhav,Chennai Super Kings,554691,Axar Patel,Delhi Capitals,,,44828,Faf du Plessis,0,4.57
ipl20,200906,1216539,2nd innings,176,60,0,47/3,0,60,9.6,2,0,0,False,,290716,Kedar Jadhav,Chennai Super Kings,554691,Axar Patel,Delhi Capitals,,,44828,Faf du Plessis,2,4.7
ipl20,201001,1216539,2nd innings,176,59,0,48/3,0,61,10.1,1,0,0,False,,44828,Faf du Plessis,Chennai Super Kings,31107,Amit Mishra,Delhi Capitals,,,290716,Kedar Jadhav,1,4.72
ipl20,201002,1216539,2nd innings,176,58,0,49/3,0,62,10.2,1,0,0,False,,290716,Kedar Jadhav,Chennai Super Kings,31107,Amit Mishra,Delhi Capitals,,,44828,Faf du Plessis,1,4.74
ipl20,201003,1216539,2nd innings,176,57,0,50/3,0,63,10.3,1,0,0,False,,44828,Faf du Plessis,Chennai Super Kings,31107,Amit Mishra,Delhi Capitals,,,290716,Kedar Jadhav,1,4.76
ipl20,201004,1216539,2nd innings,176,56,0,51/3,0,64,10.4,1,0,0,False,,290716,Kedar Jadhav,Chennai Super Kings,31107,Amit Mishra,Delhi Capitals,,,44828,Faf du Plessis,1,4.78
ipl20,201005,1216539,2nd innings,176,55,0,52/3,0,65,10.5,1,0,0,False,,44828,Faf du Plessis,Chennai Super Kings,31107,Amit Mishra,Delhi Capitals,,,290716,Kedar Jadhav,1,4.8
ipl20,201006,1216539,2nd innings,176,54,0,53/3,0,66,10.6,1,0,0,False,,290716,Kedar Jadhav,Chennai Super Kings,31107,Amit Mishra,Delhi Capitals,,,44828,Faf du Plessis,1,4.81
ipl20,201101,1216539,2nd innings,176,53,0,54/3,0,67,11.1,1,0,0,False,,290716,Kedar Jadhav,Chennai Super Kings,694211,Avesh Khan,Delhi Capitals,,,44828,Faf du Plessis,1,4.83
ipl20,201102,1216539,2nd innings,176,52,0,54/3,0,68,11.2,0,0,0,False,,44828,Faf du Plessis,Chennai Super Kings,694211,Avesh Khan,Delhi Capitals,,,290716,Kedar Jadhav,0,4.76
ipl20,201103,1216539,2nd innings,176,51,0,58/3,0,69,11.3,4,0,0,False,,44828,Faf du Plessis,Chennai Super Kings,694211,Avesh Khan,Delhi Capitals,,,290716,Kedar Jadhav,4,5.04
ipl20,201104,1216539,2nd innings,176,50,0,59/3,0,70,11.4,1,0,0,False,,44828,Faf du Plessis,Chennai Super Kings,694211,Avesh Khan,Delhi Capitals,,,290716,Kedar Jadhav,1,5.05
ipl20,201105,1216539,2nd innings,176,49,0,59/3,0,71,11.5,0,0,0,False,,290716,Kedar Jadhav,Chennai Super Kings,694211,Avesh Khan,Delhi Capitals,,,44828,Faf du Plessis,0,4.98
ipl20,201106,1216539,2nd innings,176,48,0,60/3,0,72,11.6,1,0,0,False,,290716,Kedar Jadhav,Chennai Super Kings,694211,Avesh Khan,Delhi Capitals,,,44828,Faf du Plessis,1,5.0
ipl20,201201,1216539,2nd innings,176,47,0,61/3,0,73,12.1,1,0,0,False,,290716,Kedar Jadhav,Chennai Super Kings,31107,Amit Mishra,Delhi Capitals,,,44828,Faf du Plessis,1,5.01
ipl20,201202,1216539,2nd innings,176,46,0,65/3,0,74,12.2,4,0,0,False,,44828,Faf du Plessis,Chennai Super Kings,31107,Amit Mishra,Delhi Capitals,,,290716,Kedar Jadhav,4,5.27
ipl20,201203,1216539,2nd innings,176,45,0,67/3,0,75,12.3,2,0,0,False,,44828,Faf du Plessis,Chennai Super Kings,31107,Amit Mishra,Delhi Capitals,,,290716,Kedar Jadhav,2,5.36
ipl20,201204,1216539,2nd innings,176,44,0,68/3,0,76,12.4,1,0,0,False,,44828,Faf du Plessis,Chennai Super Kings,31107,Amit Mishra,Delhi Capitals,,,290716,Kedar Jadhav,1,5.36
ipl20,201205,1216539,2nd innings,176,43,0,69/3,0,77,12.5,1,0,0,False,,290716,Kedar Jadhav,Chennai Super Kings,31107,Amit Mishra,Delhi Capitals,,,44828,Faf du Plessis,1,5.37
ipl20,201206,1216539,2nd innings,176,42,0,71/3,0,78,12.6,2,0,0,False,,44828,Faf du Plessis,Chennai Super Kings,31107,Amit Mishra,Delhi Capitals,,,290716,Kedar Jadhav,2,5.46
ipl20,201301,1216539,2nd innings,176,41,0,75/3,0,79,13.1,4,0,0,False,,290716,Kedar Jadhav,Chennai Super Kings,694211,Avesh Khan,Delhi Capitals,,,44828,Faf du Plessis,4,5.69
ipl20,201302,1216539,2nd innings,176,40,0,75/3,0,80,13.2,0,0,0,False,,290716,Kedar Jadhav,Chennai Super Kings,694211,Avesh Khan,Delhi Capitals,,,44828,Faf du Plessis,0,5.62
ipl20,201303,1216539,2nd innings,176,39,0,79/3,0,81,13.3,4,0,0,False,,290716,Kedar Jadhav,Chennai Super Kings,694211,Avesh Khan,Delhi Capitals,,,44828,Faf du Plessis,4,5.85
ipl20,201304,1216539,2nd innings,176,38,0,81/3,0,82,13.4,2,0,0,False,,290716,Kedar Jadhav,Chennai Super Kings,694211,Avesh Khan,Delhi Capitals,,,44828,Faf du Plessis,2,5.92
ipl20,201305,1216539,2nd innings,176,38,0,82/3,0,82,13.4,1,1,1,False,,290716,Kedar Jadhav,Chennai Super Kings,694211,Avesh Khan,Delhi Capitals,,,44828,Faf du Plessis,1,6.0
ipl20,201306,1216539,2nd innings,176,37,0,83/3,0,83,13.5,1,0,0,False,,290716,Kedar Jadhav,Chennai Super Kings,694211,Avesh Khan,Delhi Capitals,,,44828,Faf du Plessis,1,6.0
ipl20,201307,1216539,2nd innings,176,36,0,84/3,0,84,13.6,1,0,0,False,,44828,Faf du Plessis,Chennai Super Kings,694211,Avesh Khan,Delhi Capitals,,,290716,Kedar Jadhav,1,6.0
ipl20,201401,1216539,2nd innings,176,35,0,88/3,0,85,14.1,4,0,0,False,,44828,Faf du Plessis,Chennai Super Kings,550215,Kagiso Rabada,Delhi Capitals,,,290716,Kedar Jadhav,4,6.21
ipl20,201402,1216539,2nd innings,176,34,0,89/3,0,86,14.2,1,0,1,False,,44828,Faf du Plessis,Chennai Super Kings,550215,Kagiso Rabada,Delhi Capitals,,,290716,Kedar Jadhav,1,6.2
ipl20,201403,1216539,2nd innings,176,33,0,93/3,0,87,14.3,4,0,0,False,,290716,Kedar Jadhav,Chennai Super Kings,550215,Kagiso Rabada,Delhi Capitals,,,44828,Faf du Plessis,4,6.41
ipl20,201404,1216539,2nd innings,176,32,0,94/3,0,88,14.4,1,0,0,False,,290716,Kedar Jadhav,Chennai Super Kings,550215,Kagiso Rabada,Delhi Capitals,,,44828,Faf du Plessis,1,6.4
ipl20,201405,1216539,2nd innings,176,31,0,94/3,0,89,14.5,0,0,0,False,,44828,Faf du Plessis,Chennai Super Kings,550215,Kagiso Rabada,Delhi Capitals,,,290716,Kedar Jadhav,0,6.33
ipl20,201406,1216539,2nd innings,176,30,0,95/3,0,90,14.6,1,0,0,False,,44828,Faf du Plessis,Chennai Super Kings,550215,Kagiso Rabada,Delhi Capitals,,,290716,Kedar Jadhav,1,6.33
ipl20,201501,1216539,2nd innings,176,29,0,96/3,0,91,15.1,1,0,0,False,,44828,Faf du Plessis,Chennai Super Kings,481979,Anrich Nortje,Delhi Capitals,,,290716,Kedar Jadhav,1,6.32
ipl20,201502,1216539,2nd innings,176,28,0,97/3,0,92,15.2,1,0,0,False,,290716,Kedar Jadhav,Chennai Super Kings,481979,Anrich Nortje,Delhi Capitals,,,44828,Faf du Plessis,1,6.32
ipl20,201503,1216539,2nd innings,176,27,0,98/3,0,93,15.3,1,0,0,False,,44828,Faf du Plessis,Chennai Super Kings,481979,Anrich Nortje,Delhi Capitals,,,290716,Kedar Jadhav,1,6.32
ipl20,201504,1216539,2nd innings,176,26,0,98/4,4,94,15.4,0,0,0,True,leg before wicket,290716,Kedar Jadhav,Chennai Super Kings,481979,Anrich Nortje,Delhi Capitals,290716,Kedar Jadhav,44828,Faf du Plessis,0,6.25
ipl20,201505,1216539,2nd innings,176,25,0,98/4,0,95,15.5,0,0,0,False,,28081,MS Dhoni,Chennai Super Kings,481979,Anrich Nortje,Delhi Capitals,,,44828,Faf du Plessis,0,6.18
ipl20,201506,1216539,2nd innings,176,24,0,101/4,0,96,15.6,3,0,0,False,,28081,MS Dhoni,Chennai Super Kings,481979,Anrich Nortje,Delhi Capitals,,,44828,Faf du Plessis,3,6.31
ipl20,201601,1216539,2nd innings,176,23,0,105/4,0,97,16.1,4,0,0,False,,28081,MS Dhoni,Chennai Super Kings,694211,Avesh Khan,Delhi Capitals,,,44828,Faf du Plessis,4,6.49
ipl20,201602,1216539,2nd innings,176,22,0,105/4,0,98,16.2,0,0,0,False,,28081,MS Dhoni,Chennai Super Kings,694211,Avesh Khan,Delhi Capitals,,,44828,Faf du Plessis,0,6.42
ipl20,201603,1216539,2nd innings,176,21,0,105/4,0,99,16.3,0,0,0,False,,28081,MS Dhoni,Chennai Super Kings,694211,Avesh Khan,Delhi Capitals,,,44828,Faf du Plessis,0,6.36
ipl20,201604,1216539,2nd innings,176,20,0,109/4,0,100,16.4,4,0,0,False,,28081,MS Dhoni,Chennai Super Kings,694211,Avesh Khan,Delhi Capitals,,,44828,Faf du Plessis,4,6.54
ipl20,201605,1216539,2nd innings,176,19,0,110/4,0,101,16.5,1,0,0,False,,28081,MS Dhoni,Chennai Super Kings,694211,Avesh Khan,Delhi Capitals,,,44828,Faf du Plessis,1,6.53
ipl20,201606,1216539,2nd innings,176,18,0,111/4,0,102,16.6,1,0,0,False,,44828,Faf du Plessis,Chennai Super Kings,694211,Avesh Khan,Delhi Capitals,,,28081,MS Dhoni,1,6.52
ipl20,201701,1216539,2nd innings,176,17,0,113/4,0,103,17.1,2,0,0,False,,44828,Faf du Plessis,Chennai Super Kings,550215,Kagiso Rabada,Delhi Capitals,,,28081,MS Dhoni,2,6.58
ipl20,201702,1216539,2nd innings,176,16,0,113/5,5,104,17.2,0,0,0,True,caught,44828,Faf du Plessis,Chennai Super Kings,550215,Kagiso Rabada,Delhi Capitals,44828,Faf du Plessis,28081,MS Dhoni,0,6.51
ipl20,201703,1216539,2nd innings,176,15,0,115/5,0,105,17.3,2,0,0,False,,234675,Ravindra Jadeja,Chennai Super Kings,550215,Kagiso Rabada,Delhi Capitals,,,28081,MS Dhoni,2,6.57
ipl20,201704,1216539,2nd innings,176,14,0,119/5,0,106,17.4,4,0,0,False,,234675,Ravindra Jadeja,Chennai Super Kings,550215,Kagiso Rabada,Delhi Capitals,,,28081,MS Dhoni,4,6.73
ipl20,201705,1216539,2nd innings,176,13,0,120/5,0,107,17.5,1,0,0,False,,234675,Ravindra Jadeja,Chennai Super Kings,550215,Kagiso Rabada,Delhi Capitals,,,28081,MS Dhoni,1,6.72
ipl20,201706,1216539,2nd innings,176,12,0,121/5,0,108,17.6,1,0,0,False,,28081,MS Dhoni,Chennai Super Kings,550215,Kagiso Rabada,Delhi Capitals,,,234675,Ravindra Jadeja,1,6.72
ipl20,201801,1216539,2nd innings,176,11,0,122/5,0,109,18.1,1,0,0,False,,28081,MS Dhoni,Chennai Super Kings,481979,Anrich Nortje,Delhi Capitals,,,234675,Ravindra Jadeja,1,6.71
ipl20,201802,1216539,2nd innings,176,10,0,123/5,0,110,18.2,1,0,0,False,,234675,Ravindra Jadeja,Chennai Super Kings,481979,Anrich Nortje,Delhi Capitals,,,28081,MS Dhoni,1,6.7
ipl20,201803,1216539,2nd innings,176,9,0,123/5,0,111,18.3,0,0,0,False,,28081,MS Dhoni,Chennai Super Kings,481979,Anrich Nortje,Delhi Capitals,,,234675,Ravindra Jadeja,0,6.64
ipl20,201804,1216539,2nd innings,176,8,0,124/5,0,112,18.4,1,0,0,False,,28081,MS Dhoni,Chennai Super Kings,481979,Anrich Nortje,Delhi Capitals,,,234675,Ravindra Jadeja,1,6.64
ipl20,201805,1216539,2nd innings,176,8,0,125/5,0,112,18.4,1,1,1,False,,234675,Ravindra Jadeja,Chennai Super Kings,481979,Anrich Nortje,Delhi Capitals,,,28081,MS Dhoni,1,6.69
ipl20,201806,1216539,2nd innings,176,8,0,126/5,0,112,18.4,1,1,1,False,,234675,Ravindra Jadeja,Chennai Super Kings,481979,Anrich Nortje,Delhi Capitals,,,28081,MS Dhoni,1,6.75
ipl20,201807,1216539,2nd innings,176,7,0,126/5,0,113,18.5,0,0,0,False,,234675,Ravindra Jadeja,Chennai Super Kings,481979,Anrich Nortje,Delhi Capitals,,,28081,MS Dhoni,0,6.69
ipl20,201808,1216539,2nd innings,176,6,0,127/5,0,114,18.6,1,0,0,False,,234675,Ravindra Jadeja,Chennai Super Kings,481979,Anrich Nortje,Delhi Capitals,,,28081,MS Dhoni,1,6.68
ipl20,201901,1216539,2nd innings,176,5,0,129/5,0,115,19.1,2,0,0,False,,234675,Ravindra Jadeja,Chennai Super Kings,550215,Kagiso Rabada,Delhi Capitals,,,28081,MS Dhoni,2,6.73
ipl20,201902,1216539,2nd innings,176,4,0,130/5,0,116,19.2,1,0,0,False,,234675,Ravindra Jadeja,Chennai Super Kings,550215,Kagiso Rabada,Delhi Capitals,,,28081,MS Dhoni,1,6.72
ipl20,201903,1216539,2nd innings,176,3,0,130/6,6,117,19.3,0,0,0,True,caught,28081,MS Dhoni,Chennai Super Kings,550215,Kagiso Rabada,Delhi Capitals,28081,MS Dhoni,234675,Ravindra Jadeja,0,6.66
ipl20,201904,1216539,2nd innings,176,2,0,130/6,0,118,19.4,0,0,0,False,,662973,Sam Curran,Chennai Super Kings,550215,Kagiso Rabada,Delhi Capitals,,,234675,Ravindra Jadeja,0,6.61
ipl20,201905,1216539,2nd innings,176,1,0,131/6,0,119,19.5,1,0,0,False,,662973,Sam Curran,Chennai Super Kings,550215,Kagiso Rabada,Delhi Capitals,,,234675,Ravindra Jadeja,1,6.6
ipl20,201906,1216539,2nd innings,176,0,0,131/7,7,120,19.6,0,0,0,True,caught,234675,Ravindra Jadeja,Chennai Super Kings,550215,Kagiso Rabada,Delhi Capitals,16000,Richard Kenward,662973,Sam Curran,0,6.55
