ipl_season,sequence,eventid,innings,target,remainingballs,homescore,awayscore,fallofwickets,ball,over,scorevalue,validball,extras,dismissal,dismissaltype,batsmanid,batsman,batsmanteam,bowlerid,bowler,bowlerteam,otherathleteinvolvedid,otherathleteinvolved,nonstrikerid,nonstriker,runs,runrate
ipl20,100001,1216542,1st innings,0,119,0/0,0,0,1,0.1,0,0,0,False,,219889,David Warner,Sunrisers Hyderabad,495551,Sheldon Cottrell,Kings XI Punjab,,,297433,Jonny Bairstow,0,0.0
ipl20,100002,1216542,1st innings,0,118,0/0,0,0,2,0.2,0,0,0,False,,219889,David Warner,Sunrisers Hyderabad,495551,Sheldon Cottrell,Kings XI Punjab,,,297433,Jonny Bairstow,0,0.0
ipl20,100003,1216542,1st innings,0,117,0/0,0,0,3,0.3,0,0,0,False,,219889,David Warner,Sunrisers Hyderabad,495551,Sheldon Cottrell,Kings XI Punjab,,,297433,Jonny Bairstow,0,0.0
ipl20,100004,1216542,1st innings,0,117,5/0,0,0,3,0.3,5,5,5,False,,219889,David Warner,Sunrisers Hyderabad,495551,Sheldon Cottrell,Kings XI Punjab,,,297433,Jonny Bairstow,5,10.0
ipl20,100005,1216542,1st innings,0,116,5/0,0,0,4,0.4,0,0,0,False,,219889,David Warner,Sunrisers Hyderabad,495551,Sheldon Cottrell,Kings XI Punjab,,,297433,Jonny Bairstow,0,7.5
ipl20,100006,1216542,1st innings,0,115,9/0,0,0,5,0.5,4,0,0,False,,219889,David Warner,Sunrisers Hyderabad,495551,Sheldon Cottrell,Kings XI Punjab,,,297433,Jonny Bairstow,4,10.8
ipl20,100007,1216542,1st innings,0,114,13/0,0,0,6,0.6,4,0,0,False,,219889,David Warner,Sunrisers Hyderabad,495551,Sheldon Cottrell,Kings XI Punjab,,,297433,Jonny Bairstow,4,13.0
ipl20,100101,1216542,1st innings,0,113,13/0,0,0,7,1.1,0,0,0,False,,297433,Jonny Bairstow,Sunrisers Hyderabad,974109,Mujeeb Ur Rahman,Kings XI Punjab,,,219889,David Warner,0,11.14
ipl20,100102,1216542,1st innings,0,112,17/0,0,0,8,1.2,4,0,0,False,,297433,Jonny Bairstow,Sunrisers Hyderabad,974109,Mujeeb Ur Rahman,Kings XI Punjab,,,219889,David Warner,4,12.75
ipl20,100103,1216542,1st innings,0,111,17/0,0,0,9,1.3,0,0,0,False,,297433,Jonny Bairstow,Sunrisers Hyderabad,974109,Mujeeb Ur Rahman,Kings XI Punjab,,,219889,David Warner,0,11.33
ipl20,100104,1216542,1st innings,0,110,18/0,0,0,10,1.4,1,0,0,False,,297433,Jonny Bairstow,Sunrisers Hyderabad,974109,Mujeeb Ur Rahman,Kings XI Punjab,,,219889,David Warner,1,10.8
ipl20,100105,1216542,1st innings,0,109,19/0,0,0,11,1.5,1,0,0,False,,219889,David Warner,Sunrisers Hyderabad,974109,Mujeeb Ur Rahman,Kings XI Punjab,,,297433,Jonny Bairstow,1,10.36
ipl20,100106,1216542,1st innings,0,108,19/0,0,0,12,1.6,0,0,0,False,,297433,Jonny Bairstow,Sunrisers Hyderabad,974109,Mujeeb Ur Rahman,Kings XI Punjab,,,219889,David Warner,0,9.5
ipl20,100201,1216542,1st innings,0,107,20/0,0,0,13,2.1,1,0,0,False,,219889,David Warner,Sunrisers Hyderabad,481896,Mohammed Shami,Kings XI Punjab,,,297433,Jonny Bairstow,1,9.23
ipl20,100202,1216542,1st innings,0,106,21/0,0,0,14,2.2,1,0,0,False,,297433,Jonny Bairstow,Sunrisers Hyderabad,481896,Mohammed Shami,Kings XI Punjab,,,219889,David Warner,1,9.0
ipl20,100203,1216542,1st innings,0,105,21/0,0,0,15,2.3,0,0,0,False,,219889,David Warner,Sunrisers Hyderabad,481896,Mohammed Shami,Kings XI Punjab,,,297433,Jonny Bairstow,0,8.4
ipl20,100204,1216542,1st innings,0,104,25/0,0,0,16,2.4,4,0,0,False,,219889,David Warner,Sunrisers Hyderabad,481896,Mohammed Shami,Kings XI Punjab,,,297433,Jonny Bairstow,4,9.37
ipl20,100205,1216542,1st innings,0,103,26/0,0,0,17,2.5,1,0,0,False,,219889,David Warner,Sunrisers Hyderabad,481896,Mohammed Shami,Kings XI Punjab,,,297433,Jonny Bairstow,1,9.17
ipl20,100206,1216542,1st innings,0,102,26/0,0,0,18,2.6,0,0,0,False,,297433,Jonny Bairstow,Sunrisers Hyderabad,481896,Mohammed Shami,Kings XI Punjab,,,219889,David Warner,0,8.66
ipl20,100301,1216542,1st innings,0,102,27/0,0,0,18,3.0,1,1,1,False,,219889,David Warner,Sunrisers Hyderabad,495551,Sheldon Cottrell,Kings XI Punjab,,,297433,Jonny Bairstow,1,9.0
ipl20,100302,1216542,1st innings,0,101,28/0,0,0,19,3.1,1,0,0,False,,219889,David Warner,Sunrisers Hyderabad,495551,Sheldon Cottrell,Kings XI Punjab,,,297433,Jonny Bairstow,1,8.84
ipl20,100303,1216542,1st innings,0,100,32/0,0,0,20,3.2,4,0,0,False,,297433,Jonny Bairstow,Sunrisers Hyderabad,495551,Sheldon Cottrell,Kings XI Punjab,,,219889,David Warner,4,9.6
ipl20,100304,1216542,1st innings,0,99,36/0,0,0,21,3.3,4,0,0,False,,297433,Jonny Bairstow,Sunrisers Hyderabad,495551,Sheldon Cottrell,Kings XI Punjab,,,219889,David Warner,4,10.28
ipl20,100305,1216542,1st innings,0,98,36/0,0,0,22,3.4,0,0,0,False,,297433,Jonny Bairstow,Sunrisers Hyderabad,495551,Sheldon Cottrell,Kings XI Punjab,,,219889,David Warner,0,9.81
ipl20,100306,1216542,1st innings,0,97,40/0,0,0,23,3.5,4,0,0,False,,297433,Jonny Bairstow,Sunrisers Hyderabad,495551,Sheldon Cottrell,Kings XI Punjab,,,219889,David Warner,4,10.43
ipl20,100307,1216542,1st innings,0,96,41/0,0,0,24,3.6,1,0,0,False,,297433,Jonny Bairstow,Sunrisers Hyderabad,495551,Sheldon Cottrell,Kings XI Punjab,,,219889,David Warner,1,10.25
ipl20,100401,1216542,1st innings,0,95,41/0,0,0,25,4.1,0,0,0,False,,297433,Jonny Bairstow,Sunrisers Hyderabad,481896,Mohammed Shami,Kings XI Punjab,,,219889,David Warner,0,9.84
ipl20,100402,1216542,1st innings,0,94,44/0,0,0,26,4.2,3,0,0,False,,297433,Jonny Bairstow,Sunrisers Hyderabad,481896,Mohammed Shami,Kings XI Punjab,,,219889,David Warner,3,10.15
ipl20,100403,1216542,1st innings,0,93,48/0,0,0,27,4.3,4,0,0,False,,219889,David Warner,Sunrisers Hyderabad,481896,Mohammed Shami,Kings XI Punjab,,,297433,Jonny Bairstow,4,10.66
ipl20,100404,1216542,1st innings,0,92,52/0,0,0,28,4.4,4,0,0,False,,219889,David Warner,Sunrisers Hyderabad,481896,Mohammed Shami,Kings XI Punjab,,,297433,Jonny Bairstow,4,11.14
ipl20,100405,1216542,1st innings,0,91,52/0,0,0,29,4.5,0,0,0,False,,219889,David Warner,Sunrisers Hyderabad,481896,Mohammed Shami,Kings XI Punjab,,,297433,Jonny Bairstow,0,10.75
ipl20,100406,1216542,1st innings,0,90,52/0,0,0,30,4.6,0,0,0,False,,219889,David Warner,Sunrisers Hyderabad,481896,Mohammed Shami,Kings XI Punjab,,,297433,Jonny Bairstow,0,10.4
ipl20,100501,1216542,1st innings,0,89,55/0,0,0,31,5.1,3,0,0,False,,297433,Jonny Bairstow,Sunrisers Hyderabad,974109,Mujeeb Ur Rahman,Kings XI Punjab,,,219889,David Warner,3,10.64
ipl20,100502,1216542,1st innings,0,88,56/0,0,0,32,5.2,1,0,0,False,,219889,David Warner,Sunrisers Hyderabad,974109,Mujeeb Ur Rahman,Kings XI Punjab,,,297433,Jonny Bairstow,1,10.5
ipl20,100503,1216542,1st innings,0,87,56/0,0,0,33,5.3,0,0,0,False,,297433,Jonny Bairstow,Sunrisers Hyderabad,974109,Mujeeb Ur Rahman,Kings XI Punjab,,,219889,David Warner,0,10.18
ipl20,100504,1216542,1st innings,0,86,57/0,0,0,34,5.4,1,0,0,False,,297433,Jonny Bairstow,Sunrisers Hyderabad,974109,Mujeeb Ur Rahman,Kings XI Punjab,,,219889,David Warner,1,10.05
ipl20,100505,1216542,1st innings,0,85,57/0,0,0,35,5.5,0,0,0,False,,219889,David Warner,Sunrisers Hyderabad,974109,Mujeeb Ur Rahman,Kings XI Punjab,,,297433,Jonny Bairstow,0,9.77
ipl20,100506,1216542,1st innings,0,84,58/0,0,0,36,5.6,1,0,0,False,,219889,David Warner,Sunrisers Hyderabad,974109,Mujeeb Ur Rahman,Kings XI Punjab,,,297433,Jonny Bairstow,1,9.66
ipl20,100601,1216542,1st innings,0,83,59/0,0,0,37,6.1,1,0,0,False,,219889,David Warner,Sunrisers Hyderabad,325026,Glenn Maxwell,Kings XI Punjab,,,297433,Jonny Bairstow,1,9.56
ipl20,100602,1216542,1st innings,0,82,61/0,0,0,38,6.2,2,0,0,False,,297433,Jonny Bairstow,Sunrisers Hyderabad,325026,Glenn Maxwell,Kings XI Punjab,,,219889,David Warner,2,9.63
ipl20,100603,1216542,1st innings,0,81,62/0,0,0,39,6.3,1,0,0,False,,297433,Jonny Bairstow,Sunrisers Hyderabad,325026,Glenn Maxwell,Kings XI Punjab,,,219889,David Warner,1,9.53
ipl20,100604,1216542,1st innings,0,80,64/0,0,0,40,6.4,2,0,0,False,,219889,David Warner,Sunrisers Hyderabad,325026,Glenn Maxwell,Kings XI Punjab,,,297433,Jonny Bairstow,2,9.6
ipl20,100605,1216542,1st innings,0,79,64/0,0,0,41,6.5,0,0,0,False,,219889,David Warner,Sunrisers Hyderabad,325026,Glenn Maxwell,Kings XI Punjab,,,297433,Jonny Bairstow,0,9.36
ipl20,100606,1216542,1st innings,0,78,64/0,0,0,42,6.6,0,0,0,False,,219889,David Warner,Sunrisers Hyderabad,325026,Glenn Maxwell,Kings XI Punjab,,,297433,Jonny Bairstow,0,9.14
ipl20,100701,1216542,1st innings,0,77,64/0,0,0,43,7.1,0,0,0,False,,297433,Jonny Bairstow,Sunrisers Hyderabad,1175441,Ravi Bishnoi,Kings XI Punjab,,,219889,David Warner,0,8.93
ipl20,100702,1216542,1st innings,0,76,65/0,0,0,44,7.2,1,0,0,False,,297433,Jonny Bairstow,Sunrisers Hyderabad,1175441,Ravi Bishnoi,Kings XI Punjab,,,219889,David Warner,1,8.86
ipl20,100703,1216542,1st innings,0,75,66/0,0,0,45,7.3,1,0,0,False,,219889,David Warner,Sunrisers Hyderabad,1175441,Ravi Bishnoi,Kings XI Punjab,,,297433,Jonny Bairstow,1,8.8
ipl20,100704,1216542,1st innings,0,74,72/0,0,0,46,7.4,6,0,0,False,,297433,Jonny Bairstow,Sunrisers Hyderabad,1175441,Ravi Bishnoi,Kings XI Punjab,,,219889,David Warner,6,9.39
ipl20,100705,1216542,1st innings,0,73,76/0,0,0,47,7.5,4,0,0,False,,297433,Jonny Bairstow,Sunrisers Hyderabad,1175441,Ravi Bishnoi,Kings XI Punjab,,,219889,David Warner,4,9.7
ipl20,100706,1216542,1st innings,0,72,82/0,0,0,48,7.6,6,0,0,False,,297433,Jonny Bairstow,Sunrisers Hyderabad,1175441,Ravi Bishnoi,Kings XI Punjab,,,219889,David Warner,6,10.25
ipl20,100801,1216542,1st innings,0,71,83/0,0,0,49,8.1,1,0,0,False,,219889,David Warner,Sunrisers Hyderabad,974109,Mujeeb Ur Rahman,Kings XI Punjab,,,297433,Jonny Bairstow,1,10.16
ipl20,100802,1216542,1st innings,0,70,84/0,0,0,50,8.2,1,0,0,False,,297433,Jonny Bairstow,Sunrisers Hyderabad,974109,Mujeeb Ur Rahman,Kings XI Punjab,,,219889,David Warner,1,10.08
ipl20,100803,1216542,1st innings,0,69,85/0,0,0,51,8.3,1,0,0,False,,219889,David Warner,Sunrisers Hyderabad,974109,Mujeeb Ur Rahman,Kings XI Punjab,,,297433,Jonny Bairstow,1,10.0
ipl20,100804,1216542,1st innings,0,68,86/0,0,0,52,8.4,1,0,0,False,,297433,Jonny Bairstow,Sunrisers Hyderabad,974109,Mujeeb Ur Rahman,Kings XI Punjab,,,219889,David Warner,1,9.92
ipl20,100805,1216542,1st innings,0,67,92/0,0,0,53,8.5,6,0,0,False,,219889,David Warner,Sunrisers Hyderabad,974109,Mujeeb Ur Rahman,Kings XI Punjab,,,297433,Jonny Bairstow,6,10.41
ipl20,100806,1216542,1st innings,0,66,93/0,0,0,54,8.6,1,0,0,False,,219889,David Warner,Sunrisers Hyderabad,974109,Mujeeb Ur Rahman,Kings XI Punjab,,,297433,Jonny Bairstow,1,10.33
ipl20,100901,1216542,1st innings,0,65,94/0,0,0,55,9.1,1,0,0,False,,219889,David Warner,Sunrisers Hyderabad,1125976,Arshdeep Singh,Kings XI Punjab,,,297433,Jonny Bairstow,1,10.25
ipl20,100902,1216542,1st innings,0,64,94/0,0,0,56,9.2,0,0,0,False,,297433,Jonny Bairstow,Sunrisers Hyderabad,1125976,Arshdeep Singh,Kings XI Punjab,,,219889,David Warner,0,10.07
ipl20,100903,1216542,1st innings,0,64,95/0,0,0,56,9.2,1,1,1,False,,297433,Jonny Bairstow,Sunrisers Hyderabad,1125976,Arshdeep Singh,Kings XI Punjab,,,219889,David Warner,1,10.17
ipl20,100904,1216542,1st innings,0,63,97/0,0,0,57,9.3,2,0,0,False,,297433,Jonny Bairstow,Sunrisers Hyderabad,1125976,Arshdeep Singh,Kings XI Punjab,,,219889,David Warner,2,10.21
ipl20,100905,1216542,1st innings,0,62,99/0,0,0,58,9.4,2,0,0,False,,297433,Jonny Bairstow,Sunrisers Hyderabad,1125976,Arshdeep Singh,Kings XI Punjab,,,219889,David Warner,2,10.24
ipl20,100906,1216542,1st innings,0,61,99/0,0,0,59,9.5,0,0,0,False,,297433,Jonny Bairstow,Sunrisers Hyderabad,1125976,Arshdeep Singh,Kings XI Punjab,,,219889,David Warner,0,10.06
ipl20,100907,1216542,1st innings,0,60,100/0,0,0,60,9.6,1,0,0,False,,297433,Jonny Bairstow,Sunrisers Hyderabad,1125976,Arshdeep Singh,Kings XI Punjab,,,219889,David Warner,1,10.0
ipl20,101001,1216542,1st innings,0,59,101/0,0,0,61,10.1,1,0,0,False,,297433,Jonny Bairstow,Sunrisers Hyderabad,325026,Glenn Maxwell,Kings XI Punjab,,,219889,David Warner,1,9.93
ipl20,101002,1216542,1st innings,0,58,102/0,0,0,62,10.2,1,0,0,False,,219889,David Warner,Sunrisers Hyderabad,325026,Glenn Maxwell,Kings XI Punjab,,,297433,Jonny Bairstow,1,9.87
ipl20,101003,1216542,1st innings,0,57,106/0,0,0,63,10.3,4,0,0,False,,297433,Jonny Bairstow,Sunrisers Hyderabad,325026,Glenn Maxwell,Kings XI Punjab,,,219889,David Warner,4,10.09
ipl20,101004,1216542,1st innings,0,56,112/0,0,0,64,10.4,6,0,0,False,,297433,Jonny Bairstow,Sunrisers Hyderabad,325026,Glenn Maxwell,Kings XI Punjab,,,219889,David Warner,6,10.5
ipl20,101005,1216542,1st innings,0,55,118/0,0,0,65,10.5,6,0,0,False,,297433,Jonny Bairstow,Sunrisers Hyderabad,325026,Glenn Maxwell,Kings XI Punjab,,,219889,David Warner,6,10.89
ipl20,101006,1216542,1st innings,0,54,120/0,0,0,66,10.6,2,0,0,False,,297433,Jonny Bairstow,Sunrisers Hyderabad,325026,Glenn Maxwell,Kings XI Punjab,,,219889,David Warner,2,10.9
ipl20,101101,1216542,1st innings,0,53,121/0,0,0,67,11.1,1,0,0,False,,219889,David Warner,Sunrisers Hyderabad,1125976,Arshdeep Singh,Kings XI Punjab,,,297433,Jonny Bairstow,1,10.83
ipl20,101102,1216542,1st innings,0,52,121/0,0,0,68,11.2,0,0,0,False,,297433,Jonny Bairstow,Sunrisers Hyderabad,1125976,Arshdeep Singh,Kings XI Punjab,,,219889,David Warner,0,10.67
ipl20,101103,1216542,1st innings,0,52,123/0,0,0,68,11.2,2,2,2,False,,297433,Jonny Bairstow,Sunrisers Hyderabad,1125976,Arshdeep Singh,Kings XI Punjab,,,219889,David Warner,2,10.85
ipl20,101104,1216542,1st innings,0,51,125/0,0,0,69,11.3,2,0,0,False,,219889,David Warner,Sunrisers Hyderabad,1125976,Arshdeep Singh,Kings XI Punjab,,,297433,Jonny Bairstow,2,10.86
ipl20,101105,1216542,1st innings,0,51,127/0,0,0,69,11.3,2,1,1,False,,219889,David Warner,Sunrisers Hyderabad,1125976,Arshdeep Singh,Kings XI Punjab,,,297433,Jonny Bairstow,2,11.04
ipl20,101106,1216542,1st innings,0,50,128/0,0,0,70,11.4,1,0,0,False,,297433,Jonny Bairstow,Sunrisers Hyderabad,1125976,Arshdeep Singh,Kings XI Punjab,,,219889,David Warner,1,10.97
ipl20,101107,1216542,1st innings,0,49,129/0,0,0,71,11.5,1,0,0,False,,219889,David Warner,Sunrisers Hyderabad,1125976,Arshdeep Singh,Kings XI Punjab,,,297433,Jonny Bairstow,1,10.9
ipl20,101108,1216542,1st innings,0,48,130/0,0,0,72,11.6,1,0,0,False,,297433,Jonny Bairstow,Sunrisers Hyderabad,1125976,Arshdeep Singh,Kings XI Punjab,,,219889,David Warner,1,10.83
ipl20,101201,1216542,1st innings,0,47,130/0,0,0,73,12.1,0,0,0,False,,297433,Jonny Bairstow,Sunrisers Hyderabad,481896,Mohammed Shami,Kings XI Punjab,,,219889,David Warner,0,10.68
ipl20,101202,1216542,1st innings,0,46,130/0,0,0,74,12.2,0,0,0,False,,297433,Jonny Bairstow,Sunrisers Hyderabad,481896,Mohammed Shami,Kings XI Punjab,,,219889,David Warner,0,10.54
ipl20,101203,1216542,1st innings,0,45,132/0,0,0,75,12.3,2,0,0,False,,297433,Jonny Bairstow,Sunrisers Hyderabad,481896,Mohammed Shami,Kings XI Punjab,,,219889,David Warner,2,10.56
ipl20,101204,1216542,1st innings,0,44,136/0,0,0,76,12.4,4,0,0,False,,297433,Jonny Bairstow,Sunrisers Hyderabad,481896,Mohammed Shami,Kings XI Punjab,,,219889,David Warner,4,10.73
ipl20,101205,1216542,1st innings,0,43,137/0,0,0,77,12.5,1,0,0,False,,297433,Jonny Bairstow,Sunrisers Hyderabad,481896,Mohammed Shami,Kings XI Punjab,,,219889,David Warner,1,10.67
ipl20,101206,1216542,1st innings,0,42,138/0,0,0,78,12.6,1,0,0,False,,219889,David Warner,Sunrisers Hyderabad,481896,Mohammed Shami,Kings XI Punjab,,,297433,Jonny Bairstow,1,10.61
ipl20,101301,1216542,1st innings,0,41,140/0,0,0,79,13.1,2,0,0,False,,219889,David Warner,Sunrisers Hyderabad,974109,Mujeeb Ur Rahman,Kings XI Punjab,,,297433,Jonny Bairstow,2,10.63
ipl20,101302,1216542,1st innings,0,40,141/0,0,0,80,13.2,1,0,0,False,,219889,David Warner,Sunrisers Hyderabad,974109,Mujeeb Ur Rahman,Kings XI Punjab,,,297433,Jonny Bairstow,1,10.57
ipl20,101303,1216542,1st innings,0,39,147/0,0,0,81,13.3,6,0,0,False,,297433,Jonny Bairstow,Sunrisers Hyderabad,974109,Mujeeb Ur Rahman,Kings XI Punjab,,,219889,David Warner,6,10.88
ipl20,101304,1216542,1st innings,0,38,153/0,0,0,82,13.4,6,0,0,False,,297433,Jonny Bairstow,Sunrisers Hyderabad,974109,Mujeeb Ur Rahman,Kings XI Punjab,,,219889,David Warner,6,11.19
ipl20,101305,1216542,1st innings,0,37,153/0,0,0,83,13.5,0,0,0,False,,297433,Jonny Bairstow,Sunrisers Hyderabad,974109,Mujeeb Ur Rahman,Kings XI Punjab,,,219889,David Warner,0,11.06
ipl20,101306,1216542,1st innings,0,36,154/0,0,0,84,13.6,1,0,0,False,,297433,Jonny Bairstow,Sunrisers Hyderabad,974109,Mujeeb Ur Rahman,Kings XI Punjab,,,219889,David Warner,1,11.0
ipl20,101401,1216542,1st innings,0,35,156/0,0,0,85,14.1,2,0,0,False,,297433,Jonny Bairstow,Sunrisers Hyderabad,495551,Sheldon Cottrell,Kings XI Punjab,,,219889,David Warner,2,11.01
ipl20,101402,1216542,1st innings,0,34,157/0,0,0,86,14.2,1,0,0,False,,297433,Jonny Bairstow,Sunrisers Hyderabad,495551,Sheldon Cottrell,Kings XI Punjab,,,219889,David Warner,1,10.95
ipl20,101403,1216542,1st innings,0,33,158/0,0,0,87,14.3,1,0,0,False,,219889,David Warner,Sunrisers Hyderabad,495551,Sheldon Cottrell,Kings XI Punjab,,,297433,Jonny Bairstow,1,10.89
ipl20,101404,1216542,1st innings,0,32,159/0,0,0,88,14.4,1,0,1,False,,297433,Jonny Bairstow,Sunrisers Hyderabad,495551,Sheldon Cottrell,Kings XI Punjab,,,219889,David Warner,1,10.84
ipl20,101405,1216542,1st innings,0,31,160/0,0,0,89,14.5,1,0,0,False,,219889,David Warner,Sunrisers Hyderabad,495551,Sheldon Cottrell,Kings XI Punjab,,,297433,Jonny Bairstow,1,10.78
ipl20,101406,1216542,1st innings,0,30,160/0,0,0,90,14.6,0,0,0,False,,297433,Jonny Bairstow,Sunrisers Hyderabad,495551,Sheldon Cottrell,Kings XI Punjab,,,219889,David Warner,0,10.66
ipl20,101501,1216542,1st innings,0,29,160/1,0,1,91,15.1,0,0,0,True,caught,219889,David Warner,Sunrisers Hyderabad,1175441,Ravi Bishnoi,Kings XI Punjab,1175441,Ravi Bishnoi,297433,Jonny Bairstow,0,10.54
ipl20,101502,1216542,1st innings,0,28,160/1,0,0,92,15.2,0,0,0,False,,297433,Jonny Bairstow,Sunrisers Hyderabad,1175441,Ravi Bishnoi,Kings XI Punjab,,,1175485,Abdul Samad,0,10.43
ipl20,101503,1216542,1st innings,0,27,160/1,0,0,93,15.3,0,0,0,False,,297433,Jonny Bairstow,Sunrisers Hyderabad,1175441,Ravi Bishnoi,Kings XI Punjab,,,1175485,Abdul Samad,0,10.32
ipl20,101504,1216542,1st innings,0,26,160/2,0,2,94,15.4,0,0,0,True,leg before wicket,297433,Jonny Bairstow,Sunrisers Hyderabad,1175441,Ravi Bishnoi,Kings XI Punjab,1175441,Ravi Bishnoi,1175485,Abdul Samad,0,10.21
ipl20,101505,1216542,1st innings,0,25,161/2,0,0,95,15.5,1,0,0,False,,290630,Manish Pandey,Sunrisers Hyderabad,1175441,Ravi Bishnoi,Kings XI Punjab,,,1175485,Abdul Samad,1,10.16
ipl20,101506,1216542,1st innings,0,24,161/2,0,0,96,15.6,0,0,0,False,,1175485,Abdul Samad,Sunrisers Hyderabad,1175441,Ravi Bishnoi,Kings XI Punjab,,,290630,Manish Pandey,0,10.06
ipl20,101601,1216542,1st innings,0,23,161/3,0,3,97,16.1,0,0,0,True,caught,290630,Manish Pandey,Sunrisers Hyderabad,1125976,Arshdeep Singh,Kings XI Punjab,290630,Manish Pandey,1175485,Abdul Samad,0,9.95
ipl20,101602,1216542,1st innings,0,22,161/3,0,0,98,16.2,0,0,0,False,,277906,Kane Williamson,Sunrisers Hyderabad,1125976,Arshdeep Singh,Kings XI Punjab,,,1175485,Abdul Samad,0,9.85
ipl20,101603,1216542,1st innings,0,21,161/3,0,0,99,16.3,0,0,0,False,,277906,Kane Williamson,Sunrisers Hyderabad,1125976,Arshdeep Singh,Kings XI Punjab,,,1175485,Abdul Samad,0,9.75
ipl20,101604,1216542,1st innings,0,20,164/3,0,0,100,16.4,3,0,0,False,,277906,Kane Williamson,Sunrisers Hyderabad,1125976,Arshdeep Singh,Kings XI Punjab,,,1175485,Abdul Samad,3,9.84
ipl20,101605,1216542,1st innings,0,19,164/3,0,0,101,16.5,0,0,0,False,,1175485,Abdul Samad,Sunrisers Hyderabad,1125976,Arshdeep Singh,Kings XI Punjab,,,277906,Kane Williamson,0,9.74
ipl20,101606,1216542,1st innings,0,18,165/3,0,0,102,16.6,1,0,0,False,,1175485,Abdul Samad,Sunrisers Hyderabad,1125976,Arshdeep Singh,Kings XI Punjab,,,277906,Kane Williamson,1,9.7
ipl20,101701,1216542,1st innings,0,17,169/3,0,0,103,17.1,4,0,0,False,,1175485,Abdul Samad,Sunrisers Hyderabad,1175441,Ravi Bishnoi,Kings XI Punjab,,,277906,Kane Williamson,4,9.84
ipl20,101702,1216542,1st innings,0,16,170/3,0,0,104,17.2,1,0,0,False,,1175485,Abdul Samad,Sunrisers Hyderabad,1175441,Ravi Bishnoi,Kings XI Punjab,,,277906,Kane Williamson,1,9.8
ipl20,101703,1216542,1st innings,0,15,171/3,0,0,105,17.3,1,0,0,False,,277906,Kane Williamson,Sunrisers Hyderabad,1175441,Ravi Bishnoi,Kings XI Punjab,,,1175485,Abdul Samad,1,9.77
ipl20,101704,1216542,1st innings,0,14,173/3,0,0,106,17.4,2,0,0,False,,1175485,Abdul Samad,Sunrisers Hyderabad,1175441,Ravi Bishnoi,Kings XI Punjab,,,277906,Kane Williamson,2,9.79
ipl20,101705,1216542,1st innings,0,13,173/4,0,4,107,17.5,0,0,0,True,caught,1175485,Abdul Samad,Sunrisers Hyderabad,1175441,Ravi Bishnoi,Kings XI Punjab,1175441,Ravi Bishnoi,277906,Kane Williamson,0,9.7
ipl20,101706,1216542,1st innings,0,12,175/4,0,0,108,17.6,2,0,0,False,,277906,Kane Williamson,Sunrisers Hyderabad,1175441,Ravi Bishnoi,Kings XI Punjab,,,1070180,Priyam Garg,2,9.72
ipl20,101801,1216542,1st innings,0,11,175/5,0,5,109,18.1,0,0,0,True,caught,1070180,Priyam Garg,Sunrisers Hyderabad,1125976,Arshdeep Singh,Kings XI Punjab,1070180,Priyam Garg,277906,Kane Williamson,0,9.63
ipl20,101802,1216542,1st innings,0,10,176/5,0,0,110,18.2,1,0,0,False,,277906,Kane Williamson,Sunrisers Hyderabad,1125976,Arshdeep Singh,Kings XI Punjab,,,1070183,Abhishek Sharma,1,9.6
ipl20,101803,1216542,1st innings,0,9,182/5,0,0,111,18.3,6,0,0,False,,1070183,Abhishek Sharma,Sunrisers Hyderabad,1125976,Arshdeep Singh,Kings XI Punjab,,,277906,Kane Williamson,6,9.83
ipl20,101804,1216542,1st innings,0,8,182/5,0,0,112,18.4,0,0,0,False,,1070183,Abhishek Sharma,Sunrisers Hyderabad,1125976,Arshdeep Singh,Kings XI Punjab,,,277906,Kane Williamson,0,9.75
ipl20,101805,1216542,1st innings,0,7,186/5,0,0,113,18.5,4,0,0,False,,1070183,Abhishek Sharma,Sunrisers Hyderabad,1125976,Arshdeep Singh,Kings XI Punjab,,,277906,Kane Williamson,4,9.87
ipl20,101806,1216542,1st innings,0,6,187/5,0,0,114,18.6,1,0,0,False,,1070183,Abhishek Sharma,Sunrisers Hyderabad,1125976,Arshdeep Singh,Kings XI Punjab,,,277906,Kane Williamson,1,9.84
ipl20,101901,1216542,1st innings,0,5,188/5,0,0,115,19.1,1,0,0,False,,1070183,Abhishek Sharma,Sunrisers Hyderabad,481896,Mohammed Shami,Kings XI Punjab,,,277906,Kane Williamson,1,9.8
ipl20,101902,1216542,1st innings,0,4,192/5,0,0,116,19.2,4,0,0,False,,277906,Kane Williamson,Sunrisers Hyderabad,481896,Mohammed Shami,Kings XI Punjab,,,1070183,Abhishek Sharma,4,9.93
ipl20,101903,1216542,1st innings,0,3,198/5,0,0,117,19.3,6,0,0,False,,277906,Kane Williamson,Sunrisers Hyderabad,481896,Mohammed Shami,Kings XI Punjab,,,1070183,Abhishek Sharma,6,10.15
ipl20,101904,1216542,1st innings,0,2,199/5,0,0,118,19.4,1,0,0,False,,277906,Kane Williamson,Sunrisers Hyderabad,481896,Mohammed Shami,Kings XI Punjab,,,1070183,Abhishek Sharma,1,10.11
ipl20,101905,1216542,1st innings,0,1,199/6,0,6,119,19.5,0,0,0,True,caught,1070183,Abhishek Sharma,Sunrisers Hyderabad,481896,Mohammed Shami,Kings XI Punjab,1070183,Abhishek Sharma,277906,Kane Williamson,0,10.03
ipl20,101906,1216542,1st innings,0,0,201/6,0,0,120,19.6,2,0,0,False,,277906,Kane Williamson,Sunrisers Hyderabad,481896,Mohammed Shami,Kings XI Punjab,,,793463,Rashid Khan,2,10.05
ipl20,200001,1216542,2nd innings,202,119,0,1/0,0,1,0.1,1,0,0,False,,422108,KL Rahul,Kings XI Punjab,438362,Sandeep Sharma,Sunrisers Hyderabad,,,398438,Mayank Agarwal,1,6.0
ipl20,200002,1216542,2nd innings,202,118,0,3/0,0,2,0.2,2,0,0,False,,398438,Mayank Agarwal,Kings XI Punjab,438362,Sandeep Sharma,Sunrisers Hyderabad,,,422108,KL Rahul,2,9.0
ipl20,200003,1216542,2nd innings,202,117,0,3/0,0,3,0.3,0,0,0,False,,398438,Mayank Agarwal,Kings XI Punjab,438362,Sandeep Sharma,Sunrisers Hyderabad,,,422108,KL Rahul,0,6.0
ipl20,200004,1216542,2nd innings,202,116,0,5/0,0,4,0.4,2,0,0,False,,398438,Mayank Agarwal,Kings XI Punjab,438362,Sandeep Sharma,Sunrisers Hyderabad,,,422108,KL Rahul,2,7.5
ipl20,200005,1216542,2nd innings,202,115,0,9/0,0,5,0.5,4,0,0,False,,398438,Mayank Agarwal,Kings XI Punjab,438362,Sandeep Sharma,Sunrisers Hyderabad,,,422108,KL Rahul,4,10.8
ipl20,200006,1216542,2nd innings,202,114,0,9/0,0,6,0.6,0,0,0,False,,398438,Mayank Agarwal,Kings XI Punjab,438362,Sandeep Sharma,Sunrisers Hyderabad,,,422108,KL Rahul,0,9.0
ipl20,200101,1216542,2nd innings,202,113,0,9/0,0,7,1.1,0,0,0,False,,422108,KL Rahul,Kings XI Punjab,942645,Khaleel Ahmed,Sunrisers Hyderabad,,,398438,Mayank Agarwal,0,7.71
ipl20,200102,1216542,2nd innings,202,112,0,10/0,0,8,1.2,1,0,0,False,,422108,KL Rahul,Kings XI Punjab,942645,Khaleel Ahmed,Sunrisers Hyderabad,,,398438,Mayank Agarwal,1,7.5
ipl20,200103,1216542,2nd innings,202,111,0,11/1,1,9,1.3,1,0,0,True,run out,398438,Mayank Agarwal,Kings XI Punjab,942645,Khaleel Ahmed,Sunrisers Hyderabad,398438,Mayank Agarwal,422108,KL Rahul,1,7.33
ipl20,200104,1216542,2nd innings,202,110,0,11/1,0,10,1.4,0,0,0,False,,422108,KL Rahul,Kings XI Punjab,942645,Khaleel Ahmed,Sunrisers Hyderabad,,,1161024,Prabhsimran Singh,0,6.6
ipl20,200105,1216542,2nd innings,202,109,0,13/1,0,11,1.5,2,0,0,False,,422108,KL Rahul,Kings XI Punjab,942645,Khaleel Ahmed,Sunrisers Hyderabad,,,1161024,Prabhsimran Singh,2,7.09
ipl20,200106,1216542,2nd innings,202,108,0,14/1,0,12,1.6,1,0,0,False,,422108,KL Rahul,Kings XI Punjab,942645,Khaleel Ahmed,Sunrisers Hyderabad,,,1161024,Prabhsimran Singh,1,7.0
ipl20,200201,1216542,2nd innings,202,107,0,15/1,0,13,2.1,1,0,0,False,,422108,KL Rahul,Kings XI Punjab,438362,Sandeep Sharma,Sunrisers Hyderabad,,,1161024,Prabhsimran Singh,1,6.92
ipl20,200202,1216542,2nd innings,202,106,0,15/1,0,14,2.2,0,0,0,False,,1161024,Prabhsimran Singh,Kings XI Punjab,438362,Sandeep Sharma,Sunrisers Hyderabad,,,422108,KL Rahul,0,6.42
ipl20,200203,1216542,2nd innings,202,105,0,16/1,0,15,2.3,1,0,0,False,,1161024,Prabhsimran Singh,Kings XI Punjab,438362,Sandeep Sharma,Sunrisers Hyderabad,,,422108,KL Rahul,1,6.4
ipl20,200204,1216542,2nd innings,202,104,0,16/1,0,16,2.4,0,0,0,False,,422108,KL Rahul,Kings XI Punjab,438362,Sandeep Sharma,Sunrisers Hyderabad,,,1161024,Prabhsimran Singh,0,6.0
ipl20,200205,1216542,2nd innings,202,103,0,18/1,0,17,2.5,2,0,0,False,,422108,KL Rahul,Kings XI Punjab,438362,Sandeep Sharma,Sunrisers Hyderabad,,,1161024,Prabhsimran Singh,2,6.35
ipl20,200206,1216542,2nd innings,202,102,0,20/1,0,18,2.6,2,0,0,False,,422108,KL Rahul,Kings XI Punjab,438362,Sandeep Sharma,Sunrisers Hyderabad,,,1161024,Prabhsimran Singh,2,6.66
ipl20,200301,1216542,2nd innings,202,101,0,20/1,0,19,3.1,0,0,0,False,,1161024,Prabhsimran Singh,Kings XI Punjab,802575,T Natarajan,Sunrisers Hyderabad,,,422108,KL Rahul,0,6.31
ipl20,200302,1216542,2nd innings,202,100,0,21/1,0,20,3.2,1,0,0,False,,1161024,Prabhsimran Singh,Kings XI Punjab,802575,T Natarajan,Sunrisers Hyderabad,,,422108,KL Rahul,1,6.3
ipl20,200303,1216542,2nd innings,202,99,0,22/1,0,21,3.3,1,0,0,False,,422108,KL Rahul,Kings XI Punjab,802575,T Natarajan,Sunrisers Hyderabad,,,1161024,Prabhsimran Singh,1,6.28
ipl20,200304,1216542,2nd innings,202,98,0,26/1,0,22,3.4,4,0,0,False,,1161024,Prabhsimran Singh,Kings XI Punjab,802575,T Natarajan,Sunrisers Hyderabad,,,422108,KL Rahul,4,7.09
ipl20,200305,1216542,2nd innings,202,97,0,27/1,0,23,3.5,1,0,0,False,,1161024,Prabhsimran Singh,Kings XI Punjab,802575,T Natarajan,Sunrisers Hyderabad,,,422108,KL Rahul,1,7.04
ipl20,200306,1216542,2nd innings,202,96,0,27/1,0,24,3.6,0,0,0,False,,422108,KL Rahul,Kings XI Punjab,802575,T Natarajan,Sunrisers Hyderabad,,,1161024,Prabhsimran Singh,0,6.75
ipl20,200401,1216542,2nd innings,202,95,0,31/1,0,25,4.1,4,0,0,False,,1161024,Prabhsimran Singh,Kings XI Punjab,942645,Khaleel Ahmed,Sunrisers Hyderabad,,,422108,KL Rahul,4,7.44
ipl20,200402,1216542,2nd innings,202,94,0,31/2,2,26,4.2,0,0,0,True,caught,1161024,Prabhsimran Singh,Kings XI Punjab,942645,Khaleel Ahmed,Sunrisers Hyderabad,1161024,Prabhsimran Singh,422108,KL Rahul,0,7.15
ipl20,200403,1216542,2nd innings,202,93,0,35/2,0,27,4.3,4,0,0,False,,604302,Nicholas Pooran,Kings XI Punjab,942645,Khaleel Ahmed,Sunrisers Hyderabad,,,422108,KL Rahul,4,7.77
ipl20,200404,1216542,2nd innings,202,92,0,35/2,0,28,4.4,0,0,0,False,,604302,Nicholas Pooran,Kings XI Punjab,942645,Khaleel Ahmed,Sunrisers Hyderabad,,,422108,KL Rahul,0,7.5
ipl20,200405,1216542,2nd innings,202,91,0,37/2,0,29,4.5,2,0,0,False,,604302,Nicholas Pooran,Kings XI Punjab,942645,Khaleel Ahmed,Sunrisers Hyderabad,,,422108,KL Rahul,2,7.65
ipl20,200406,1216542,2nd innings,202,90,0,37/2,0,30,4.6,0,0,0,False,,604302,Nicholas Pooran,Kings XI Punjab,942645,Khaleel Ahmed,Sunrisers Hyderabad,,,422108,KL Rahul,0,7.4
ipl20,200501,1216542,2nd innings,202,89,0,37/2,0,31,5.1,0,0,0,False,,422108,KL Rahul,Kings XI Punjab,802575,T Natarajan,Sunrisers Hyderabad,,,604302,Nicholas Pooran,0,7.16
ipl20,200502,1216542,2nd innings,202,88,0,38/2,0,32,5.2,1,0,1,False,,422108,KL Rahul,Kings XI Punjab,802575,T Natarajan,Sunrisers Hyderabad,,,604302,Nicholas Pooran,1,7.12
ipl20,200503,1216542,2nd innings,202,87,0,44/2,0,33,5.3,6,0,0,False,,604302,Nicholas Pooran,Kings XI Punjab,802575,T Natarajan,Sunrisers Hyderabad,,,422108,KL Rahul,6,8.0
ipl20,200504,1216542,2nd innings,202,86,0,44/2,0,34,5.4,0,0,0,False,,604302,Nicholas Pooran,Kings XI Punjab,802575,T Natarajan,Sunrisers Hyderabad,,,422108,KL Rahul,0,7.76
ipl20,200505,1216542,2nd innings,202,85,0,45/2,0,35,5.5,1,0,0,False,,604302,Nicholas Pooran,Kings XI Punjab,802575,T Natarajan,Sunrisers Hyderabad,,,422108,KL Rahul,1,7.71
ipl20,200506,1216542,2nd innings,202,84,0,45/2,0,36,5.6,0,0,0,False,,422108,KL Rahul,Kings XI Punjab,802575,T Natarajan,Sunrisers Hyderabad,,,604302,Nicholas Pooran,0,7.5
ipl20,200601,1216542,2nd innings,202,83,0,51/2,0,37,6.1,6,0,0,False,,604302,Nicholas Pooran,Kings XI Punjab,1070183,Abhishek Sharma,Sunrisers Hyderabad,,,422108,KL Rahul,6,8.27
ipl20,200602,1216542,2nd innings,202,82,0,57/2,0,38,6.2,6,0,0,False,,604302,Nicholas Pooran,Kings XI Punjab,1070183,Abhishek Sharma,Sunrisers Hyderabad,,,422108,KL Rahul,6,9.0
ipl20,200603,1216542,2nd innings,202,81,0,58/2,0,39,6.3,1,0,1,False,,604302,Nicholas Pooran,Kings XI Punjab,1070183,Abhishek Sharma,Sunrisers Hyderabad,,,422108,KL Rahul,1,8.92
ipl20,200604,1216542,2nd innings,202,80,0,58/3,3,40,6.4,0,0,0,True,caught,422108,KL Rahul,Kings XI Punjab,1070183,Abhishek Sharma,Sunrisers Hyderabad,1070183,Abhishek Sharma,604302,Nicholas Pooran,0,8.7
ipl20,200605,1216542,2nd innings,202,79,0,59/3,0,41,6.5,1,0,0,False,,325026,Glenn Maxwell,Kings XI Punjab,1070183,Abhishek Sharma,Sunrisers Hyderabad,,,604302,Nicholas Pooran,1,8.63
ipl20,200606,1216542,2nd innings,202,78,0,61/3,0,42,6.6,2,0,0,False,,604302,Nicholas Pooran,Kings XI Punjab,1070183,Abhishek Sharma,Sunrisers Hyderabad,,,325026,Glenn Maxwell,2,8.71
ipl20,200701,1216542,2nd innings,202,77,0,62/3,0,43,7.1,1,0,0,False,,325026,Glenn Maxwell,Kings XI Punjab,793463,Rashid Khan,Sunrisers Hyderabad,,,604302,Nicholas Pooran,1,8.65
ipl20,200702,1216542,2nd innings,202,76,0,62/3,0,44,7.2,0,0,0,False,,604302,Nicholas Pooran,Kings XI Punjab,793463,Rashid Khan,Sunrisers Hyderabad,,,325026,Glenn Maxwell,0,8.45
ipl20,200703,1216542,2nd innings,202,75,0,63/3,0,45,7.3,1,0,0,False,,604302,Nicholas Pooran,Kings XI Punjab,793463,Rashid Khan,Sunrisers Hyderabad,,,325026,Glenn Maxwell,1,8.4
ipl20,200704,1216542,2nd innings,202,74,0,63/3,0,46,7.4,0,0,0,False,,325026,Glenn Maxwell,Kings XI Punjab,793463,Rashid Khan,Sunrisers Hyderabad,,,604302,Nicholas Pooran,0,8.21
ipl20,200705,1216542,2nd innings,202,73,0,63/3,0,47,7.5,0,0,0,False,,325026,Glenn Maxwell,Kings XI Punjab,793463,Rashid Khan,Sunrisers Hyderabad,,,604302,Nicholas Pooran,0,8.04
ipl20,200706,1216542,2nd innings,202,72,0,63/3,0,48,7.6,0,0,0,False,,325026,Glenn Maxwell,Kings XI Punjab,793463,Rashid Khan,Sunrisers Hyderabad,,,604302,Nicholas Pooran,0,7.87
ipl20,200801,1216542,2nd innings,202,71,0,69/3,0,49,8.1,6,0,0,False,,604302,Nicholas Pooran,Kings XI Punjab,1175485,Abdul Samad,Sunrisers Hyderabad,,,325026,Glenn Maxwell,6,8.44
ipl20,200802,1216542,2nd innings,202,70,0,73/3,0,50,8.2,4,0,0,False,,604302,Nicholas Pooran,Kings XI Punjab,1175485,Abdul Samad,Sunrisers Hyderabad,,,325026,Glenn Maxwell,4,8.76
ipl20,200803,1216542,2nd innings,202,69,0,79/3,0,51,8.3,6,0,0,False,,604302,Nicholas Pooran,Kings XI Punjab,1175485,Abdul Samad,Sunrisers Hyderabad,,,325026,Glenn Maxwell,6,9.29
ipl20,200804,1216542,2nd innings,202,68,0,85/3,0,52,8.4,6,0,0,False,,604302,Nicholas Pooran,Kings XI Punjab,1175485,Abdul Samad,Sunrisers Hyderabad,,,325026,Glenn Maxwell,6,9.8
ipl20,200805,1216542,2nd innings,202,67,0,91/3,0,53,8.5,6,0,0,False,,604302,Nicholas Pooran,Kings XI Punjab,1175485,Abdul Samad,Sunrisers Hyderabad,,,325026,Glenn Maxwell,6,10.3
ipl20,200806,1216542,2nd innings,202,66,0,91/3,0,54,8.6,0,0,0,False,,604302,Nicholas Pooran,Kings XI Punjab,1175485,Abdul Samad,Sunrisers Hyderabad,,,325026,Glenn Maxwell,0,10.11
ipl20,200901,1216542,2nd innings,202,65,0,92/3,0,55,9.1,1,0,0,False,,325026,Glenn Maxwell,Kings XI Punjab,793463,Rashid Khan,Sunrisers Hyderabad,,,604302,Nicholas Pooran,1,10.03
ipl20,200902,1216542,2nd innings,202,64,0,93/3,0,56,9.2,1,0,0,False,,604302,Nicholas Pooran,Kings XI Punjab,793463,Rashid Khan,Sunrisers Hyderabad,,,325026,Glenn Maxwell,1,9.96
ipl20,200903,1216542,2nd innings,202,63,0,94/3,0,57,9.3,1,0,0,False,,325026,Glenn Maxwell,Kings XI Punjab,793463,Rashid Khan,Sunrisers Hyderabad,,,604302,Nicholas Pooran,1,9.89
ipl20,200904,1216542,2nd innings,202,62,0,95/3,0,58,9.4,1,0,0,False,,604302,Nicholas Pooran,Kings XI Punjab,793463,Rashid Khan,Sunrisers Hyderabad,,,325026,Glenn Maxwell,1,9.82
ipl20,200905,1216542,2nd innings,202,61,0,95/3,0,59,9.5,0,0,0,False,,325026,Glenn Maxwell,Kings XI Punjab,793463,Rashid Khan,Sunrisers Hyderabad,,,604302,Nicholas Pooran,0,9.66
ipl20,200906,1216542,2nd innings,202,60,0,96/3,0,60,9.6,1,0,0,False,,325026,Glenn Maxwell,Kings XI Punjab,793463,Rashid Khan,Sunrisers Hyderabad,,,604302,Nicholas Pooran,1,9.6
ipl20,201001,1216542,2nd innings,202,59,0,97/3,0,61,10.1,1,0,0,False,,325026,Glenn Maxwell,Kings XI Punjab,802575,T Natarajan,Sunrisers Hyderabad,,,604302,Nicholas Pooran,1,9.54
ipl20,201002,1216542,2nd innings,202,58,0,98/3,0,62,10.2,1,0,0,False,,604302,Nicholas Pooran,Kings XI Punjab,802575,T Natarajan,Sunrisers Hyderabad,,,325026,Glenn Maxwell,1,9.48
ipl20,201003,1216542,2nd innings,202,58,0,99/3,0,62,10.2,1,1,1,False,,325026,Glenn Maxwell,Kings XI Punjab,802575,T Natarajan,Sunrisers Hyderabad,,,604302,Nicholas Pooran,1,9.58
ipl20,201004,1216542,2nd innings,202,57,0,100/3,0,63,10.3,1,0,0,False,,325026,Glenn Maxwell,Kings XI Punjab,802575,T Natarajan,Sunrisers Hyderabad,,,604302,Nicholas Pooran,1,9.52
ipl20,201005,1216542,2nd innings,202,56,0,104/3,0,64,10.4,4,0,0,False,,604302,Nicholas Pooran,Kings XI Punjab,802575,T Natarajan,Sunrisers Hyderabad,,,325026,Glenn Maxwell,4,9.75
ipl20,201006,1216542,2nd innings,202,55,0,105/3,0,65,10.5,1,0,0,False,,604302,Nicholas Pooran,Kings XI Punjab,802575,T Natarajan,Sunrisers Hyderabad,,,325026,Glenn Maxwell,1,9.69
ipl20,201007,1216542,2nd innings,202,54,0,105/4,4,66,10.6,0,0,0,True,run out,325026,Glenn Maxwell,Kings XI Punjab,802575,T Natarajan,Sunrisers Hyderabad,802575,T Natarajan,604302,Nicholas Pooran,0,9.54
ipl20,201101,1216542,2nd innings,202,53,0,106/4,0,67,11.1,1,0,0,False,,398506,Mandeep Singh,Kings XI Punjab,438362,Sandeep Sharma,Sunrisers Hyderabad,,,604302,Nicholas Pooran,1,9.49
ipl20,201102,1216542,2nd innings,202,52,0,107/4,0,68,11.2,1,0,0,False,,604302,Nicholas Pooran,Kings XI Punjab,438362,Sandeep Sharma,Sunrisers Hyderabad,,,398506,Mandeep Singh,1,9.44
ipl20,201103,1216542,2nd innings,202,52,0,108/4,0,68,11.2,1,1,1,False,,398506,Mandeep Singh,Kings XI Punjab,438362,Sandeep Sharma,Sunrisers Hyderabad,,,604302,Nicholas Pooran,1,9.52
ipl20,201104,1216542,2nd innings,202,51,0,108/4,0,69,11.3,0,0,0,False,,398506,Mandeep Singh,Kings XI Punjab,438362,Sandeep Sharma,Sunrisers Hyderabad,,,604302,Nicholas Pooran,0,9.39
ipl20,201105,1216542,2nd innings,202,50,0,109/4,0,70,11.4,1,0,0,False,,398506,Mandeep Singh,Kings XI Punjab,438362,Sandeep Sharma,Sunrisers Hyderabad,,,604302,Nicholas Pooran,1,9.34
ipl20,201106,1216542,2nd innings,202,49,0,110/4,0,71,11.5,1,0,0,False,,604302,Nicholas Pooran,Kings XI Punjab,438362,Sandeep Sharma,Sunrisers Hyderabad,,,398506,Mandeep Singh,1,9.29
ipl20,201107,1216542,2nd innings,202,48,0,112/4,0,72,11.6,2,0,0,False,,398506,Mandeep Singh,Kings XI Punjab,438362,Sandeep Sharma,Sunrisers Hyderabad,,,604302,Nicholas Pooran,2,9.33
ipl20,201201,1216542,2nd innings,202,47,0,113/4,0,73,12.1,1,0,0,False,,604302,Nicholas Pooran,Kings XI Punjab,793463,Rashid Khan,Sunrisers Hyderabad,,,398506,Mandeep Singh,1,9.28
ipl20,201202,1216542,2nd innings,202,46,0,115/4,0,74,12.2,2,0,0,False,,398506,Mandeep Singh,Kings XI Punjab,793463,Rashid Khan,Sunrisers Hyderabad,,,604302,Nicholas Pooran,2,9.32
ipl20,201203,1216542,2nd innings,202,45,0,115/5,5,75,12.3,0,0,0,True,bowled,398506,Mandeep Singh,Kings XI Punjab,793463,Rashid Khan,Sunrisers Hyderabad,793463,Rashid Khan,604302,Nicholas Pooran,0,9.2
ipl20,201204,1216542,2nd innings,202,44,0,116/5,0,76,12.4,1,0,0,False,,974109,Mujeeb Ur Rahman,Kings XI Punjab,793463,Rashid Khan,Sunrisers Hyderabad,,,604302,Nicholas Pooran,1,9.15
ipl20,201205,1216542,2nd innings,202,43,0,117/5,0,77,12.5,1,0,0,False,,604302,Nicholas Pooran,Kings XI Punjab,793463,Rashid Khan,Sunrisers Hyderabad,,,974109,Mujeeb Ur Rahman,1,9.11
ipl20,201206,1216542,2nd innings,202,42,0,117/5,0,78,12.6,0,0,0,False,,974109,Mujeeb Ur Rahman,Kings XI Punjab,793463,Rashid Khan,Sunrisers Hyderabad,,,604302,Nicholas Pooran,0,9.0
ipl20,201301,1216542,2nd innings,202,41,0,117/5,0,79,13.1,0,0,0,False,,604302,Nicholas Pooran,Kings XI Punjab,942645,Khaleel Ahmed,Sunrisers Hyderabad,,,974109,Mujeeb Ur Rahman,0,8.88
ipl20,201302,1216542,2nd innings,202,40,0,121/5,0,80,13.2,4,0,0,False,,604302,Nicholas Pooran,Kings XI Punjab,942645,Khaleel Ahmed,Sunrisers Hyderabad,,,974109,Mujeeb Ur Rahman,4,9.07
ipl20,201303,1216542,2nd innings,202,39,0,125/5,0,81,13.3,4,0,0,False,,604302,Nicholas Pooran,Kings XI Punjab,942645,Khaleel Ahmed,Sunrisers Hyderabad,,,974109,Mujeeb Ur Rahman,4,9.25
ipl20,201304,1216542,2nd innings,202,38,0,126/5,0,82,13.4,1,0,0,False,,604302,Nicholas Pooran,Kings XI Punjab,942645,Khaleel Ahmed,Sunrisers Hyderabad,,,974109,Mujeeb Ur Rahman,1,9.21
ipl20,201305,1216542,2nd innings,202,37,0,126/6,6,83,13.5,0,0,0,True,caught,974109,Mujeeb Ur Rahman,Kings XI Punjab,942645,Khaleel Ahmed,Sunrisers Hyderabad,974109,Mujeeb Ur Rahman,604302,Nicholas Pooran,0,9.1
ipl20,201306,1216542,2nd innings,202,36,0,126/6,0,84,13.6,0,0,0,False,,1175441,Ravi Bishnoi,Kings XI Punjab,942645,Khaleel Ahmed,Sunrisers Hyderabad,,,604302,Nicholas Pooran,0,9.0
ipl20,201401,1216542,2nd innings,202,35,0,126/6,0,85,14.1,0,0,0,False,,604302,Nicholas Pooran,Kings XI Punjab,793463,Rashid Khan,Sunrisers Hyderabad,,,1175441,Ravi Bishnoi,0,8.89
ipl20,201402,1216542,2nd innings,202,34,0,126/6,0,86,14.2,0,0,0,False,,604302,Nicholas Pooran,Kings XI Punjab,793463,Rashid Khan,Sunrisers Hyderabad,,,1175441,Ravi Bishnoi,0,8.79
ipl20,201403,1216542,2nd innings,202,33,0,126/6,0,87,14.3,0,0,0,False,,604302,Nicholas Pooran,Kings XI Punjab,793463,Rashid Khan,Sunrisers Hyderabad,,,1175441,Ravi Bishnoi,0,8.68
ipl20,201404,1216542,2nd innings,202,32,0,126/6,0,88,14.4,0,0,0,False,,604302,Nicholas Pooran,Kings XI Punjab,793463,Rashid Khan,Sunrisers Hyderabad,,,1175441,Ravi Bishnoi,0,8.59
ipl20,201405,1216542,2nd innings,202,31,0,126/7,7,89,14.5,0,0,0,True,caught,604302,Nicholas Pooran,Kings XI Punjab,793463,Rashid Khan,Sunrisers Hyderabad,604302,Nicholas Pooran,1175441,Ravi Bishnoi,0,8.49
ipl20,201406,1216542,2nd innings,202,30,0,126/8,8,90,14.6,0,0,0,True,leg before wicket,481896,Mohammed Shami,Kings XI Punjab,793463,Rashid Khan,Sunrisers Hyderabad,793463,Rashid Khan,1175441,Ravi Bishnoi,0,8.4
ipl20,201501,1216542,2nd innings,202,29,0,126/8,0,91,15.1,0,0,0,False,,1175441,Ravi Bishnoi,Kings XI Punjab,438362,Sandeep Sharma,Sunrisers Hyderabad,,,495551,Sheldon Cottrell,0,8.3
ipl20,201502,1216542,2nd innings,202,28,0,126/8,0,92,15.2,0,0,0,False,,1175441,Ravi Bishnoi,Kings XI Punjab,438362,Sandeep Sharma,Sunrisers Hyderabad,,,495551,Sheldon Cottrell,0,8.21
ipl20,201503,1216542,2nd innings,202,27,0,130/8,0,93,15.3,4,0,0,False,,1175441,Ravi Bishnoi,Kings XI Punjab,438362,Sandeep Sharma,Sunrisers Hyderabad,,,495551,Sheldon Cottrell,4,8.38
ipl20,201504,1216542,2nd innings,202,26,0,130/8,0,94,15.4,0,0,0,False,,1175441,Ravi Bishnoi,Kings XI Punjab,438362,Sandeep Sharma,Sunrisers Hyderabad,,,495551,Sheldon Cottrell,0,8.29
ipl20,201505,1216542,2nd innings,202,25,0,131/8,0,95,15.5,1,0,0,False,,1175441,Ravi Bishnoi,Kings XI Punjab,438362,Sandeep Sharma,Sunrisers Hyderabad,,,495551,Sheldon Cottrell,1,8.27
ipl20,201506,1216542,2nd innings,202,24,0,131/8,0,96,15.6,0,0,0,False,,495551,Sheldon Cottrell,Kings XI Punjab,438362,Sandeep Sharma,Sunrisers Hyderabad,,,1175441,Ravi Bishnoi,0,8.18
ipl20,201601,1216542,2nd innings,202,23,0,132/8,0,97,16.1,1,0,0,False,,1175441,Ravi Bishnoi,Kings XI Punjab,802575,T Natarajan,Sunrisers Hyderabad,,,495551,Sheldon Cottrell,1,8.16
ipl20,201602,1216542,2nd innings,202,22,0,132/9,9,98,16.2,0,0,0,True,bowled,495551,Sheldon Cottrell,Kings XI Punjab,802575,T Natarajan,Sunrisers Hyderabad,802575,T Natarajan,1175441,Ravi Bishnoi,0,8.08
ipl20,201603,1216542,2nd innings,202,21,0,132/9,0,99,16.3,0,0,0,False,,1125976,Arshdeep Singh,Kings XI Punjab,802575,T Natarajan,Sunrisers Hyderabad,,,1175441,Ravi Bishnoi,0,8.0
ipl20,201604,1216542,2nd innings,202,20,0,132/9,0,100,16.4,0,0,0,False,,1125976,Arshdeep Singh,Kings XI Punjab,802575,T Natarajan,Sunrisers Hyderabad,,,1175441,Ravi Bishnoi,0,7.92
ipl20,201605,1216542,2nd innings,202,19,0,132/10,10,101,16.5,0,0,0,True,caught,1125976,Arshdeep Singh,Kings XI Punjab,802575,T Natarajan,Sunrisers Hyderabad,802575,T Natarajan,1175441,Ravi Bishnoi,0,7.84
