ipl_season,sequence,eventid,innings,target,remainingballs,homescore,awayscore,fallofwickets,ball,over,scorevalue,validball,extras,dismissal,dismissaltype,batsmanid,batsman,batsmanteam,bowlerid,bowler,bowlerteam,otherathleteinvolvedid,otherathleteinvolved,nonstrikerid,nonstriker,runs,runrate
ipl20,100001,1216508,1st innings,0,119,1/0,0,0,1,0.1,1,0,0,False,,379143,Quinton de Kock,Mumbai Indians,592735,Sandeep Warrier,Kolkata Knight Riders,,,34102,Rohit Sharma,1,6.0
ipl20,100002,1216508,1st innings,0,118,1/0,0,0,2,0.2,0,0,0,False,,34102,Rohit Sharma,Mumbai Indians,592735,Sandeep Warrier,Kolkata Knight Riders,,,379143,Quinton de Kock,0,3.0
ipl20,100003,1216508,1st innings,0,117,1/0,0,0,3,0.3,0,0,0,False,,34102,Rohit Sharma,Mumbai Indians,592735,Sandeep Warrier,Kolkata Knight Riders,,,379143,Quinton de Kock,0,2.0
ipl20,100004,1216508,1st innings,0,116,1/0,0,0,4,0.4,0,0,0,False,,34102,Rohit Sharma,Mumbai Indians,592735,Sandeep Warrier,Kolkata Knight Riders,,,379143,Quinton de Kock,0,1.5
ipl20,100005,1216508,1st innings,0,115,1/0,0,0,5,0.5,0,0,0,False,,34102,Rohit Sharma,Mumbai Indians,592735,Sandeep Warrier,Kolkata Knight Riders,,,379143,Quinton de Kock,0,1.2
ipl20,100006,1216508,1st innings,0,115,2/0,0,0,5,0.5,1,1,1,False,,34102,Rohit Sharma,Mumbai Indians,592735,Sandeep Warrier,Kolkata Knight Riders,,,379143,Quinton de Kock,1,2.4
ipl20,100007,1216508,1st innings,0,114,8/0,0,0,6,0.6,6,0,0,False,,34102,Rohit Sharma,Mumbai Indians,592735,Sandeep Warrier,Kolkata Knight Riders,,,379143,Quinton de Kock,6,8.0
ipl20,100101,1216508,1st innings,0,113,8/0,0,0,7,1.1,0,0,0,False,,379143,Quinton de Kock,Mumbai Indians,1079848,Shivam Mavi,Kolkata Knight Riders,,,34102,Rohit Sharma,0,6.85
ipl20,100102,1216508,1st innings,0,112,8/1,0,1,8,1.2,0,0,0,True,caught,379143,Quinton de Kock,Mumbai Indians,1079848,Shivam Mavi,Kolkata Knight Riders,379143,Quinton de Kock,34102,Rohit Sharma,0,6.0
ipl20,100103,1216508,1st innings,0,111,8/1,0,0,9,1.3,0,0,0,False,,34102,Rohit Sharma,Mumbai Indians,1079848,Shivam Mavi,Kolkata Knight Riders,,,446507,Suryakumar Yadav,0,5.33
ipl20,100104,1216508,1st innings,0,110,8/1,0,0,10,1.4,0,0,0,False,,34102,Rohit Sharma,Mumbai Indians,1079848,Shivam Mavi,Kolkata Knight Riders,,,446507,Suryakumar Yadav,0,4.8
ipl20,100105,1216508,1st innings,0,109,8/1,0,0,11,1.5,0,0,0,False,,34102,Rohit Sharma,Mumbai Indians,1079848,Shivam Mavi,Kolkata Knight Riders,,,446507,Suryakumar Yadav,0,4.36
ipl20,100106,1216508,1st innings,0,108,8/1,0,0,12,1.6,0,0,0,False,,34102,Rohit Sharma,Mumbai Indians,1079848,Shivam Mavi,Kolkata Knight Riders,,,446507,Suryakumar Yadav,0,4.0
ipl20,100201,1216508,1st innings,0,107,12/1,0,0,13,2.1,4,0,0,False,,446507,Suryakumar Yadav,Mumbai Indians,592735,Sandeep Warrier,Kolkata Knight Riders,,,34102,Rohit Sharma,4,5.53
ipl20,100202,1216508,1st innings,0,106,12/1,0,0,14,2.2,0,0,0,False,,446507,Suryakumar Yadav,Mumbai Indians,592735,Sandeep Warrier,Kolkata Knight Riders,,,34102,Rohit Sharma,0,5.14
ipl20,100203,1216508,1st innings,0,105,12/1,0,0,15,2.3,0,0,0,False,,446507,Suryakumar Yadav,Mumbai Indians,592735,Sandeep Warrier,Kolkata Knight Riders,,,34102,Rohit Sharma,0,4.8
ipl20,100204,1216508,1st innings,0,104,16/1,0,0,16,2.4,4,0,0,False,,446507,Suryakumar Yadav,Mumbai Indians,592735,Sandeep Warrier,Kolkata Knight Riders,,,34102,Rohit Sharma,4,6.0
ipl20,100205,1216508,1st innings,0,103,20/1,0,0,17,2.5,4,0,0,False,,446507,Suryakumar Yadav,Mumbai Indians,592735,Sandeep Warrier,Kolkata Knight Riders,,,34102,Rohit Sharma,4,7.05
ipl20,100206,1216508,1st innings,0,102,24/1,0,0,18,2.6,4,0,0,False,,446507,Suryakumar Yadav,Mumbai Indians,592735,Sandeep Warrier,Kolkata Knight Riders,,,34102,Rohit Sharma,4,8.0
ipl20,100301,1216508,1st innings,0,101,26/1,0,0,19,3.1,2,0,0,False,,34102,Rohit Sharma,Mumbai Indians,1079848,Shivam Mavi,Kolkata Knight Riders,,,446507,Suryakumar Yadav,2,8.21
ipl20,100302,1216508,1st innings,0,100,26/1,0,0,20,3.2,0,0,0,False,,34102,Rohit Sharma,Mumbai Indians,1079848,Shivam Mavi,Kolkata Knight Riders,,,446507,Suryakumar Yadav,0,7.8
ipl20,100303,1216508,1st innings,0,99,28/1,0,0,21,3.3,2,0,0,False,,34102,Rohit Sharma,Mumbai Indians,1079848,Shivam Mavi,Kolkata Knight Riders,,,446507,Suryakumar Yadav,2,8.0
ipl20,100304,1216508,1st innings,0,98,31/1,0,0,22,3.4,3,0,0,False,,34102,Rohit Sharma,Mumbai Indians,1079848,Shivam Mavi,Kolkata Knight Riders,,,446507,Suryakumar Yadav,3,8.45
ipl20,100305,1216508,1st innings,0,97,31/1,0,0,23,3.5,0,0,0,False,,446507,Suryakumar Yadav,Mumbai Indians,1079848,Shivam Mavi,Kolkata Knight Riders,,,34102,Rohit Sharma,0,8.08
ipl20,100306,1216508,1st innings,0,96,33/1,0,0,24,3.6,2,0,0,False,,446507,Suryakumar Yadav,Mumbai Indians,1079848,Shivam Mavi,Kolkata Knight Riders,,,34102,Rohit Sharma,2,8.25
ipl20,100401,1216508,1st innings,0,96,34/1,0,0,24,4.0,1,1,1,False,,34102,Rohit Sharma,Mumbai Indians,489889,Pat Cummins,Kolkata Knight Riders,,,446507,Suryakumar Yadav,1,8.5
ipl20,100402,1216508,1st innings,0,95,40/1,0,0,25,4.1,6,0,0,False,,34102,Rohit Sharma,Mumbai Indians,489889,Pat Cummins,Kolkata Knight Riders,,,446507,Suryakumar Yadav,6,9.6
ipl20,100403,1216508,1st innings,0,94,41/1,0,0,26,4.2,1,0,0,False,,34102,Rohit Sharma,Mumbai Indians,489889,Pat Cummins,Kolkata Knight Riders,,,446507,Suryakumar Yadav,1,9.46
ipl20,100404,1216508,1st innings,0,93,42/1,0,0,27,4.3,1,0,0,False,,446507,Suryakumar Yadav,Mumbai Indians,489889,Pat Cummins,Kolkata Knight Riders,,,34102,Rohit Sharma,1,9.33
ipl20,100405,1216508,1st innings,0,92,42/1,0,0,28,4.4,0,0,0,False,,34102,Rohit Sharma,Mumbai Indians,489889,Pat Cummins,Kolkata Knight Riders,,,446507,Suryakumar Yadav,0,9.0
ipl20,100406,1216508,1st innings,0,91,48/1,0,0,29,4.5,6,0,0,False,,34102,Rohit Sharma,Mumbai Indians,489889,Pat Cummins,Kolkata Knight Riders,,,446507,Suryakumar Yadav,6,9.93
ipl20,100407,1216508,1st innings,0,90,48/1,0,0,30,4.6,0,0,0,False,,34102,Rohit Sharma,Mumbai Indians,489889,Pat Cummins,Kolkata Knight Riders,,,446507,Suryakumar Yadav,0,9.6
ipl20,100501,1216508,1st innings,0,89,52/1,0,0,31,5.1,4,0,0,False,,446507,Suryakumar Yadav,Mumbai Indians,230558,Sunil Narine,Kolkata Knight Riders,,,34102,Rohit Sharma,4,10.06
ipl20,100502,1216508,1st innings,0,88,53/1,0,0,32,5.2,1,0,0,False,,446507,Suryakumar Yadav,Mumbai Indians,230558,Sunil Narine,Kolkata Knight Riders,,,34102,Rohit Sharma,1,9.93
ipl20,100503,1216508,1st innings,0,87,54/1,0,0,33,5.3,1,0,0,False,,34102,Rohit Sharma,Mumbai Indians,230558,Sunil Narine,Kolkata Knight Riders,,,446507,Suryakumar Yadav,1,9.81
ipl20,100504,1216508,1st innings,0,86,58/1,0,0,34,5.4,4,0,0,False,,446507,Suryakumar Yadav,Mumbai Indians,230558,Sunil Narine,Kolkata Knight Riders,,,34102,Rohit Sharma,4,10.23
ipl20,100505,1216508,1st innings,0,85,59/1,0,0,35,5.5,1,0,0,False,,446507,Suryakumar Yadav,Mumbai Indians,230558,Sunil Narine,Kolkata Knight Riders,,,34102,Rohit Sharma,1,10.11
ipl20,100506,1216508,1st innings,0,84,59/1,0,0,36,5.6,0,0,0,False,,34102,Rohit Sharma,Mumbai Indians,230558,Sunil Narine,Kolkata Knight Riders,,,446507,Suryakumar Yadav,0,9.83
ipl20,100601,1216508,1st innings,0,83,60/1,0,0,37,6.1,1,0,0,False,,446507,Suryakumar Yadav,Mumbai Indians,276298,Andre Russell,Kolkata Knight Riders,,,34102,Rohit Sharma,1,9.72
ipl20,100602,1216508,1st innings,0,82,60/1,0,0,38,6.2,0,0,0,False,,34102,Rohit Sharma,Mumbai Indians,276298,Andre Russell,Kolkata Knight Riders,,,446507,Suryakumar Yadav,0,9.47
ipl20,100603,1216508,1st innings,0,81,64/1,0,0,39,6.3,4,0,0,False,,34102,Rohit Sharma,Mumbai Indians,276298,Andre Russell,Kolkata Knight Riders,,,446507,Suryakumar Yadav,4,9.84
ipl20,100604,1216508,1st innings,0,80,64/1,0,0,40,6.4,0,0,0,False,,34102,Rohit Sharma,Mumbai Indians,276298,Andre Russell,Kolkata Knight Riders,,,446507,Suryakumar Yadav,0,9.6
ipl20,100605,1216508,1st innings,0,79,70/1,0,0,41,6.5,6,0,0,False,,34102,Rohit Sharma,Mumbai Indians,276298,Andre Russell,Kolkata Knight Riders,,,446507,Suryakumar Yadav,6,10.24
ipl20,100606,1216508,1st innings,0,78,72/1,0,0,42,6.6,2,0,0,False,,34102,Rohit Sharma,Mumbai Indians,276298,Andre Russell,Kolkata Knight Riders,,,446507,Suryakumar Yadav,2,10.28
ipl20,100701,1216508,1st innings,0,77,73/1,0,0,43,7.1,1,0,0,False,,446507,Suryakumar Yadav,Mumbai Indians,559235,Kuldeep Yadav,Kolkata Knight Riders,,,34102,Rohit Sharma,1,10.18
ipl20,100702,1216508,1st innings,0,76,74/1,0,0,44,7.2,1,0,0,False,,34102,Rohit Sharma,Mumbai Indians,559235,Kuldeep Yadav,Kolkata Knight Riders,,,446507,Suryakumar Yadav,1,10.09
ipl20,100703,1216508,1st innings,0,75,75/1,0,0,45,7.3,1,0,0,False,,446507,Suryakumar Yadav,Mumbai Indians,559235,Kuldeep Yadav,Kolkata Knight Riders,,,34102,Rohit Sharma,1,10.0
ipl20,100704,1216508,1st innings,0,74,76/1,0,0,46,7.4,1,0,0,False,,34102,Rohit Sharma,Mumbai Indians,559235,Kuldeep Yadav,Kolkata Knight Riders,,,446507,Suryakumar Yadav,1,9.91
ipl20,100705,1216508,1st innings,0,73,82/1,0,0,47,7.5,6,0,0,False,,446507,Suryakumar Yadav,Mumbai Indians,559235,Kuldeep Yadav,Kolkata Knight Riders,,,34102,Rohit Sharma,6,10.46
ipl20,100706,1216508,1st innings,0,72,83/1,0,0,48,7.6,1,0,0,False,,446507,Suryakumar Yadav,Mumbai Indians,559235,Kuldeep Yadav,Kolkata Knight Riders,,,34102,Rohit Sharma,1,10.37
ipl20,100801,1216508,1st innings,0,71,84/1,0,0,49,8.1,1,0,0,False,,446507,Suryakumar Yadav,Mumbai Indians,230558,Sunil Narine,Kolkata Knight Riders,,,34102,Rohit Sharma,1,10.28
ipl20,100802,1216508,1st innings,0,70,85/1,0,0,50,8.2,1,0,0,False,,34102,Rohit Sharma,Mumbai Indians,230558,Sunil Narine,Kolkata Knight Riders,,,446507,Suryakumar Yadav,1,10.2
ipl20,100803,1216508,1st innings,0,69,85/1,0,0,51,8.3,0,0,0,False,,446507,Suryakumar Yadav,Mumbai Indians,230558,Sunil Narine,Kolkata Knight Riders,,,34102,Rohit Sharma,0,10.0
ipl20,100804,1216508,1st innings,0,68,86/1,0,0,52,8.4,1,0,0,False,,446507,Suryakumar Yadav,Mumbai Indians,230558,Sunil Narine,Kolkata Knight Riders,,,34102,Rohit Sharma,1,9.92
ipl20,100805,1216508,1st innings,0,67,87/1,0,0,53,8.5,1,0,0,False,,34102,Rohit Sharma,Mumbai Indians,230558,Sunil Narine,Kolkata Knight Riders,,,446507,Suryakumar Yadav,1,9.84
ipl20,100806,1216508,1st innings,0,66,88/1,0,0,54,8.6,1,0,0,False,,446507,Suryakumar Yadav,Mumbai Indians,230558,Sunil Narine,Kolkata Knight Riders,,,34102,Rohit Sharma,1,9.77
ipl20,100901,1216508,1st innings,0,65,89/1,0,0,55,9.1,1,0,0,False,,446507,Suryakumar Yadav,Mumbai Indians,559235,Kuldeep Yadav,Kolkata Knight Riders,,,34102,Rohit Sharma,1,9.7
ipl20,100902,1216508,1st innings,0,64,90/1,0,0,56,9.2,1,0,0,False,,34102,Rohit Sharma,Mumbai Indians,559235,Kuldeep Yadav,Kolkata Knight Riders,,,446507,Suryakumar Yadav,1,9.64
ipl20,100903,1216508,1st innings,0,64,91/1,0,0,56,9.2,1,1,1,False,,446507,Suryakumar Yadav,Mumbai Indians,559235,Kuldeep Yadav,Kolkata Knight Riders,,,34102,Rohit Sharma,1,9.75
ipl20,100904,1216508,1st innings,0,63,92/1,0,0,57,9.3,1,0,0,False,,446507,Suryakumar Yadav,Mumbai Indians,559235,Kuldeep Yadav,Kolkata Knight Riders,,,34102,Rohit Sharma,1,9.68
ipl20,100905,1216508,1st innings,0,62,93/1,0,0,58,9.4,1,0,0,False,,34102,Rohit Sharma,Mumbai Indians,559235,Kuldeep Yadav,Kolkata Knight Riders,,,446507,Suryakumar Yadav,1,9.62
ipl20,100906,1216508,1st innings,0,61,94/1,0,0,59,9.5,1,0,0,False,,446507,Suryakumar Yadav,Mumbai Indians,559235,Kuldeep Yadav,Kolkata Knight Riders,,,34102,Rohit Sharma,1,9.55
ipl20,100907,1216508,1st innings,0,60,94/1,0,0,60,9.6,0,0,0,False,,34102,Rohit Sharma,Mumbai Indians,559235,Kuldeep Yadav,Kolkata Knight Riders,,,446507,Suryakumar Yadav,0,9.4
ipl20,101001,1216508,1st innings,0,59,95/1,0,0,61,10.1,1,0,0,False,,446507,Suryakumar Yadav,Mumbai Indians,230558,Sunil Narine,Kolkata Knight Riders,,,34102,Rohit Sharma,1,9.34
ipl20,101002,1216508,1st innings,0,58,95/1,0,0,62,10.2,0,0,0,False,,34102,Rohit Sharma,Mumbai Indians,230558,Sunil Narine,Kolkata Knight Riders,,,446507,Suryakumar Yadav,0,9.19
ipl20,101003,1216508,1st innings,0,57,96/1,0,0,63,10.3,1,0,0,False,,34102,Rohit Sharma,Mumbai Indians,230558,Sunil Narine,Kolkata Knight Riders,,,446507,Suryakumar Yadav,1,9.14
ipl20,101004,1216508,1st innings,0,56,97/1,0,0,64,10.4,1,0,0,False,,446507,Suryakumar Yadav,Mumbai Indians,230558,Sunil Narine,Kolkata Knight Riders,,,34102,Rohit Sharma,1,9.09
ipl20,101005,1216508,1st innings,0,55,98/2,0,2,65,10.5,1,0,0,True,run out,34102,Rohit Sharma,Mumbai Indians,230558,Sunil Narine,Kolkata Knight Riders,34102,Rohit Sharma,446507,Suryakumar Yadav,1,9.04
ipl20,101006,1216508,1st innings,0,54,99/2,0,0,66,10.6,1,0,0,False,,34102,Rohit Sharma,Mumbai Indians,230558,Sunil Narine,Kolkata Knight Riders,,,35390,Saurabh Tiwary,1,9.0
ipl20,101101,1216508,1st innings,0,53,100/2,0,0,67,11.1,1,0,1,False,,34102,Rohit Sharma,Mumbai Indians,559235,Kuldeep Yadav,Kolkata Knight Riders,,,35390,Saurabh Tiwary,1,8.95
ipl20,101102,1216508,1st innings,0,52,101/2,0,0,68,11.2,1,0,0,False,,35390,Saurabh Tiwary,Mumbai Indians,559235,Kuldeep Yadav,Kolkata Knight Riders,,,34102,Rohit Sharma,1,8.91
ipl20,101103,1216508,1st innings,0,51,102/2,0,0,69,11.3,1,0,0,False,,34102,Rohit Sharma,Mumbai Indians,559235,Kuldeep Yadav,Kolkata Knight Riders,,,35390,Saurabh Tiwary,1,8.86
ipl20,101104,1216508,1st innings,0,50,102/2,0,0,70,11.4,0,0,0,False,,35390,Saurabh Tiwary,Mumbai Indians,559235,Kuldeep Yadav,Kolkata Knight Riders,,,34102,Rohit Sharma,0,8.74
ipl20,101105,1216508,1st innings,0,49,103/2,0,0,71,11.5,1,0,0,False,,35390,Saurabh Tiwary,Mumbai Indians,559235,Kuldeep Yadav,Kolkata Knight Riders,,,34102,Rohit Sharma,1,8.7
ipl20,101106,1216508,1st innings,0,48,105/2,0,0,72,11.6,2,0,0,False,,34102,Rohit Sharma,Mumbai Indians,559235,Kuldeep Yadav,Kolkata Knight Riders,,,35390,Saurabh Tiwary,2,8.75
ipl20,101201,1216508,1st innings,0,47,106/2,0,0,73,12.1,1,0,0,False,,35390,Saurabh Tiwary,Mumbai Indians,592735,Sandeep Warrier,Kolkata Knight Riders,,,34102,Rohit Sharma,1,8.71
ipl20,101202,1216508,1st innings,0,47,107/2,0,0,73,12.1,1,1,1,False,,34102,Rohit Sharma,Mumbai Indians,592735,Sandeep Warrier,Kolkata Knight Riders,,,35390,Saurabh Tiwary,1,8.79
ipl20,101203,1216508,1st innings,0,46,111/2,0,0,74,12.2,4,0,0,False,,34102,Rohit Sharma,Mumbai Indians,592735,Sandeep Warrier,Kolkata Knight Riders,,,35390,Saurabh Tiwary,4,9.0
ipl20,101204,1216508,1st innings,0,45,111/2,0,0,75,12.3,0,0,0,False,,34102,Rohit Sharma,Mumbai Indians,592735,Sandeep Warrier,Kolkata Knight Riders,,,35390,Saurabh Tiwary,0,8.88
ipl20,101205,1216508,1st innings,0,45,112/2,0,0,75,12.3,1,1,1,False,,34102,Rohit Sharma,Mumbai Indians,592735,Sandeep Warrier,Kolkata Knight Riders,,,35390,Saurabh Tiwary,1,8.96
ipl20,101206,1216508,1st innings,0,44,112/2,0,0,76,12.4,0,0,0,False,,34102,Rohit Sharma,Mumbai Indians,592735,Sandeep Warrier,Kolkata Knight Riders,,,35390,Saurabh Tiwary,0,8.84
ipl20,101207,1216508,1st innings,0,43,113/2,0,0,77,12.5,1,0,0,False,,34102,Rohit Sharma,Mumbai Indians,592735,Sandeep Warrier,Kolkata Knight Riders,,,35390,Saurabh Tiwary,1,8.8
ipl20,101208,1216508,1st innings,0,42,115/2,0,0,78,12.6,2,0,0,False,,35390,Saurabh Tiwary,Mumbai Indians,592735,Sandeep Warrier,Kolkata Knight Riders,,,34102,Rohit Sharma,2,8.84
ipl20,101301,1216508,1st innings,0,41,121/2,0,0,79,13.1,6,0,0,False,,34102,Rohit Sharma,Mumbai Indians,559235,Kuldeep Yadav,Kolkata Knight Riders,,,35390,Saurabh Tiwary,6,9.18
ipl20,101302,1216508,1st innings,0,40,122/2,0,0,80,13.2,1,0,0,False,,34102,Rohit Sharma,Mumbai Indians,559235,Kuldeep Yadav,Kolkata Knight Riders,,,35390,Saurabh Tiwary,1,9.15
ipl20,101303,1216508,1st innings,0,39,123/2,0,0,81,13.3,1,0,0,False,,35390,Saurabh Tiwary,Mumbai Indians,559235,Kuldeep Yadav,Kolkata Knight Riders,,,34102,Rohit Sharma,1,9.11
ipl20,101304,1216508,1st innings,0,38,129/2,0,0,82,13.4,6,0,0,False,,34102,Rohit Sharma,Mumbai Indians,559235,Kuldeep Yadav,Kolkata Knight Riders,,,35390,Saurabh Tiwary,6,9.43
ipl20,101305,1216508,1st innings,0,37,130/2,0,0,83,13.5,1,0,0,False,,34102,Rohit Sharma,Mumbai Indians,559235,Kuldeep Yadav,Kolkata Knight Riders,,,35390,Saurabh Tiwary,1,9.39
ipl20,101306,1216508,1st innings,0,37,131/2,0,0,83,13.5,1,1,1,False,,35390,Saurabh Tiwary,Mumbai Indians,559235,Kuldeep Yadav,Kolkata Knight Riders,,,34102,Rohit Sharma,1,9.46
ipl20,101307,1216508,1st innings,0,36,132/2,0,0,84,13.6,1,0,0,False,,35390,Saurabh Tiwary,Mumbai Indians,559235,Kuldeep Yadav,Kolkata Knight Riders,,,34102,Rohit Sharma,1,9.42
ipl20,101401,1216508,1st innings,0,35,136/2,0,0,85,14.1,4,0,0,False,,35390,Saurabh Tiwary,Mumbai Indians,489889,Pat Cummins,Kolkata Knight Riders,,,34102,Rohit Sharma,4,9.6
ipl20,101402,1216508,1st innings,0,34,142/2,0,0,86,14.2,6,0,0,False,,35390,Saurabh Tiwary,Mumbai Indians,489889,Pat Cummins,Kolkata Knight Riders,,,34102,Rohit Sharma,6,9.9
ipl20,101403,1216508,1st innings,0,33,143/2,0,0,87,14.3,1,0,0,False,,35390,Saurabh Tiwary,Mumbai Indians,489889,Pat Cummins,Kolkata Knight Riders,,,34102,Rohit Sharma,1,9.86
ipl20,101404,1216508,1st innings,0,32,144/2,0,0,88,14.4,1,0,0,False,,34102,Rohit Sharma,Mumbai Indians,489889,Pat Cummins,Kolkata Knight Riders,,,35390,Saurabh Tiwary,1,9.81
ipl20,101405,1216508,1st innings,0,31,146/2,0,0,89,14.5,2,0,0,False,,35390,Saurabh Tiwary,Mumbai Indians,489889,Pat Cummins,Kolkata Knight Riders,,,34102,Rohit Sharma,2,9.84
ipl20,101406,1216508,1st innings,0,30,147/2,0,0,90,14.6,1,0,0,False,,35390,Saurabh Tiwary,Mumbai Indians,489889,Pat Cummins,Kolkata Knight Riders,,,34102,Rohit Sharma,1,9.8
ipl20,101501,1216508,1st innings,0,29,147/3,0,3,91,15.1,0,0,0,True,caught,35390,Saurabh Tiwary,Mumbai Indians,230558,Sunil Narine,Kolkata Knight Riders,230558,Sunil Narine,34102,Rohit Sharma,0,9.69
ipl20,101502,1216508,1st innings,0,28,148/3,0,0,92,15.2,1,0,0,False,,34102,Rohit Sharma,Mumbai Indians,230558,Sunil Narine,Kolkata Knight Riders,,,625371,Hardik Pandya,1,9.65
ipl20,101503,1216508,1st innings,0,27,148/3,0,0,93,15.3,0,0,0,False,,625371,Hardik Pandya,Mumbai Indians,230558,Sunil Narine,Kolkata Knight Riders,,,34102,Rohit Sharma,0,9.54
ipl20,101504,1216508,1st innings,0,26,148/3,0,0,94,15.4,0,0,0,False,,625371,Hardik Pandya,Mumbai Indians,230558,Sunil Narine,Kolkata Knight Riders,,,34102,Rohit Sharma,0,9.44
ipl20,101505,1216508,1st innings,0,25,148/3,0,0,95,15.5,0,0,0,False,,625371,Hardik Pandya,Mumbai Indians,230558,Sunil Narine,Kolkata Knight Riders,,,34102,Rohit Sharma,0,9.34
ipl20,101506,1216508,1st innings,0,24,148/3,0,0,96,15.6,0,0,0,False,,625371,Hardik Pandya,Mumbai Indians,230558,Sunil Narine,Kolkata Knight Riders,,,34102,Rohit Sharma,0,9.25
ipl20,101601,1216508,1st innings,0,24,149/3,0,0,96,16.0,1,1,1,False,,34102,Rohit Sharma,Mumbai Indians,489889,Pat Cummins,Kolkata Knight Riders,,,625371,Hardik Pandya,1,9.31
ipl20,101602,1216508,1st innings,0,23,150/3,0,0,97,16.1,1,0,0,False,,34102,Rohit Sharma,Mumbai Indians,489889,Pat Cummins,Kolkata Knight Riders,,,625371,Hardik Pandya,1,9.27
ipl20,101603,1216508,1st innings,0,22,151/3,0,0,98,16.2,1,0,0,False,,625371,Hardik Pandya,Mumbai Indians,489889,Pat Cummins,Kolkata Knight Riders,,,34102,Rohit Sharma,1,9.24
ipl20,101604,1216508,1st innings,0,22,153/3,0,0,98,16.2,2,2,2,False,,34102,Rohit Sharma,Mumbai Indians,489889,Pat Cummins,Kolkata Knight Riders,,,625371,Hardik Pandya,2,9.36
ipl20,101605,1216508,1st innings,0,21,157/3,0,0,99,16.3,4,0,0,False,,625371,Hardik Pandya,Mumbai Indians,489889,Pat Cummins,Kolkata Knight Riders,,,34102,Rohit Sharma,4,9.51
ipl20,101606,1216508,1st innings,0,20,161/3,0,0,100,16.4,4,0,0,False,,625371,Hardik Pandya,Mumbai Indians,489889,Pat Cummins,Kolkata Knight Riders,,,34102,Rohit Sharma,4,9.66
ipl20,101607,1216508,1st innings,0,19,161/3,0,0,101,16.5,0,0,0,False,,625371,Hardik Pandya,Mumbai Indians,489889,Pat Cummins,Kolkata Knight Riders,,,34102,Rohit Sharma,0,9.56
ipl20,101608,1216508,1st innings,0,18,167/3,0,0,102,16.6,6,0,0,False,,625371,Hardik Pandya,Mumbai Indians,489889,Pat Cummins,Kolkata Knight Riders,,,34102,Rohit Sharma,6,9.82
ipl20,101701,1216508,1st innings,0,18,168/3,0,0,102,17.0,1,1,1,False,,34102,Rohit Sharma,Mumbai Indians,1079848,Shivam Mavi,Kolkata Knight Riders,,,625371,Hardik Pandya,1,9.88
ipl20,101702,1216508,1st innings,0,17,170/3,0,0,103,17.1,2,0,0,False,,34102,Rohit Sharma,Mumbai Indians,1079848,Shivam Mavi,Kolkata Knight Riders,,,625371,Hardik Pandya,2,9.9
ipl20,101703,1216508,1st innings,0,16,174/3,0,0,104,17.2,4,0,0,False,,34102,Rohit Sharma,Mumbai Indians,1079848,Shivam Mavi,Kolkata Knight Riders,,,625371,Hardik Pandya,4,10.03
ipl20,101704,1216508,1st innings,0,16,175/3,0,0,104,17.2,1,1,1,False,,34102,Rohit Sharma,Mumbai Indians,1079848,Shivam Mavi,Kolkata Knight Riders,,,625371,Hardik Pandya,1,10.09
ipl20,101705,1216508,1st innings,0,15,176/3,0,0,105,17.3,1,0,0,False,,34102,Rohit Sharma,Mumbai Indians,1079848,Shivam Mavi,Kolkata Knight Riders,,,625371,Hardik Pandya,1,10.05
ipl20,101706,1216508,1st innings,0,14,177/3,0,0,106,17.4,1,0,0,False,,625371,Hardik Pandya,Mumbai Indians,1079848,Shivam Mavi,Kolkata Knight Riders,,,34102,Rohit Sharma,1,10.01
ipl20,101707,1216508,1st innings,0,13,177/4,0,4,107,17.5,0,0,0,True,caught,34102,Rohit Sharma,Mumbai Indians,1079848,Shivam Mavi,Kolkata Knight Riders,34102,Rohit Sharma,625371,Hardik Pandya,0,9.92
ipl20,101708,1216508,1st innings,0,12,178/4,0,0,108,17.6,1,0,0,False,,625371,Hardik Pandya,Mumbai Indians,1079848,Shivam Mavi,Kolkata Knight Riders,,,230559,Kieron Pollard,1,9.88
ipl20,101801,1216508,1st innings,0,11,179/4,0,0,109,18.1,1,0,0,False,,625371,Hardik Pandya,Mumbai Indians,276298,Andre Russell,Kolkata Knight Riders,,,230559,Kieron Pollard,1,9.85
ipl20,101802,1216508,1st innings,0,10,180/4,0,0,110,18.2,1,0,0,False,,230559,Kieron Pollard,Mumbai Indians,276298,Andre Russell,Kolkata Knight Riders,,,625371,Hardik Pandya,1,9.81
ipl20,101803,1216508,1st innings,0,9,180/5,0,5,111,18.3,0,0,0,True,hit wicket,625371,Hardik Pandya,Mumbai Indians,276298,Andre Russell,Kolkata Knight Riders,625371,Hardik Pandya,230559,Kieron Pollard,0,9.72
ipl20,101804,1216508,1st innings,0,8,181/5,0,0,112,18.4,1,0,0,False,,471342,Krunal Pandya,Mumbai Indians,276298,Andre Russell,Kolkata Knight Riders,,,230559,Kieron Pollard,1,9.69
ipl20,101805,1216508,1st innings,0,7,182/5,0,0,113,18.5,1,0,0,False,,230559,Kieron Pollard,Mumbai Indians,276298,Andre Russell,Kolkata Knight Riders,,,471342,Krunal Pandya,1,9.66
ipl20,101806,1216508,1st innings,0,6,182/5,0,0,114,18.6,0,0,0,False,,471342,Krunal Pandya,Mumbai Indians,276298,Andre Russell,Kolkata Knight Riders,,,230559,Kieron Pollard,0,9.57
ipl20,101901,1216508,1st innings,0,5,183/5,0,0,115,19.1,1,0,0,False,,230559,Kieron Pollard,Mumbai Indians,1079848,Shivam Mavi,Kolkata Knight Riders,,,471342,Krunal Pandya,1,9.54
ipl20,101902,1216508,1st innings,0,4,184/5,0,0,116,19.2,1,0,1,False,,471342,Krunal Pandya,Mumbai Indians,1079848,Shivam Mavi,Kolkata Knight Riders,,,230559,Kieron Pollard,1,9.51
ipl20,101903,1216508,1st innings,0,4,185/5,0,0,116,19.2,1,1,1,False,,230559,Kieron Pollard,Mumbai Indians,1079848,Shivam Mavi,Kolkata Knight Riders,,,471342,Krunal Pandya,1,9.56
ipl20,101904,1216508,1st innings,0,3,189/5,0,0,117,19.3,4,0,0,False,,230559,Kieron Pollard,Mumbai Indians,1079848,Shivam Mavi,Kolkata Knight Riders,,,471342,Krunal Pandya,4,9.69
ipl20,101905,1216508,1st innings,0,2,191/5,0,0,118,19.4,2,0,0,False,,230559,Kieron Pollard,Mumbai Indians,1079848,Shivam Mavi,Kolkata Knight Riders,,,471342,Krunal Pandya,2,9.71
ipl20,101906,1216508,1st innings,0,1,193/5,0,0,119,19.5,2,0,0,False,,230559,Kieron Pollard,Mumbai Indians,1079848,Shivam Mavi,Kolkata Knight Riders,,,471342,Krunal Pandya,2,9.73
ipl20,101907,1216508,1st innings,0,0,195/5,0,0,120,19.6,2,0,0,False,,230559,Kieron Pollard,Mumbai Indians,1079848,Shivam Mavi,Kolkata Knight Riders,,,471342,Krunal Pandya,2,9.75
ipl20,200001,1216508,2nd innings,196,119,0,0/0,0,1,0.1,0,0,0,False,,1070173,Shubman Gill,Kolkata Knight Riders,277912,Trent Boult,Mumbai Indians,,,230558,Sunil Narine,0,0.0
ipl20,200002,1216508,2nd innings,196,118,0,0/0,0,2,0.2,0,0,0,False,,1070173,Shubman Gill,Kolkata Knight Riders,277912,Trent Boult,Mumbai Indians,,,230558,Sunil Narine,0,0.0
ipl20,200003,1216508,2nd innings,196,117,0,0/0,0,3,0.3,0,0,0,False,,1070173,Shubman Gill,Kolkata Knight Riders,277912,Trent Boult,Mumbai Indians,,,230558,Sunil Narine,0,0.0
ipl20,200004,1216508,2nd innings,196,116,0,0/0,0,4,0.4,0,0,0,False,,1070173,Shubman Gill,Kolkata Knight Riders,277912,Trent Boult,Mumbai Indians,,,230558,Sunil Narine,0,0.0
ipl20,200005,1216508,2nd innings,196,115,0,0/0,0,5,0.5,0,0,0,False,,1070173,Shubman Gill,Kolkata Knight Riders,277912,Trent Boult,Mumbai Indians,,,230558,Sunil Narine,0,0.0
ipl20,200006,1216508,2nd innings,196,114,0,0/0,0,6,0.6,0,0,0,False,,1070173,Shubman Gill,Kolkata Knight Riders,277912,Trent Boult,Mumbai Indians,,,230558,Sunil Narine,0,0.0
ipl20,200101,1216508,2nd innings,196,113,0,0/0,0,7,1.1,0,0,0,False,,230558,Sunil Narine,Kolkata Knight Riders,272465,James Pattinson,Mumbai Indians,,,1070173,Shubman Gill,0,0.0
ipl20,200102,1216508,2nd innings,196,112,0,0/0,0,8,1.2,0,0,0,False,,230558,Sunil Narine,Kolkata Knight Riders,272465,James Pattinson,Mumbai Indians,,,1070173,Shubman Gill,0,0.0
ipl20,200103,1216508,2nd innings,196,111,0,1/0,0,9,1.3,1,0,0,False,,230558,Sunil Narine,Kolkata Knight Riders,272465,James Pattinson,Mumbai Indians,,,1070173,Shubman Gill,1,0.66
ipl20,200104,1216508,2nd innings,196,110,0,2/0,0,10,1.4,1,0,0,False,,1070173,Shubman Gill,Kolkata Knight Riders,272465,James Pattinson,Mumbai Indians,,,230558,Sunil Narine,1,1.2
ipl20,200105,1216508,2nd innings,196,109,0,8/0,0,11,1.5,6,0,0,False,,230558,Sunil Narine,Kolkata Knight Riders,272465,James Pattinson,Mumbai Indians,,,1070173,Shubman Gill,6,4.36
ipl20,200106,1216508,2nd innings,196,108,0,8/0,0,12,1.6,0,0,0,False,,230558,Sunil Narine,Kolkata Knight Riders,272465,James Pattinson,Mumbai Indians,,,1070173,Shubman Gill,0,4.0
ipl20,200201,1216508,2nd innings,196,107,0,10/0,0,13,2.1,2,0,0,False,,1070173,Shubman Gill,Kolkata Knight Riders,277912,Trent Boult,Mumbai Indians,,,230558,Sunil Narine,2,4.61
ipl20,200202,1216508,2nd innings,196,106,0,10/0,0,14,2.2,0,0,0,False,,1070173,Shubman Gill,Kolkata Knight Riders,277912,Trent Boult,Mumbai Indians,,,230558,Sunil Narine,0,4.28
ipl20,200203,1216508,2nd innings,196,105,0,14/0,0,15,2.3,4,0,0,False,,1070173,Shubman Gill,Kolkata Knight Riders,277912,Trent Boult,Mumbai Indians,,,230558,Sunil Narine,4,5.6
ipl20,200204,1216508,2nd innings,196,104,0,14/1,1,16,2.4,0,0,0,True,caught,1070173,Shubman Gill,Kolkata Knight Riders,277912,Trent Boult,Mumbai Indians,277912,Trent Boult,230558,Sunil Narine,0,5.25
ipl20,200205,1216508,2nd innings,196,103,0,14/1,0,17,2.5,0,0,0,False,,30045,Dinesh Karthik,Kolkata Knight Riders,277912,Trent Boult,Mumbai Indians,,,230558,Sunil Narine,0,4.94
ipl20,200206,1216508,2nd innings,196,102,0,18/1,0,18,2.6,4,0,0,False,,30045,Dinesh Karthik,Kolkata Knight Riders,277912,Trent Boult,Mumbai Indians,,,230558,Sunil Narine,4,6.0
ipl20,200301,1216508,2nd innings,196,101,0,18/1,0,19,3.1,0,0,0,False,,230558,Sunil Narine,Kolkata Knight Riders,625383,Jasprit Bumrah,Mumbai Indians,,,30045,Dinesh Karthik,0,5.68
ipl20,200302,1216508,2nd innings,196,100,0,18/1,0,20,3.2,0,0,0,False,,230558,Sunil Narine,Kolkata Knight Riders,625383,Jasprit Bumrah,Mumbai Indians,,,30045,Dinesh Karthik,0,5.4
ipl20,200303,1216508,2nd innings,196,99,0,19/1,0,21,3.3,1,0,0,False,,230558,Sunil Narine,Kolkata Knight Riders,625383,Jasprit Bumrah,Mumbai Indians,,,30045,Dinesh Karthik,1,5.42
ipl20,200304,1216508,2nd innings,196,98,0,19/1,0,22,3.4,0,0,0,False,,30045,Dinesh Karthik,Kolkata Knight Riders,625383,Jasprit Bumrah,Mumbai Indians,,,230558,Sunil Narine,0,5.18
ipl20,200305,1216508,2nd innings,196,97,0,19/1,0,23,3.5,0,0,0,False,,30045,Dinesh Karthik,Kolkata Knight Riders,625383,Jasprit Bumrah,Mumbai Indians,,,230558,Sunil Narine,0,4.95
ipl20,200306,1216508,2nd innings,196,96,0,19/1,0,24,3.6,0,0,0,False,,30045,Dinesh Karthik,Kolkata Knight Riders,625383,Jasprit Bumrah,Mumbai Indians,,,230558,Sunil Narine,0,4.75
ipl20,200401,1216508,2nd innings,196,95,0,20/1,0,25,4.1,1,0,0,False,,230558,Sunil Narine,Kolkata Knight Riders,272465,James Pattinson,Mumbai Indians,,,30045,Dinesh Karthik,1,4.8
ipl20,200402,1216508,2nd innings,196,94,0,24/1,0,26,4.2,4,0,0,False,,30045,Dinesh Karthik,Kolkata Knight Riders,272465,James Pattinson,Mumbai Indians,,,230558,Sunil Narine,4,5.53
ipl20,200403,1216508,2nd innings,196,93,0,24/1,0,27,4.3,0,0,0,False,,30045,Dinesh Karthik,Kolkata Knight Riders,272465,James Pattinson,Mumbai Indians,,,230558,Sunil Narine,0,5.33
ipl20,200404,1216508,2nd innings,196,92,0,25/1,0,28,4.4,1,0,0,False,,30045,Dinesh Karthik,Kolkata Knight Riders,272465,James Pattinson,Mumbai Indians,,,230558,Sunil Narine,1,5.35
ipl20,200405,1216508,2nd innings,196,91,0,25/2,2,29,4.5,0,0,0,True,caught,230558,Sunil Narine,Kolkata Knight Riders,272465,James Pattinson,Mumbai Indians,272465,James Pattinson,30045,Dinesh Karthik,0,5.17
ipl20,200406,1216508,2nd innings,196,90,0,25/2,0,30,4.6,0,0,0,False,,604527,Nitish Rana,Kolkata Knight Riders,272465,James Pattinson,Mumbai Indians,,,30045,Dinesh Karthik,0,5.0
ipl20,200501,1216508,2nd innings,196,89,0,26/2,0,31,5.1,1,0,0,False,,30045,Dinesh Karthik,Kolkata Knight Riders,1064812,Rahul Chahar,Mumbai Indians,,,604527,Nitish Rana,1,5.03
ipl20,200502,1216508,2nd innings,196,88,0,26/2,0,32,5.2,0,0,0,False,,604527,Nitish Rana,Kolkata Knight Riders,1064812,Rahul Chahar,Mumbai Indians,,,30045,Dinesh Karthik,0,4.87
ipl20,200503,1216508,2nd innings,196,87,0,32/2,0,33,5.3,6,0,0,False,,604527,Nitish Rana,Kolkata Knight Riders,1064812,Rahul Chahar,Mumbai Indians,,,30045,Dinesh Karthik,6,5.81
ipl20,200504,1216508,2nd innings,196,86,0,32/2,0,34,5.4,0,0,0,False,,604527,Nitish Rana,Kolkata Knight Riders,1064812,Rahul Chahar,Mumbai Indians,,,30045,Dinesh Karthik,0,5.64
ipl20,200505,1216508,2nd innings,196,85,0,32/2,0,35,5.5,0,0,0,False,,604527,Nitish Rana,Kolkata Knight Riders,1064812,Rahul Chahar,Mumbai Indians,,,30045,Dinesh Karthik,0,5.48
ipl20,200506,1216508,2nd innings,196,84,0,33/2,0,36,5.6,1,0,0,False,,604527,Nitish Rana,Kolkata Knight Riders,1064812,Rahul Chahar,Mumbai Indians,,,30045,Dinesh Karthik,1,5.5
ipl20,200601,1216508,2nd innings,196,83,0,34/2,0,37,6.1,1,0,0,False,,604527,Nitish Rana,Kolkata Knight Riders,230559,Kieron Pollard,Mumbai Indians,,,30045,Dinesh Karthik,1,5.51
ipl20,200602,1216508,2nd innings,196,82,0,38/2,0,38,6.2,4,0,0,False,,30045,Dinesh Karthik,Kolkata Knight Riders,230559,Kieron Pollard,Mumbai Indians,,,604527,Nitish Rana,4,6.0
ipl20,200603,1216508,2nd innings,196,81,0,39/2,0,39,6.3,1,0,0,False,,30045,Dinesh Karthik,Kolkata Knight Riders,230559,Kieron Pollard,Mumbai Indians,,,604527,Nitish Rana,1,6.0
ipl20,200604,1216508,2nd innings,196,80,0,39/2,0,40,6.4,0,0,0,False,,604527,Nitish Rana,Kolkata Knight Riders,230559,Kieron Pollard,Mumbai Indians,,,30045,Dinesh Karthik,0,5.85
ipl20,200605,1216508,2nd innings,196,79,0,40/2,0,41,6.5,1,0,0,False,,604527,Nitish Rana,Kolkata Knight Riders,230559,Kieron Pollard,Mumbai Indians,,,30045,Dinesh Karthik,1,5.85
ipl20,200606,1216508,2nd innings,196,78,0,41/2,0,42,6.6,1,0,0,False,,30045,Dinesh Karthik,Kolkata Knight Riders,230559,Kieron Pollard,Mumbai Indians,,,604527,Nitish Rana,1,5.85
ipl20,200701,1216508,2nd innings,196,77,0,45/2,0,43,7.1,4,0,0,False,,30045,Dinesh Karthik,Kolkata Knight Riders,1064812,Rahul Chahar,Mumbai Indians,,,604527,Nitish Rana,4,6.27
ipl20,200702,1216508,2nd innings,196,76,0,46/2,0,44,7.2,1,0,0,False,,30045,Dinesh Karthik,Kolkata Knight Riders,1064812,Rahul Chahar,Mumbai Indians,,,604527,Nitish Rana,1,6.27
ipl20,200703,1216508,2nd innings,196,75,0,48/2,0,45,7.3,2,0,0,False,,604527,Nitish Rana,Kolkata Knight Riders,1064812,Rahul Chahar,Mumbai Indians,,,30045,Dinesh Karthik,2,6.4
ipl20,200704,1216508,2nd innings,196,74,0,52/2,0,46,7.4,4,0,0,False,,604527,Nitish Rana,Kolkata Knight Riders,1064812,Rahul Chahar,Mumbai Indians,,,30045,Dinesh Karthik,4,6.78
ipl20,200705,1216508,2nd innings,196,73,0,53/2,0,47,7.5,1,0,0,False,,604527,Nitish Rana,Kolkata Knight Riders,1064812,Rahul Chahar,Mumbai Indians,,,30045,Dinesh Karthik,1,6.76
ipl20,200706,1216508,2nd innings,196,72,0,54/2,0,48,7.6,1,0,0,False,,30045,Dinesh Karthik,Kolkata Knight Riders,1064812,Rahul Chahar,Mumbai Indians,,,604527,Nitish Rana,1,6.75
ipl20,200801,1216508,2nd innings,196,71,0,54/2,0,49,8.1,0,0,0,False,,30045,Dinesh Karthik,Kolkata Knight Riders,471342,Krunal Pandya,Mumbai Indians,,,604527,Nitish Rana,0,6.61
ipl20,200802,1216508,2nd innings,196,70,0,58/2,0,50,8.2,4,0,0,False,,30045,Dinesh Karthik,Kolkata Knight Riders,471342,Krunal Pandya,Mumbai Indians,,,604527,Nitish Rana,4,6.96
ipl20,200803,1216508,2nd innings,196,69,0,59/2,0,51,8.3,1,0,0,False,,30045,Dinesh Karthik,Kolkata Knight Riders,471342,Krunal Pandya,Mumbai Indians,,,604527,Nitish Rana,1,6.94
ipl20,200804,1216508,2nd innings,196,68,0,63/2,0,52,8.4,4,0,0,False,,604527,Nitish Rana,Kolkata Knight Riders,471342,Krunal Pandya,Mumbai Indians,,,30045,Dinesh Karthik,4,7.26
ipl20,200805,1216508,2nd innings,196,67,0,64/2,0,53,8.5,1,0,0,False,,604527,Nitish Rana,Kolkata Knight Riders,471342,Krunal Pandya,Mumbai Indians,,,30045,Dinesh Karthik,1,7.24
ipl20,200806,1216508,2nd innings,196,66,0,64/2,0,54,8.6,0,0,0,False,,30045,Dinesh Karthik,Kolkata Knight Riders,471342,Krunal Pandya,Mumbai Indians,,,604527,Nitish Rana,0,7.11
ipl20,200901,1216508,2nd innings,196,66,0,65/2,0,54,9.0,1,1,1,False,,604527,Nitish Rana,Kolkata Knight Riders,230559,Kieron Pollard,Mumbai Indians,,,30045,Dinesh Karthik,1,7.22
ipl20,200902,1216508,2nd innings,196,65,0,66/2,0,55,9.1,1,0,0,False,,604527,Nitish Rana,Kolkata Knight Riders,230559,Kieron Pollard,Mumbai Indians,,,30045,Dinesh Karthik,1,7.2
ipl20,200903,1216508,2nd innings,196,64,0,67/2,0,56,9.2,1,0,0,False,,30045,Dinesh Karthik,Kolkata Knight Riders,230559,Kieron Pollard,Mumbai Indians,,,604527,Nitish Rana,1,7.17
ipl20,200904,1216508,2nd innings,196,63,0,68/2,0,57,9.3,1,0,0,False,,604527,Nitish Rana,Kolkata Knight Riders,230559,Kieron Pollard,Mumbai Indians,,,30045,Dinesh Karthik,1,7.15
ipl20,200905,1216508,2nd innings,196,62,0,69/2,0,58,9.4,1,0,0,False,,30045,Dinesh Karthik,Kolkata Knight Riders,230559,Kieron Pollard,Mumbai Indians,,,604527,Nitish Rana,1,7.13
ipl20,200906,1216508,2nd innings,196,61,0,70/2,0,59,9.5,1,0,0,False,,604527,Nitish Rana,Kolkata Knight Riders,230559,Kieron Pollard,Mumbai Indians,,,30045,Dinesh Karthik,1,7.11
ipl20,200907,1216508,2nd innings,196,60,0,71/2,0,60,9.6,1,0,0,False,,30045,Dinesh Karthik,Kolkata Knight Riders,230559,Kieron Pollard,Mumbai Indians,,,604527,Nitish Rana,1,7.1
ipl20,201001,1216508,2nd innings,196,59,0,71/3,3,61,10.1,0,0,0,True,leg before wicket,30045,Dinesh Karthik,Kolkata Knight Riders,1064812,Rahul Chahar,Mumbai Indians,1064812,Rahul Chahar,604527,Nitish Rana,0,6.98
ipl20,201002,1216508,2nd innings,196,58,0,71/3,0,62,10.2,0,0,0,False,,24598,Eoin Morgan,Kolkata Knight Riders,1064812,Rahul Chahar,Mumbai Indians,,,604527,Nitish Rana,0,6.87
ipl20,201003,1216508,2nd innings,196,57,0,71/3,0,63,10.3,0,0,0,False,,24598,Eoin Morgan,Kolkata Knight Riders,1064812,Rahul Chahar,Mumbai Indians,,,604527,Nitish Rana,0,6.76
ipl20,201004,1216508,2nd innings,196,56,0,71/3,0,64,10.4,0,0,0,False,,24598,Eoin Morgan,Kolkata Knight Riders,1064812,Rahul Chahar,Mumbai Indians,,,604527,Nitish Rana,0,6.65
ipl20,201005,1216508,2nd innings,196,55,0,71/3,0,65,10.5,0,0,0,False,,24598,Eoin Morgan,Kolkata Knight Riders,1064812,Rahul Chahar,Mumbai Indians,,,604527,Nitish Rana,0,6.55
ipl20,201006,1216508,2nd innings,196,54,0,72/3,0,66,10.6,1,0,0,False,,24598,Eoin Morgan,Kolkata Knight Riders,1064812,Rahul Chahar,Mumbai Indians,,,604527,Nitish Rana,1,6.54
ipl20,201101,1216508,2nd innings,196,53,0,76/3,0,67,11.1,4,0,0,False,,24598,Eoin Morgan,Kolkata Knight Riders,230559,Kieron Pollard,Mumbai Indians,,,604527,Nitish Rana,4,6.8
ipl20,201102,1216508,2nd innings,196,52,0,76/3,0,68,11.2,0,0,0,False,,24598,Eoin Morgan,Kolkata Knight Riders,230559,Kieron Pollard,Mumbai Indians,,,604527,Nitish Rana,0,6.7
ipl20,201103,1216508,2nd innings,196,51,0,77/3,0,69,11.3,1,0,0,False,,24598,Eoin Morgan,Kolkata Knight Riders,230559,Kieron Pollard,Mumbai Indians,,,604527,Nitish Rana,1,6.69
ipl20,201104,1216508,2nd innings,196,50,0,77/4,4,70,11.4,0,0,0,True,caught,604527,Nitish Rana,Kolkata Knight Riders,230559,Kieron Pollard,Mumbai Indians,604527,Nitish Rana,24598,Eoin Morgan,0,6.6
ipl20,201105,1216508,2nd innings,196,49,0,77/4,0,71,11.5,0,0,0,False,,24598,Eoin Morgan,Kolkata Knight Riders,230559,Kieron Pollard,Mumbai Indians,,,276298,Andre Russell,0,6.5
ipl20,201106,1216508,2nd innings,196,48,0,78/4,0,72,11.6,1,0,0,False,,24598,Eoin Morgan,Kolkata Knight Riders,230559,Kieron Pollard,Mumbai Indians,,,276298,Andre Russell,1,6.5
ipl20,201201,1216508,2nd innings,196,47,0,79/4,0,73,12.1,1,0,0,False,,24598,Eoin Morgan,Kolkata Knight Riders,625383,Jasprit Bumrah,Mumbai Indians,,,276298,Andre Russell,1,6.49
ipl20,201202,1216508,2nd innings,196,46,0,79/4,0,74,12.2,0,0,0,False,,276298,Andre Russell,Kolkata Knight Riders,625383,Jasprit Bumrah,Mumbai Indians,,,24598,Eoin Morgan,0,6.4
ipl20,201203,1216508,2nd innings,196,45,0,81/4,0,75,12.3,2,0,2,False,,276298,Andre Russell,Kolkata Knight Riders,625383,Jasprit Bumrah,Mumbai Indians,,,24598,Eoin Morgan,2,6.48
ipl20,201204,1216508,2nd innings,196,44,0,82/4,0,76,12.4,1,0,0,False,,276298,Andre Russell,Kolkata Knight Riders,625383,Jasprit Bumrah,Mumbai Indians,,,24598,Eoin Morgan,1,6.47
ipl20,201205,1216508,2nd innings,196,43,0,82/4,0,77,12.5,0,0,0,False,,24598,Eoin Morgan,Kolkata Knight Riders,625383,Jasprit Bumrah,Mumbai Indians,,,276298,Andre Russell,0,6.38
ipl20,201206,1216508,2nd innings,196,42,0,82/4,0,78,12.6,0,0,0,False,,24598,Eoin Morgan,Kolkata Knight Riders,625383,Jasprit Bumrah,Mumbai Indians,,,276298,Andre Russell,0,6.3
ipl20,201301,1216508,2nd innings,196,41,0,82/4,0,79,13.1,0,0,0,False,,276298,Andre Russell,Kolkata Knight Riders,272465,James Pattinson,Mumbai Indians,,,24598,Eoin Morgan,0,6.22
ipl20,201302,1216508,2nd innings,196,40,0,83/4,0,80,13.2,1,0,0,False,,276298,Andre Russell,Kolkata Knight Riders,272465,James Pattinson,Mumbai Indians,,,24598,Eoin Morgan,1,6.22
ipl20,201303,1216508,2nd innings,196,39,0,83/4,0,81,13.3,0,0,0,False,,24598,Eoin Morgan,Kolkata Knight Riders,272465,James Pattinson,Mumbai Indians,,,276298,Andre Russell,0,6.14
ipl20,201304,1216508,2nd innings,196,38,0,89/4,0,82,13.4,6,0,0,False,,24598,Eoin Morgan,Kolkata Knight Riders,272465,James Pattinson,Mumbai Indians,,,276298,Andre Russell,6,6.51
ipl20,201305,1216508,2nd innings,196,37,0,90/4,0,83,13.5,1,0,0,False,,24598,Eoin Morgan,Kolkata Knight Riders,272465,James Pattinson,Mumbai Indians,,,276298,Andre Russell,1,6.5
ipl20,201306,1216508,2nd innings,196,36,0,90/4,0,84,13.6,0,0,0,False,,276298,Andre Russell,Kolkata Knight Riders,272465,James Pattinson,Mumbai Indians,,,24598,Eoin Morgan,0,6.42
ipl20,201401,1216508,2nd innings,196,35,0,91/4,0,85,14.1,1,0,0,False,,24598,Eoin Morgan,Kolkata Knight Riders,277912,Trent Boult,Mumbai Indians,,,276298,Andre Russell,1,6.42
ipl20,201402,1216508,2nd innings,196,34,0,95/4,0,86,14.2,4,0,0,False,,276298,Andre Russell,Kolkata Knight Riders,277912,Trent Boult,Mumbai Indians,,,24598,Eoin Morgan,4,6.62
ipl20,201403,1216508,2nd innings,196,33,0,95/4,0,87,14.3,0,0,0,False,,276298,Andre Russell,Kolkata Knight Riders,277912,Trent Boult,Mumbai Indians,,,24598,Eoin Morgan,0,6.55
ipl20,201404,1216508,2nd innings,196,32,0,99/4,0,88,14.4,4,0,0,False,,276298,Andre Russell,Kolkata Knight Riders,277912,Trent Boult,Mumbai Indians,,,24598,Eoin Morgan,4,6.75
ipl20,201405,1216508,2nd innings,196,31,0,100/4,0,89,14.5,1,0,0,False,,276298,Andre Russell,Kolkata Knight Riders,277912,Trent Boult,Mumbai Indians,,,24598,Eoin Morgan,1,6.74
ipl20,201406,1216508,2nd innings,196,30,0,100/4,0,90,14.6,0,0,0,False,,24598,Eoin Morgan,Kolkata Knight Riders,277912,Trent Boult,Mumbai Indians,,,276298,Andre Russell,0,6.66
ipl20,201501,1216508,2nd innings,196,29,0,100/5,5,91,15.1,0,0,0,True,bowled,276298,Andre Russell,Kolkata Knight Riders,625383,Jasprit Bumrah,Mumbai Indians,276298,Andre Russell,24598,Eoin Morgan,0,6.59
ipl20,201502,1216508,2nd innings,196,28,0,101/5,0,92,15.2,1,0,0,False,,554700,Nikhil Naik,Kolkata Knight Riders,625383,Jasprit Bumrah,Mumbai Indians,,,24598,Eoin Morgan,1,6.58
ipl20,201503,1216508,2nd innings,196,27,0,101/5,0,93,15.3,0,0,0,False,,24598,Eoin Morgan,Kolkata Knight Riders,625383,Jasprit Bumrah,Mumbai Indians,,,554700,Nikhil Naik,0,6.51
ipl20,201504,1216508,2nd innings,196,26,0,101/6,6,94,15.4,0,0,0,True,caught,24598,Eoin Morgan,Kolkata Knight Riders,625383,Jasprit Bumrah,Mumbai Indians,24598,Eoin Morgan,554700,Nikhil Naik,0,6.44
ipl20,201505,1216508,2nd innings,196,25,0,101/6,0,95,15.5,0,0,0,False,,489889,Pat Cummins,Kolkata Knight Riders,625383,Jasprit Bumrah,Mumbai Indians,,,554700,Nikhil Naik,0,6.37
ipl20,201506,1216508,2nd innings,196,24,0,102/6,0,96,15.6,1,0,0,False,,489889,Pat Cummins,Kolkata Knight Riders,625383,Jasprit Bumrah,Mumbai Indians,,,554700,Nikhil Naik,1,6.37
ipl20,201601,1216508,2nd innings,196,23,0,103/6,0,97,16.1,1,0,0,False,,489889,Pat Cummins,Kolkata Knight Riders,277912,Trent Boult,Mumbai Indians,,,554700,Nikhil Naik,1,6.37
ipl20,201602,1216508,2nd innings,196,22,0,103/6,0,98,16.2,0,0,0,False,,554700,Nikhil Naik,Kolkata Knight Riders,277912,Trent Boult,Mumbai Indians,,,489889,Pat Cummins,0,6.3
ipl20,201603,1216508,2nd innings,196,21,0,103/7,7,99,16.3,0,0,0,True,caught,554700,Nikhil Naik,Kolkata Knight Riders,277912,Trent Boult,Mumbai Indians,554700,Nikhil Naik,489889,Pat Cummins,0,6.24
ipl20,201604,1216508,2nd innings,196,20,0,107/7,0,100,16.4,4,0,0,False,,489889,Pat Cummins,Kolkata Knight Riders,277912,Trent Boult,Mumbai Indians,,,1079848,Shivam Mavi,4,6.42
ipl20,201605,1216508,2nd innings,196,19,0,108/7,0,101,16.5,1,0,0,False,,489889,Pat Cummins,Kolkata Knight Riders,277912,Trent Boult,Mumbai Indians,,,1079848,Shivam Mavi,1,6.41
ipl20,201606,1216508,2nd innings,196,18,0,112/7,0,102,16.6,4,0,0,False,,1079848,Shivam Mavi,Kolkata Knight Riders,277912,Trent Boult,Mumbai Indians,,,489889,Pat Cummins,4,6.58
ipl20,201701,1216508,2nd innings,196,17,0,118/7,0,103,17.1,6,0,0,False,,489889,Pat Cummins,Kolkata Knight Riders,625383,Jasprit Bumrah,Mumbai Indians,,,1079848,Shivam Mavi,6,6.87
ipl20,201702,1216508,2nd innings,196,16,0,118/7,0,104,17.2,0,0,0,False,,489889,Pat Cummins,Kolkata Knight Riders,625383,Jasprit Bumrah,Mumbai Indians,,,1079848,Shivam Mavi,0,6.8
ipl20,201703,1216508,2nd innings,196,15,0,124/7,0,105,17.3,6,0,0,False,,489889,Pat Cummins,Kolkata Knight Riders,625383,Jasprit Bumrah,Mumbai Indians,,,1079848,Shivam Mavi,6,7.08
ipl20,201704,1216508,2nd innings,196,14,0,126/7,0,106,17.4,2,0,0,False,,489889,Pat Cummins,Kolkata Knight Riders,625383,Jasprit Bumrah,Mumbai Indians,,,1079848,Shivam Mavi,2,7.13
ipl20,201705,1216508,2nd innings,196,13,0,132/7,0,107,17.5,6,0,0,False,,489889,Pat Cummins,Kolkata Knight Riders,625383,Jasprit Bumrah,Mumbai Indians,,,1079848,Shivam Mavi,6,7.4
ipl20,201706,1216508,2nd innings,196,13,0,133/7,0,107,17.5,1,1,1,False,,489889,Pat Cummins,Kolkata Knight Riders,625383,Jasprit Bumrah,Mumbai Indians,,,1079848,Shivam Mavi,1,7.45
ipl20,201707,1216508,2nd innings,196,12,0,139/7,0,108,17.6,6,0,0,False,,489889,Pat Cummins,Kolkata Knight Riders,625383,Jasprit Bumrah,Mumbai Indians,,,1079848,Shivam Mavi,6,7.72
ipl20,201801,1216508,2nd innings,196,11,0,140/7,0,109,18.1,1,0,0,False,,1079848,Shivam Mavi,Kolkata Knight Riders,272465,James Pattinson,Mumbai Indians,,,489889,Pat Cummins,1,7.7
ipl20,201802,1216508,2nd innings,196,11,0,141/7,0,109,18.1,1,1,1,False,,489889,Pat Cummins,Kolkata Knight Riders,272465,James Pattinson,Mumbai Indians,,,1079848,Shivam Mavi,1,7.76
ipl20,201803,1216508,2nd innings,196,10,0,141/8,8,110,18.2,0,0,0,True,caught,489889,Pat Cummins,Kolkata Knight Riders,272465,James Pattinson,Mumbai Indians,272465,James Pattinson,1079848,Shivam Mavi,0,7.69
ipl20,201804,1216508,2nd innings,196,9,0,141/8,0,111,18.3,0,0,0,False,,1079848,Shivam Mavi,Kolkata Knight Riders,272465,James Pattinson,Mumbai Indians,,,559235,Kuldeep Yadav,0,7.62
ipl20,201805,1216508,2nd innings,196,8,0,141/8,0,112,18.4,0,0,0,False,,1079848,Shivam Mavi,Kolkata Knight Riders,272465,James Pattinson,Mumbai Indians,,,559235,Kuldeep Yadav,0,7.55
ipl20,201806,1216508,2nd innings,196,7,0,141/8,0,113,18.5,0,0,0,False,,1079848,Shivam Mavi,Kolkata Knight Riders,272465,James Pattinson,Mumbai Indians,,,559235,Kuldeep Yadav,0,7.48
ipl20,201807,1216508,2nd innings,196,6,0,142/8,0,114,18.6,1,0,0,False,,1079848,Shivam Mavi,Kolkata Knight Riders,272465,James Pattinson,Mumbai Indians,,,559235,Kuldeep Yadav,1,7.47
ipl20,201901,1216508,2nd innings,196,5,0,142/8,0,115,19.1,0,0,0,False,,1079848,Shivam Mavi,Kolkata Knight Riders,1064812,Rahul Chahar,Mumbai Indians,,,559235,Kuldeep Yadav,0,7.4
ipl20,201902,1216508,2nd innings,196,4,0,143/8,0,116,19.2,1,0,0,False,,1079848,Shivam Mavi,Kolkata Knight Riders,1064812,Rahul Chahar,Mumbai Indians,,,559235,Kuldeep Yadav,1,7.39
ipl20,201903,1216508,2nd innings,196,3,0,143/8,0,117,19.3,0,0,0,False,,559235,Kuldeep Yadav,Kolkata Knight Riders,1064812,Rahul Chahar,Mumbai Indians,,,1079848,Shivam Mavi,0,7.33
ipl20,201904,1216508,2nd innings,196,2,0,144/8,0,118,19.4,1,0,0,False,,559235,Kuldeep Yadav,Kolkata Knight Riders,1064812,Rahul Chahar,Mumbai Indians,,,1079848,Shivam Mavi,1,7.32
ipl20,201905,1216508,2nd innings,196,1,0,146/8,0,119,19.5,2,0,0,False,,1079848,Shivam Mavi,Kolkata Knight Riders,1064812,Rahul Chahar,Mumbai Indians,,,559235,Kuldeep Yadav,2,7.36
ipl20,201906,1216508,2nd innings,196,0,0,146/9,9,120,19.6,0,0,0,True,stumped,1079848,Shivam Mavi,Kolkata Knight Riders,1064812,Rahul Chahar,Mumbai Indians,1079848,Shivam Mavi,559235,Kuldeep Yadav,0,7.3
