ipl_season,sequence,eventid,innings,target,remainingballs,homescore,awayscore,fallofwickets,ball,over,scorevalue,validball,extras,dismissal,dismissaltype,batsmanid,batsman,batsmanteam,bowlerid,bowler,bowlerteam,otherathleteinvolvedid,otherathleteinvolved,nonstrikerid,nonstriker,runs,runrate
ipl20,100001,1216527,1st innings,0,119,1/0,0,0,1,0.1,1,0,0,False,,422108,KL Rahul,Kings XI Punjab,390484,Jaydev Unadkat,Rajasthan Royals,,,398438,Mayank Agarwal,1,6.0
ipl20,100002,1216527,1st innings,0,118,1/0,0,0,2,0.2,0,0,0,False,,398438,Mayank Agarwal,Kings XI Punjab,390484,Jaydev Unadkat,Rajasthan Royals,,,422108,KL Rahul,0,3.0
ipl20,100003,1216527,1st innings,0,117,2/0,0,0,3,0.3,1,0,0,False,,398438,Mayank Agarwal,Kings XI Punjab,390484,Jaydev Unadkat,Rajasthan Royals,,,422108,KL Rahul,1,4.0
ipl20,100004,1216527,1st innings,0,116,2/0,0,0,4,0.4,0,0,0,False,,422108,KL Rahul,Kings XI Punjab,390484,Jaydev Unadkat,Rajasthan Royals,,,398438,Mayank Agarwal,0,3.0
ipl20,100005,1216527,1st innings,0,115,3/0,0,0,5,0.5,1,0,0,False,,422108,KL Rahul,Kings XI Punjab,390484,Jaydev Unadkat,Rajasthan Royals,,,398438,Mayank Agarwal,1,3.6
ipl20,100006,1216527,1st innings,0,114,3/0,0,0,6,0.6,0,0,0,False,,398438,Mayank Agarwal,Kings XI Punjab,390484,Jaydev Unadkat,Rajasthan Royals,,,422108,KL Rahul,0,3.0
ipl20,100101,1216527,1st innings,0,113,3/0,0,0,7,1.1,0,0,0,False,,422108,KL Rahul,Kings XI Punjab,591650,Ankit Rajpoot,Rajasthan Royals,,,398438,Mayank Agarwal,0,2.57
ipl20,100102,1216527,1st innings,0,112,4/0,0,0,8,1.2,1,0,0,False,,422108,KL Rahul,Kings XI Punjab,591650,Ankit Rajpoot,Rajasthan Royals,,,398438,Mayank Agarwal,1,3.0
ipl20,100103,1216527,1st innings,0,111,10/0,0,0,9,1.3,6,0,0,False,,398438,Mayank Agarwal,Kings XI Punjab,591650,Ankit Rajpoot,Rajasthan Royals,,,422108,KL Rahul,6,6.66
ipl20,100104,1216527,1st innings,0,110,10/0,0,0,10,1.4,0,0,0,False,,398438,Mayank Agarwal,Kings XI Punjab,591650,Ankit Rajpoot,Rajasthan Royals,,,422108,KL Rahul,0,6.0
ipl20,100105,1216527,1st innings,0,109,10/0,0,0,11,1.5,0,0,0,False,,398438,Mayank Agarwal,Kings XI Punjab,591650,Ankit Rajpoot,Rajasthan Royals,,,422108,KL Rahul,0,5.45
ipl20,100106,1216527,1st innings,0,108,11/0,0,0,12,1.6,1,0,0,False,,398438,Mayank Agarwal,Kings XI Punjab,591650,Ankit Rajpoot,Rajasthan Royals,,,422108,KL Rahul,1,5.5
ipl20,100201,1216527,1st innings,0,107,15/0,0,0,13,2.1,4,0,0,False,,398438,Mayank Agarwal,Kings XI Punjab,390484,Jaydev Unadkat,Rajasthan Royals,,,422108,KL Rahul,4,6.92
ipl20,100202,1216527,1st innings,0,106,16/0,0,0,14,2.2,1,0,0,False,,398438,Mayank Agarwal,Kings XI Punjab,390484,Jaydev Unadkat,Rajasthan Royals,,,422108,KL Rahul,1,6.85
ipl20,100203,1216527,1st innings,0,105,18/0,0,0,15,2.3,2,0,0,False,,422108,KL Rahul,Kings XI Punjab,390484,Jaydev Unadkat,Rajasthan Royals,,,398438,Mayank Agarwal,2,7.2
ipl20,100204,1216527,1st innings,0,104,19/0,0,0,16,2.4,1,0,0,False,,422108,KL Rahul,Kings XI Punjab,390484,Jaydev Unadkat,Rajasthan Royals,,,398438,Mayank Agarwal,1,7.12
ipl20,100205,1216527,1st innings,0,104,22/0,0,0,16,2.4,3,3,3,False,,398438,Mayank Agarwal,Kings XI Punjab,390484,Jaydev Unadkat,Rajasthan Royals,,,422108,KL Rahul,3,8.25
ipl20,100206,1216527,1st innings,0,103,28/0,0,0,17,2.5,6,0,0,False,,398438,Mayank Agarwal,Kings XI Punjab,390484,Jaydev Unadkat,Rajasthan Royals,,,422108,KL Rahul,6,9.88
ipl20,100207,1216527,1st innings,0,102,28/0,0,0,18,2.6,0,0,0,False,,398438,Mayank Agarwal,Kings XI Punjab,390484,Jaydev Unadkat,Rajasthan Royals,,,422108,KL Rahul,0,9.33
ipl20,100301,1216527,1st innings,0,101,32/0,0,0,19,3.1,4,0,0,False,,422108,KL Rahul,Kings XI Punjab,669855,Jofra Archer,Rajasthan Royals,,,398438,Mayank Agarwal,4,10.1
ipl20,100302,1216527,1st innings,0,100,36/0,0,0,20,3.2,4,0,0,False,,422108,KL Rahul,Kings XI Punjab,669855,Jofra Archer,Rajasthan Royals,,,398438,Mayank Agarwal,4,10.8
ipl20,100303,1216527,1st innings,0,99,40/0,0,0,21,3.3,4,0,0,False,,422108,KL Rahul,Kings XI Punjab,669855,Jofra Archer,Rajasthan Royals,,,398438,Mayank Agarwal,4,11.42
ipl20,100304,1216527,1st innings,0,98,40/0,0,0,22,3.4,0,0,0,False,,422108,KL Rahul,Kings XI Punjab,669855,Jofra Archer,Rajasthan Royals,,,398438,Mayank Agarwal,0,10.9
ipl20,100305,1216527,1st innings,0,97,40/0,0,0,23,3.5,0,0,0,False,,422108,KL Rahul,Kings XI Punjab,669855,Jofra Archer,Rajasthan Royals,,,398438,Mayank Agarwal,0,10.43
ipl20,100306,1216527,1st innings,0,96,41/0,0,0,24,3.6,1,0,0,False,,422108,KL Rahul,Kings XI Punjab,669855,Jofra Archer,Rajasthan Royals,,,398438,Mayank Agarwal,1,10.25
ipl20,100401,1216527,1st innings,0,95,42/0,0,0,25,4.1,1,0,0,False,,422108,KL Rahul,Kings XI Punjab,591650,Ankit Rajpoot,Rajasthan Royals,,,398438,Mayank Agarwal,1,10.08
ipl20,100402,1216527,1st innings,0,94,46/0,0,0,26,4.2,4,0,0,False,,398438,Mayank Agarwal,Kings XI Punjab,591650,Ankit Rajpoot,Rajasthan Royals,,,422108,KL Rahul,4,10.61
ipl20,100403,1216527,1st innings,0,93,50/0,0,0,27,4.3,4,0,0,False,,398438,Mayank Agarwal,Kings XI Punjab,591650,Ankit Rajpoot,Rajasthan Royals,,,422108,KL Rahul,4,11.11
ipl20,100404,1216527,1st innings,0,92,51/0,0,0,28,4.4,1,0,0,False,,398438,Mayank Agarwal,Kings XI Punjab,591650,Ankit Rajpoot,Rajasthan Royals,,,422108,KL Rahul,1,10.92
ipl20,100405,1216527,1st innings,0,91,52/0,0,0,29,4.5,1,0,0,False,,422108,KL Rahul,Kings XI Punjab,591650,Ankit Rajpoot,Rajasthan Royals,,,398438,Mayank Agarwal,1,10.75
ipl20,100406,1216527,1st innings,0,91,54/0,0,0,29,4.5,1,1,2,False,,398438,Mayank Agarwal,Kings XI Punjab,591650,Ankit Rajpoot,Rajasthan Royals,,,422108,KL Rahul,2,11.17
ipl20,100407,1216527,1st innings,0,90,58/0,0,0,30,4.6,4,0,0,False,,422108,KL Rahul,Kings XI Punjab,591650,Ankit Rajpoot,Rajasthan Royals,,,398438,Mayank Agarwal,4,11.6
ipl20,100501,1216527,1st innings,0,89,58/0,0,0,31,5.1,0,0,0,False,,398438,Mayank Agarwal,Kings XI Punjab,669855,Jofra Archer,Rajasthan Royals,,,422108,KL Rahul,0,11.22
ipl20,100502,1216527,1st innings,0,88,58/0,0,0,32,5.2,0,0,0,False,,398438,Mayank Agarwal,Kings XI Punjab,669855,Jofra Archer,Rajasthan Royals,,,422108,KL Rahul,0,10.87
ipl20,100503,1216527,1st innings,0,87,59/0,0,0,33,5.3,1,0,0,False,,398438,Mayank Agarwal,Kings XI Punjab,669855,Jofra Archer,Rajasthan Royals,,,422108,KL Rahul,1,10.72
ipl20,100504,1216527,1st innings,0,86,59/0,0,0,34,5.4,0,0,0,False,,422108,KL Rahul,Kings XI Punjab,669855,Jofra Archer,Rajasthan Royals,,,398438,Mayank Agarwal,0,10.41
ipl20,100505,1216527,1st innings,0,85,60/0,0,0,35,5.5,1,0,0,False,,422108,KL Rahul,Kings XI Punjab,669855,Jofra Archer,Rajasthan Royals,,,398438,Mayank Agarwal,1,10.28
ipl20,100506,1216527,1st innings,0,84,60/0,0,0,36,5.6,0,0,0,False,,398438,Mayank Agarwal,Kings XI Punjab,669855,Jofra Archer,Rajasthan Royals,,,422108,KL Rahul,0,10.0
ipl20,100601,1216527,1st innings,0,83,62/0,0,0,37,6.1,2,0,0,False,,422108,KL Rahul,Kings XI Punjab,344580,Shreyas Gopal,Rajasthan Royals,,,398438,Mayank Agarwal,2,10.05
ipl20,100602,1216527,1st innings,0,82,63/0,0,0,38,6.2,1,0,0,False,,422108,KL Rahul,Kings XI Punjab,344580,Shreyas Gopal,Rajasthan Royals,,,398438,Mayank Agarwal,1,9.94
ipl20,100603,1216527,1st innings,0,81,64/0,0,0,39,6.3,1,0,0,False,,398438,Mayank Agarwal,Kings XI Punjab,344580,Shreyas Gopal,Rajasthan Royals,,,422108,KL Rahul,1,9.84
ipl20,100604,1216527,1st innings,0,80,65/0,0,0,40,6.4,1,0,0,False,,422108,KL Rahul,Kings XI Punjab,344580,Shreyas Gopal,Rajasthan Royals,,,398438,Mayank Agarwal,1,9.75
ipl20,100605,1216527,1st innings,0,79,66/0,0,0,41,6.5,1,0,0,False,,398438,Mayank Agarwal,Kings XI Punjab,344580,Shreyas Gopal,Rajasthan Royals,,,422108,KL Rahul,1,9.65
ipl20,100606,1216527,1st innings,0,78,67/0,0,0,42,6.6,1,0,0,False,,422108,KL Rahul,Kings XI Punjab,344580,Shreyas Gopal,Rajasthan Royals,,,398438,Mayank Agarwal,1,9.57
ipl20,100701,1216527,1st innings,0,77,68/0,0,0,43,7.1,1,0,0,False,,422108,KL Rahul,Kings XI Punjab,423838,Rahul Tewatia,Rajasthan Royals,,,398438,Mayank Agarwal,1,9.48
ipl20,100702,1216527,1st innings,0,76,74/0,0,0,44,7.2,6,0,0,False,,398438,Mayank Agarwal,Kings XI Punjab,423838,Rahul Tewatia,Rajasthan Royals,,,422108,KL Rahul,6,10.09
ipl20,100703,1216527,1st innings,0,75,80/0,0,0,45,7.3,6,0,0,False,,398438,Mayank Agarwal,Kings XI Punjab,423838,Rahul Tewatia,Rajasthan Royals,,,422108,KL Rahul,6,10.66
ipl20,100704,1216527,1st innings,0,74,84/0,0,0,46,7.4,4,0,0,False,,398438,Mayank Agarwal,Kings XI Punjab,423838,Rahul Tewatia,Rajasthan Royals,,,422108,KL Rahul,4,10.95
ipl20,100705,1216527,1st innings,0,73,85/0,0,0,47,7.5,1,0,0,False,,398438,Mayank Agarwal,Kings XI Punjab,423838,Rahul Tewatia,Rajasthan Royals,,,422108,KL Rahul,1,10.85
ipl20,100706,1216527,1st innings,0,72,86/0,0,0,48,7.6,1,0,0,False,,422108,KL Rahul,Kings XI Punjab,423838,Rahul Tewatia,Rajasthan Royals,,,398438,Mayank Agarwal,1,10.75
ipl20,100801,1216527,1st innings,0,71,87/0,0,0,49,8.1,1,0,0,False,,422108,KL Rahul,Kings XI Punjab,344580,Shreyas Gopal,Rajasthan Royals,,,398438,Mayank Agarwal,1,10.65
ipl20,100802,1216527,1st innings,0,70,93/0,0,0,50,8.2,6,0,0,False,,398438,Mayank Agarwal,Kings XI Punjab,344580,Shreyas Gopal,Rajasthan Royals,,,422108,KL Rahul,6,11.16
ipl20,100803,1216527,1st innings,0,69,95/0,0,0,51,8.3,2,0,0,False,,398438,Mayank Agarwal,Kings XI Punjab,344580,Shreyas Gopal,Rajasthan Royals,,,422108,KL Rahul,2,11.17
ipl20,100804,1216527,1st innings,0,68,101/0,0,0,52,8.4,6,0,0,False,,398438,Mayank Agarwal,Kings XI Punjab,344580,Shreyas Gopal,Rajasthan Royals,,,422108,KL Rahul,6,11.65
ipl20,100805,1216527,1st innings,0,67,102/0,0,0,53,8.5,1,0,0,False,,398438,Mayank Agarwal,Kings XI Punjab,344580,Shreyas Gopal,Rajasthan Royals,,,422108,KL Rahul,1,11.54
ipl20,100806,1216527,1st innings,0,66,102/0,0,0,54,8.6,0,0,0,False,,422108,KL Rahul,Kings XI Punjab,344580,Shreyas Gopal,Rajasthan Royals,,,398438,Mayank Agarwal,0,11.33
ipl20,100901,1216527,1st innings,0,65,103/0,0,0,55,9.1,1,0,0,False,,398438,Mayank Agarwal,Kings XI Punjab,550235,Tom Curran,Rajasthan Royals,,,422108,KL Rahul,1,11.23
ipl20,100902,1216527,1st innings,0,64,104/0,0,0,56,9.2,1,0,0,False,,422108,KL Rahul,Kings XI Punjab,550235,Tom Curran,Rajasthan Royals,,,398438,Mayank Agarwal,1,11.14
ipl20,100903,1216527,1st innings,0,63,108/0,0,0,57,9.3,4,0,0,False,,398438,Mayank Agarwal,Kings XI Punjab,550235,Tom Curran,Rajasthan Royals,,,422108,KL Rahul,4,11.36
ipl20,100904,1216527,1st innings,0,62,108/0,0,0,58,9.4,0,0,0,False,,398438,Mayank Agarwal,Kings XI Punjab,550235,Tom Curran,Rajasthan Royals,,,422108,KL Rahul,0,11.17
ipl20,100905,1216527,1st innings,0,61,109/0,0,0,59,9.5,1,0,0,False,,398438,Mayank Agarwal,Kings XI Punjab,550235,Tom Curran,Rajasthan Royals,,,422108,KL Rahul,1,11.08
ipl20,100906,1216527,1st innings,0,60,110/0,0,0,60,9.6,1,0,0,False,,422108,KL Rahul,Kings XI Punjab,550235,Tom Curran,Rajasthan Royals,,,398438,Mayank Agarwal,1,11.0
ipl20,101001,1216527,1st innings,0,59,111/0,0,0,61,10.1,1,0,0,False,,422108,KL Rahul,Kings XI Punjab,390484,Jaydev Unadkat,Rajasthan Royals,,,398438,Mayank Agarwal,1,10.91
ipl20,101002,1216527,1st innings,0,58,115/0,0,0,62,10.2,4,0,0,False,,398438,Mayank Agarwal,Kings XI Punjab,390484,Jaydev Unadkat,Rajasthan Royals,,,422108,KL Rahul,4,11.12
ipl20,101003,1216527,1st innings,0,57,116/0,0,0,63,10.3,1,0,0,False,,398438,Mayank Agarwal,Kings XI Punjab,390484,Jaydev Unadkat,Rajasthan Royals,,,422108,KL Rahul,1,11.04
ipl20,101004,1216527,1st innings,0,56,116/0,0,0,64,10.4,0,0,0,False,,422108,KL Rahul,Kings XI Punjab,390484,Jaydev Unadkat,Rajasthan Royals,,,398438,Mayank Agarwal,0,10.87
ipl20,101005,1216527,1st innings,0,55,117/0,0,0,65,10.5,1,0,0,False,,422108,KL Rahul,Kings XI Punjab,390484,Jaydev Unadkat,Rajasthan Royals,,,398438,Mayank Agarwal,1,10.8
ipl20,101006,1216527,1st innings,0,55,118/0,0,0,65,10.5,1,1,1,False,,398438,Mayank Agarwal,Kings XI Punjab,390484,Jaydev Unadkat,Rajasthan Royals,,,422108,KL Rahul,1,10.89
ipl20,101007,1216527,1st innings,0,54,120/0,0,0,66,10.6,2,0,0,False,,398438,Mayank Agarwal,Kings XI Punjab,390484,Jaydev Unadkat,Rajasthan Royals,,,422108,KL Rahul,2,10.9
ipl20,101101,1216527,1st innings,0,53,126/0,0,0,67,11.1,6,0,0,False,,422108,KL Rahul,Kings XI Punjab,550235,Tom Curran,Rajasthan Royals,,,398438,Mayank Agarwal,6,11.28
ipl20,101102,1216527,1st innings,0,52,127/0,0,0,68,11.2,1,0,0,False,,422108,KL Rahul,Kings XI Punjab,550235,Tom Curran,Rajasthan Royals,,,398438,Mayank Agarwal,1,11.2
ipl20,101103,1216527,1st innings,0,51,128/0,0,0,69,11.3,1,0,0,False,,398438,Mayank Agarwal,Kings XI Punjab,550235,Tom Curran,Rajasthan Royals,,,422108,KL Rahul,1,11.13
ipl20,101104,1216527,1st innings,0,50,132/0,0,0,70,11.4,4,0,0,False,,422108,KL Rahul,Kings XI Punjab,550235,Tom Curran,Rajasthan Royals,,,398438,Mayank Agarwal,4,11.31
ipl20,101105,1216527,1st innings,0,50,133/0,0,0,70,11.4,1,1,1,False,,422108,KL Rahul,Kings XI Punjab,550235,Tom Curran,Rajasthan Royals,,,398438,Mayank Agarwal,1,11.4
ipl20,101106,1216527,1st innings,0,49,134/0,0,0,71,11.5,1,0,0,False,,422108,KL Rahul,Kings XI Punjab,550235,Tom Curran,Rajasthan Royals,,,398438,Mayank Agarwal,1,11.32
ipl20,101107,1216527,1st innings,0,48,138/0,0,0,72,11.6,4,0,0,False,,398438,Mayank Agarwal,Kings XI Punjab,550235,Tom Curran,Rajasthan Royals,,,422108,KL Rahul,4,11.5
ipl20,101201,1216527,1st innings,0,47,138/0,0,0,73,12.1,0,0,0,False,,422108,KL Rahul,Kings XI Punjab,344580,Shreyas Gopal,Rajasthan Royals,,,398438,Mayank Agarwal,0,11.34
ipl20,101202,1216527,1st innings,0,46,139/0,0,0,74,12.2,1,0,0,False,,422108,KL Rahul,Kings XI Punjab,344580,Shreyas Gopal,Rajasthan Royals,,,398438,Mayank Agarwal,1,11.27
ipl20,101203,1216527,1st innings,0,46,140/0,0,0,74,12.2,1,1,1,False,,398438,Mayank Agarwal,Kings XI Punjab,344580,Shreyas Gopal,Rajasthan Royals,,,422108,KL Rahul,1,11.35
ipl20,101204,1216527,1st innings,0,45,146/0,0,0,75,12.3,6,0,0,False,,398438,Mayank Agarwal,Kings XI Punjab,344580,Shreyas Gopal,Rajasthan Royals,,,422108,KL Rahul,6,11.68
ipl20,101205,1216527,1st innings,0,44,146/0,0,0,76,12.4,0,0,0,False,,398438,Mayank Agarwal,Kings XI Punjab,344580,Shreyas Gopal,Rajasthan Royals,,,422108,KL Rahul,0,11.52
ipl20,101206,1216527,1st innings,0,43,147/0,0,0,77,12.5,1,0,0,False,,398438,Mayank Agarwal,Kings XI Punjab,344580,Shreyas Gopal,Rajasthan Royals,,,422108,KL Rahul,1,11.45
ipl20,101207,1216527,1st innings,0,42,148/0,0,0,78,12.6,1,0,0,False,,422108,KL Rahul,Kings XI Punjab,344580,Shreyas Gopal,Rajasthan Royals,,,398438,Mayank Agarwal,1,11.38
ipl20,101301,1216527,1st innings,0,41,149/0,0,0,79,13.1,1,0,0,False,,422108,KL Rahul,Kings XI Punjab,669855,Jofra Archer,Rajasthan Royals,,,398438,Mayank Agarwal,1,11.31
ipl20,101302,1216527,1st innings,0,40,152/0,0,0,80,13.2,3,0,0,False,,398438,Mayank Agarwal,Kings XI Punjab,669855,Jofra Archer,Rajasthan Royals,,,422108,KL Rahul,3,11.4
ipl20,101303,1216527,1st innings,0,39,152/0,0,0,81,13.3,0,0,0,False,,422108,KL Rahul,Kings XI Punjab,669855,Jofra Archer,Rajasthan Royals,,,398438,Mayank Agarwal,0,11.25
ipl20,101304,1216527,1st innings,0,38,156/0,0,0,82,13.4,4,0,0,False,,422108,KL Rahul,Kings XI Punjab,669855,Jofra Archer,Rajasthan Royals,,,398438,Mayank Agarwal,4,11.41
ipl20,101305,1216527,1st innings,0,37,157/0,0,0,83,13.5,1,0,0,False,,422108,KL Rahul,Kings XI Punjab,669855,Jofra Archer,Rajasthan Royals,,,398438,Mayank Agarwal,1,11.34
ipl20,101306,1216527,1st innings,0,36,161/0,0,0,84,13.6,4,0,0,False,,398438,Mayank Agarwal,Kings XI Punjab,669855,Jofra Archer,Rajasthan Royals,,,422108,KL Rahul,4,11.5
ipl20,101401,1216527,1st innings,0,35,165/0,0,0,85,14.1,4,0,0,False,,422108,KL Rahul,Kings XI Punjab,344580,Shreyas Gopal,Rajasthan Royals,,,398438,Mayank Agarwal,4,11.64
ipl20,101402,1216527,1st innings,0,34,166/0,0,0,86,14.2,1,0,0,False,,422108,KL Rahul,Kings XI Punjab,344580,Shreyas Gopal,Rajasthan Royals,,,398438,Mayank Agarwal,1,11.58
ipl20,101403,1216527,1st innings,0,33,167/0,0,0,87,14.3,1,0,0,False,,398438,Mayank Agarwal,Kings XI Punjab,344580,Shreyas Gopal,Rajasthan Royals,,,422108,KL Rahul,1,11.51
ipl20,101404,1216527,1st innings,0,32,167/0,0,0,88,14.4,0,0,0,False,,422108,KL Rahul,Kings XI Punjab,344580,Shreyas Gopal,Rajasthan Royals,,,398438,Mayank Agarwal,0,11.38
ipl20,101405,1216527,1st innings,0,31,168/0,0,0,89,14.5,1,0,0,False,,422108,KL Rahul,Kings XI Punjab,344580,Shreyas Gopal,Rajasthan Royals,,,398438,Mayank Agarwal,1,11.32
ipl20,101406,1216527,1st innings,0,30,172/0,0,0,90,14.6,4,0,0,False,,398438,Mayank Agarwal,Kings XI Punjab,344580,Shreyas Gopal,Rajasthan Royals,,,422108,KL Rahul,4,11.46
ipl20,101501,1216527,1st innings,0,30,173/0,0,0,90,15.0,1,1,1,False,,422108,KL Rahul,Kings XI Punjab,591650,Ankit Rajpoot,Rajasthan Royals,,,398438,Mayank Agarwal,1,11.53
ipl20,101502,1216527,1st innings,0,29,174/0,0,0,91,15.1,1,0,0,False,,422108,KL Rahul,Kings XI Punjab,591650,Ankit Rajpoot,Rajasthan Royals,,,398438,Mayank Agarwal,1,11.47
ipl20,101503,1216527,1st innings,0,28,175/0,0,0,92,15.2,1,0,0,False,,398438,Mayank Agarwal,Kings XI Punjab,591650,Ankit Rajpoot,Rajasthan Royals,,,422108,KL Rahul,1,11.41
ipl20,101504,1216527,1st innings,0,27,176/0,0,0,93,15.3,1,0,0,False,,422108,KL Rahul,Kings XI Punjab,591650,Ankit Rajpoot,Rajasthan Royals,,,398438,Mayank Agarwal,1,11.35
ipl20,101505,1216527,1st innings,0,26,176/0,0,0,94,15.4,0,0,0,False,,398438,Mayank Agarwal,Kings XI Punjab,591650,Ankit Rajpoot,Rajasthan Royals,,,422108,KL Rahul,0,11.23
ipl20,101506,1216527,1st innings,0,25,177/0,0,0,95,15.5,1,0,0,False,,398438,Mayank Agarwal,Kings XI Punjab,591650,Ankit Rajpoot,Rajasthan Royals,,,422108,KL Rahul,1,11.17
ipl20,101507,1216527,1st innings,0,24,178/0,0,0,96,15.6,1,0,0,False,,422108,KL Rahul,Kings XI Punjab,591650,Ankit Rajpoot,Rajasthan Royals,,,398438,Mayank Agarwal,1,11.12
ipl20,101601,1216527,1st innings,0,23,179/0,0,0,97,16.1,1,0,0,False,,422108,KL Rahul,Kings XI Punjab,550235,Tom Curran,Rajasthan Royals,,,398438,Mayank Agarwal,1,11.07
ipl20,101602,1216527,1st innings,0,22,183/0,0,0,98,16.2,4,0,0,False,,398438,Mayank Agarwal,Kings XI Punjab,550235,Tom Curran,Rajasthan Royals,,,422108,KL Rahul,4,11.2
ipl20,101603,1216527,1st innings,0,21,183/1,0,1,99,16.3,0,0,0,True,caught,398438,Mayank Agarwal,Kings XI Punjab,550235,Tom Curran,Rajasthan Royals,398438,Mayank Agarwal,422108,KL Rahul,0,11.09
ipl20,101604,1216527,1st innings,0,20,183/1,0,0,100,16.4,0,0,0,False,,422108,KL Rahul,Kings XI Punjab,550235,Tom Curran,Rajasthan Royals,,,325026,Glenn Maxwell,0,10.98
ipl20,101605,1216527,1st innings,0,19,184/1,0,0,101,16.5,1,0,0,False,,422108,KL Rahul,Kings XI Punjab,550235,Tom Curran,Rajasthan Royals,,,325026,Glenn Maxwell,1,10.93
ipl20,101606,1216527,1st innings,0,18,185/1,0,0,102,16.6,1,0,0,False,,325026,Glenn Maxwell,Kings XI Punjab,550235,Tom Curran,Rajasthan Royals,,,422108,KL Rahul,1,10.88
ipl20,101701,1216527,1st innings,0,17,185/1,0,0,103,17.1,0,0,0,False,,325026,Glenn Maxwell,Kings XI Punjab,591650,Ankit Rajpoot,Rajasthan Royals,,,422108,KL Rahul,0,10.77
ipl20,101702,1216527,1st innings,0,16,189/1,0,0,104,17.2,4,0,0,False,,325026,Glenn Maxwell,Kings XI Punjab,591650,Ankit Rajpoot,Rajasthan Royals,,,422108,KL Rahul,4,10.9
ipl20,101703,1216527,1st innings,0,15,193/1,0,0,105,17.3,4,0,0,False,,325026,Glenn Maxwell,Kings XI Punjab,591650,Ankit Rajpoot,Rajasthan Royals,,,422108,KL Rahul,4,11.02
ipl20,101704,1216527,1st innings,0,14,194/1,0,0,106,17.4,1,0,0,False,,325026,Glenn Maxwell,Kings XI Punjab,591650,Ankit Rajpoot,Rajasthan Royals,,,422108,KL Rahul,1,10.98
ipl20,101705,1216527,1st innings,0,13,194/1,0,0,107,17.5,0,0,0,False,,422108,KL Rahul,Kings XI Punjab,591650,Ankit Rajpoot,Rajasthan Royals,,,325026,Glenn Maxwell,0,10.87
ipl20,101706,1216527,1st innings,0,12,194/2,0,2,108,17.6,0,0,0,True,caught,422108,KL Rahul,Kings XI Punjab,591650,Ankit Rajpoot,Rajasthan Royals,422108,KL Rahul,325026,Glenn Maxwell,0,10.77
ipl20,101801,1216527,1st innings,0,11,195/2,0,0,109,18.1,1,0,0,False,,325026,Glenn Maxwell,Kings XI Punjab,550235,Tom Curran,Rajasthan Royals,,,604302,Nicholas Pooran,1,10.73
ipl20,101802,1216527,1st innings,0,10,196/2,0,0,110,18.2,1,0,0,False,,604302,Nicholas Pooran,Kings XI Punjab,550235,Tom Curran,Rajasthan Royals,,,325026,Glenn Maxwell,1,10.69
ipl20,101803,1216527,1st innings,0,9,196/2,0,0,111,18.3,0,0,0,False,,325026,Glenn Maxwell,Kings XI Punjab,550235,Tom Curran,Rajasthan Royals,,,604302,Nicholas Pooran,0,10.59
ipl20,101804,1216527,1st innings,0,8,197/2,0,0,112,18.4,1,0,0,False,,325026,Glenn Maxwell,Kings XI Punjab,550235,Tom Curran,Rajasthan Royals,,,604302,Nicholas Pooran,1,10.55
ipl20,101805,1216527,1st innings,0,7,203/2,0,0,113,18.5,6,0,0,False,,604302,Nicholas Pooran,Kings XI Punjab,550235,Tom Curran,Rajasthan Royals,,,325026,Glenn Maxwell,6,10.77
ipl20,101806,1216527,1st innings,0,6,205/2,0,0,114,18.6,2,0,0,False,,604302,Nicholas Pooran,Kings XI Punjab,550235,Tom Curran,Rajasthan Royals,,,325026,Glenn Maxwell,2,10.78
ipl20,101901,1216527,1st innings,0,6,206/2,0,0,114,19.0,1,1,1,False,,325026,Glenn Maxwell,Kings XI Punjab,669855,Jofra Archer,Rajasthan Royals,,,604302,Nicholas Pooran,1,10.84
ipl20,101902,1216527,1st innings,0,5,207/2,0,0,115,19.1,1,0,0,False,,325026,Glenn Maxwell,Kings XI Punjab,669855,Jofra Archer,Rajasthan Royals,,,604302,Nicholas Pooran,1,10.8
ipl20,101903,1216527,1st innings,0,4,213/2,0,0,116,19.2,6,0,0,False,,604302,Nicholas Pooran,Kings XI Punjab,669855,Jofra Archer,Rajasthan Royals,,,325026,Glenn Maxwell,6,11.01
ipl20,101904,1216527,1st innings,0,3,217/2,0,0,117,19.3,4,0,0,False,,604302,Nicholas Pooran,Kings XI Punjab,669855,Jofra Archer,Rajasthan Royals,,,325026,Glenn Maxwell,4,11.12
ipl20,101905,1216527,1st innings,0,2,217/2,0,0,118,19.4,0,0,0,False,,604302,Nicholas Pooran,Kings XI Punjab,669855,Jofra Archer,Rajasthan Royals,,,325026,Glenn Maxwell,0,11.03
ipl20,101906,1216527,1st innings,0,1,217/2,0,0,119,19.5,0,0,0,False,,604302,Nicholas Pooran,Kings XI Punjab,669855,Jofra Archer,Rajasthan Royals,,,325026,Glenn Maxwell,0,10.94
ipl20,101907,1216527,1st innings,0,0,223/2,0,0,120,19.6,6,0,0,False,,604302,Nicholas Pooran,Kings XI Punjab,669855,Jofra Archer,Rajasthan Royals,,,325026,Glenn Maxwell,6,11.15
ipl20,200001,1216527,2nd innings,224,119,0,1/0,0,1,0.1,1,0,0,False,,308967,Jos Buttler,Rajasthan Royals,495551,Sheldon Cottrell,Kings XI Punjab,,,267192,Steven Smith,1,6.0
ipl20,200002,1216527,2nd innings,224,118,0,1/0,0,2,0.2,0,0,0,False,,267192,Steven Smith,Rajasthan Royals,495551,Sheldon Cottrell,Kings XI Punjab,,,308967,Jos Buttler,0,3.0
ipl20,200003,1216527,2nd innings,224,117,0,1/0,0,3,0.3,0,0,0,False,,267192,Steven Smith,Rajasthan Royals,495551,Sheldon Cottrell,Kings XI Punjab,,,308967,Jos Buttler,0,2.0
ipl20,200004,1216527,2nd innings,224,116,0,5/0,0,4,0.4,4,0,0,False,,267192,Steven Smith,Rajasthan Royals,495551,Sheldon Cottrell,Kings XI Punjab,,,308967,Jos Buttler,4,7.5
ipl20,200005,1216527,2nd innings,224,116,0,6/0,0,4,0.4,1,1,1,False,,267192,Steven Smith,Rajasthan Royals,495551,Sheldon Cottrell,Kings XI Punjab,,,308967,Jos Buttler,1,9.0
ipl20,200006,1216527,2nd innings,224,116,0,7/0,0,4,0.4,1,1,1,False,,267192,Steven Smith,Rajasthan Royals,495551,Sheldon Cottrell,Kings XI Punjab,,,308967,Jos Buttler,1,10.5
ipl20,200007,1216527,2nd innings,224,115,0,11/0,0,5,0.5,4,0,0,False,,267192,Steven Smith,Rajasthan Royals,495551,Sheldon Cottrell,Kings XI Punjab,,,308967,Jos Buttler,4,13.2
ipl20,200008,1216527,2nd innings,224,114,0,11/0,0,6,0.6,0,0,0,False,,267192,Steven Smith,Rajasthan Royals,495551,Sheldon Cottrell,Kings XI Punjab,,,308967,Jos Buttler,0,11.0
ipl20,200101,1216527,2nd innings,224,113,0,13/0,0,7,1.1,2,0,0,False,,308967,Jos Buttler,Rajasthan Royals,481896,Mohammed Shami,Kings XI Punjab,,,267192,Steven Smith,2,11.14
ipl20,200102,1216527,2nd innings,224,112,0,13/0,0,8,1.2,0,0,0,False,,308967,Jos Buttler,Rajasthan Royals,481896,Mohammed Shami,Kings XI Punjab,,,267192,Steven Smith,0,9.75
ipl20,200103,1216527,2nd innings,224,112,0,14/0,0,8,1.2,1,1,1,False,,308967,Jos Buttler,Rajasthan Royals,481896,Mohammed Shami,Kings XI Punjab,,,267192,Steven Smith,1,10.5
ipl20,200104,1216527,2nd innings,224,111,0,14/0,0,9,1.3,0,0,0,False,,308967,Jos Buttler,Rajasthan Royals,481896,Mohammed Shami,Kings XI Punjab,,,267192,Steven Smith,0,9.33
ipl20,200105,1216527,2nd innings,224,110,0,15/0,0,10,1.4,1,0,0,False,,308967,Jos Buttler,Rajasthan Royals,481896,Mohammed Shami,Kings XI Punjab,,,267192,Steven Smith,1,9.0
ipl20,200106,1216527,2nd innings,224,109,0,19/0,0,11,1.5,4,0,0,False,,267192,Steven Smith,Rajasthan Royals,481896,Mohammed Shami,Kings XI Punjab,,,308967,Jos Buttler,4,10.36
ipl20,200107,1216527,2nd innings,224,108,0,19/0,0,12,1.6,0,0,0,False,,267192,Steven Smith,Rajasthan Royals,481896,Mohammed Shami,Kings XI Punjab,,,308967,Jos Buttler,0,9.5
ipl20,200201,1216527,2nd innings,224,107,0,19/0,0,13,2.1,0,0,0,False,,308967,Jos Buttler,Rajasthan Royals,495551,Sheldon Cottrell,Kings XI Punjab,,,267192,Steven Smith,0,8.76
ipl20,200202,1216527,2nd innings,224,106,0,19/1,1,14,2.2,0,0,0,True,caught,308967,Jos Buttler,Rajasthan Royals,495551,Sheldon Cottrell,Kings XI Punjab,308967,Jos Buttler,267192,Steven Smith,0,8.14
ipl20,200203,1216527,2nd innings,224,106,0,20/1,0,14,2.2,1,1,1,False,,425943,Sanju Samson,Rajasthan Royals,495551,Sheldon Cottrell,Kings XI Punjab,,,267192,Steven Smith,1,8.57
ipl20,200204,1216527,2nd innings,224,105,0,26/1,0,15,2.3,6,0,0,False,,425943,Sanju Samson,Rajasthan Royals,495551,Sheldon Cottrell,Kings XI Punjab,,,267192,Steven Smith,6,10.4
ipl20,200205,1216527,2nd innings,224,104,0,26/1,0,16,2.4,0,0,0,False,,425943,Sanju Samson,Rajasthan Royals,495551,Sheldon Cottrell,Kings XI Punjab,,,267192,Steven Smith,0,9.75
ipl20,200206,1216527,2nd innings,224,103,0,30/1,0,17,2.5,4,0,0,False,,425943,Sanju Samson,Rajasthan Royals,495551,Sheldon Cottrell,Kings XI Punjab,,,267192,Steven Smith,4,10.58
ipl20,200207,1216527,2nd innings,224,102,0,30/1,0,18,2.6,0,0,0,False,,425943,Sanju Samson,Rajasthan Royals,495551,Sheldon Cottrell,Kings XI Punjab,,,267192,Steven Smith,0,10.0
ipl20,200301,1216527,2nd innings,224,101,0,36/1,0,19,3.1,6,0,0,False,,267192,Steven Smith,Rajasthan Royals,481896,Mohammed Shami,Kings XI Punjab,,,425943,Sanju Samson,6,11.36
ipl20,200302,1216527,2nd innings,224,100,0,36/1,0,20,3.2,0,0,0,False,,267192,Steven Smith,Rajasthan Royals,481896,Mohammed Shami,Kings XI Punjab,,,425943,Sanju Samson,0,10.8
ipl20,200303,1216527,2nd innings,224,99,0,40/1,0,21,3.3,4,0,0,False,,267192,Steven Smith,Rajasthan Royals,481896,Mohammed Shami,Kings XI Punjab,,,425943,Sanju Samson,4,11.42
ipl20,200304,1216527,2nd innings,224,98,0,40/1,0,22,3.4,0,0,0,False,,267192,Steven Smith,Rajasthan Royals,481896,Mohammed Shami,Kings XI Punjab,,,425943,Sanju Samson,0,10.9
ipl20,200305,1216527,2nd innings,224,97,0,41/1,0,23,3.5,1,0,0,False,,267192,Steven Smith,Rajasthan Royals,481896,Mohammed Shami,Kings XI Punjab,,,425943,Sanju Samson,1,10.69
ipl20,200306,1216527,2nd innings,224,96,0,44/1,0,24,3.6,3,0,0,False,,425943,Sanju Samson,Rajasthan Royals,481896,Mohammed Shami,Kings XI Punjab,,,267192,Steven Smith,3,11.0
ipl20,200401,1216527,2nd innings,224,95,0,44/1,0,25,4.1,0,0,0,False,,425943,Sanju Samson,Rajasthan Royals,1175441,Ravi Bishnoi,Kings XI Punjab,,,267192,Steven Smith,0,10.56
ipl20,200402,1216527,2nd innings,224,95,0,45/1,0,25,4.1,1,1,1,False,,425943,Sanju Samson,Rajasthan Royals,1175441,Ravi Bishnoi,Kings XI Punjab,,,267192,Steven Smith,1,10.8
ipl20,200403,1216527,2nd innings,224,94,0,45/1,0,26,4.2,0,0,0,False,,425943,Sanju Samson,Rajasthan Royals,1175441,Ravi Bishnoi,Kings XI Punjab,,,267192,Steven Smith,0,10.38
ipl20,200404,1216527,2nd innings,224,93,0,51/1,0,27,4.3,6,0,0,False,,425943,Sanju Samson,Rajasthan Royals,1175441,Ravi Bishnoi,Kings XI Punjab,,,267192,Steven Smith,6,11.33
ipl20,200405,1216527,2nd innings,224,92,0,51/1,0,28,4.4,0,0,0,False,,425943,Sanju Samson,Rajasthan Royals,1175441,Ravi Bishnoi,Kings XI Punjab,,,267192,Steven Smith,0,10.92
ipl20,200406,1216527,2nd innings,224,91,0,55/1,0,29,4.5,4,0,0,False,,425943,Sanju Samson,Rajasthan Royals,1175441,Ravi Bishnoi,Kings XI Punjab,,,267192,Steven Smith,4,11.37
ipl20,200407,1216527,2nd innings,224,90,0,55/1,0,30,4.6,0,0,0,False,,425943,Sanju Samson,Rajasthan Royals,1175441,Ravi Bishnoi,Kings XI Punjab,,,267192,Steven Smith,0,11.0
ipl20,200501,1216527,2nd innings,224,89,0,55/1,0,31,5.1,0,0,0,False,,267192,Steven Smith,Rajasthan Royals,355269,James Neesham,Kings XI Punjab,,,425943,Sanju Samson,0,10.64
ipl20,200502,1216527,2nd innings,224,88,0,59/1,0,32,5.2,4,0,0,False,,267192,Steven Smith,Rajasthan Royals,355269,James Neesham,Kings XI Punjab,,,425943,Sanju Samson,4,11.06
ipl20,200503,1216527,2nd innings,224,87,0,59/1,0,33,5.3,0,0,0,False,,267192,Steven Smith,Rajasthan Royals,355269,James Neesham,Kings XI Punjab,,,425943,Sanju Samson,0,10.72
ipl20,200504,1216527,2nd innings,224,86,0,61/1,0,34,5.4,2,0,0,False,,267192,Steven Smith,Rajasthan Royals,355269,James Neesham,Kings XI Punjab,,,425943,Sanju Samson,2,10.76
ipl20,200505,1216527,2nd innings,224,85,0,65/1,0,35,5.5,4,0,0,False,,267192,Steven Smith,Rajasthan Royals,355269,James Neesham,Kings XI Punjab,,,425943,Sanju Samson,4,11.14
ipl20,200506,1216527,2nd innings,224,84,0,69/1,0,36,5.6,4,0,0,False,,267192,Steven Smith,Rajasthan Royals,355269,James Neesham,Kings XI Punjab,,,425943,Sanju Samson,4,11.5
ipl20,200601,1216527,2nd innings,224,83,0,70/1,0,37,6.1,1,0,0,False,,425943,Sanju Samson,Rajasthan Royals,1175441,Ravi Bishnoi,Kings XI Punjab,,,267192,Steven Smith,1,11.35
ipl20,200602,1216527,2nd innings,224,82,0,76/1,0,38,6.2,6,0,0,False,,267192,Steven Smith,Rajasthan Royals,1175441,Ravi Bishnoi,Kings XI Punjab,,,425943,Sanju Samson,6,12.0
ipl20,200603,1216527,2nd innings,224,81,0,77/1,0,39,6.3,1,0,0,False,,267192,Steven Smith,Rajasthan Royals,1175441,Ravi Bishnoi,Kings XI Punjab,,,425943,Sanju Samson,1,11.84
ipl20,200604,1216527,2nd innings,224,80,0,78/1,0,40,6.4,1,0,0,False,,425943,Sanju Samson,Rajasthan Royals,1175441,Ravi Bishnoi,Kings XI Punjab,,,267192,Steven Smith,1,11.7
ipl20,200605,1216527,2nd innings,224,79,0,78/1,0,41,6.5,0,0,0,False,,267192,Steven Smith,Rajasthan Royals,1175441,Ravi Bishnoi,Kings XI Punjab,,,425943,Sanju Samson,0,11.41
ipl20,200606,1216527,2nd innings,224,78,0,80/1,0,42,6.6,2,0,0,False,,267192,Steven Smith,Rajasthan Royals,1175441,Ravi Bishnoi,Kings XI Punjab,,,425943,Sanju Samson,2,11.42
ipl20,200701,1216527,2nd innings,224,77,0,81/1,0,43,7.1,1,0,0,False,,425943,Sanju Samson,Rajasthan Royals,528067,Murugan Ashwin,Kings XI Punjab,,,267192,Steven Smith,1,11.3
ipl20,200702,1216527,2nd innings,224,76,0,82/1,0,44,7.2,1,0,0,False,,267192,Steven Smith,Rajasthan Royals,528067,Murugan Ashwin,Kings XI Punjab,,,425943,Sanju Samson,1,11.18
ipl20,200703,1216527,2nd innings,224,75,0,84/1,0,45,7.3,2,0,0,False,,425943,Sanju Samson,Rajasthan Royals,528067,Murugan Ashwin,Kings XI Punjab,,,267192,Steven Smith,2,11.2
ipl20,200704,1216527,2nd innings,224,74,0,90/1,0,46,7.4,6,0,0,False,,425943,Sanju Samson,Rajasthan Royals,528067,Murugan Ashwin,Kings XI Punjab,,,267192,Steven Smith,6,11.73
ipl20,200705,1216527,2nd innings,224,73,0,91/1,0,47,7.5,1,0,0,False,,425943,Sanju Samson,Rajasthan Royals,528067,Murugan Ashwin,Kings XI Punjab,,,267192,Steven Smith,1,11.61
ipl20,200706,1216527,2nd innings,224,72,0,92/1,0,48,7.6,1,0,0,False,,267192,Steven Smith,Rajasthan Royals,528067,Murugan Ashwin,Kings XI Punjab,,,425943,Sanju Samson,1,11.5
ipl20,200801,1216527,2nd innings,224,71,0,93/1,0,49,8.1,1,0,0,False,,267192,Steven Smith,Rajasthan Royals,355269,James Neesham,Kings XI Punjab,,,425943,Sanju Samson,1,11.38
ipl20,200802,1216527,2nd innings,224,70,0,97/1,0,50,8.2,4,0,0,False,,425943,Sanju Samson,Rajasthan Royals,355269,James Neesham,Kings XI Punjab,,,267192,Steven Smith,4,11.64
ipl20,200803,1216527,2nd innings,224,69,0,98/1,0,51,8.3,1,0,0,False,,425943,Sanju Samson,Rajasthan Royals,355269,James Neesham,Kings XI Punjab,,,267192,Steven Smith,1,11.52
ipl20,200804,1216527,2nd innings,224,68,0,99/1,0,52,8.4,1,0,0,False,,267192,Steven Smith,Rajasthan Royals,355269,James Neesham,Kings XI Punjab,,,425943,Sanju Samson,1,11.42
ipl20,200805,1216527,2nd innings,224,67,0,100/1,0,53,8.5,1,0,0,False,,425943,Sanju Samson,Rajasthan Royals,355269,James Neesham,Kings XI Punjab,,,267192,Steven Smith,1,11.32
ipl20,200806,1216527,2nd innings,224,66,0,100/2,2,54,8.6,0,0,0,True,caught,267192,Steven Smith,Rajasthan Royals,355269,James Neesham,Kings XI Punjab,355269,James Neesham,425943,Sanju Samson,0,11.11
ipl20,200901,1216527,2nd innings,224,65,0,100/2,0,55,9.1,0,0,0,False,,423838,Rahul Tewatia,Rajasthan Royals,325026,Glenn Maxwell,Kings XI Punjab,,,425943,Sanju Samson,0,10.9
ipl20,200902,1216527,2nd innings,224,64,0,101/2,0,56,9.2,1,0,0,False,,423838,Rahul Tewatia,Rajasthan Royals,325026,Glenn Maxwell,Kings XI Punjab,,,425943,Sanju Samson,1,10.82
ipl20,200903,1216527,2nd innings,224,63,0,102/2,0,57,9.3,1,0,0,False,,425943,Sanju Samson,Rajasthan Royals,325026,Glenn Maxwell,Kings XI Punjab,,,423838,Rahul Tewatia,1,10.73
ipl20,200904,1216527,2nd innings,224,62,0,102/2,0,58,9.4,0,0,0,False,,423838,Rahul Tewatia,Rajasthan Royals,325026,Glenn Maxwell,Kings XI Punjab,,,425943,Sanju Samson,0,10.55
ipl20,200905,1216527,2nd innings,224,61,0,103/2,0,59,9.5,1,0,1,False,,423838,Rahul Tewatia,Rajasthan Royals,325026,Glenn Maxwell,Kings XI Punjab,,,425943,Sanju Samson,1,10.47
ipl20,200906,1216527,2nd innings,224,60,0,104/2,0,60,9.6,1,0,0,False,,425943,Sanju Samson,Rajasthan Royals,325026,Glenn Maxwell,Kings XI Punjab,,,423838,Rahul Tewatia,1,10.4
ipl20,201001,1216527,2nd innings,224,59,0,105/2,0,61,10.1,1,0,0,False,,425943,Sanju Samson,Rajasthan Royals,355269,James Neesham,Kings XI Punjab,,,423838,Rahul Tewatia,1,10.32
ipl20,201002,1216527,2nd innings,224,58,0,105/2,0,62,10.2,0,0,0,False,,423838,Rahul Tewatia,Rajasthan Royals,355269,James Neesham,Kings XI Punjab,,,425943,Sanju Samson,0,10.16
ipl20,201003,1216527,2nd innings,224,57,0,106/2,0,63,10.3,1,0,0,False,,423838,Rahul Tewatia,Rajasthan Royals,355269,James Neesham,Kings XI Punjab,,,425943,Sanju Samson,1,10.09
ipl20,201004,1216527,2nd innings,224,56,0,110/2,0,64,10.4,4,0,0,False,,425943,Sanju Samson,Rajasthan Royals,355269,James Neesham,Kings XI Punjab,,,423838,Rahul Tewatia,4,10.31
ipl20,201005,1216527,2nd innings,224,55,0,111/2,0,65,10.5,1,0,0,False,,425943,Sanju Samson,Rajasthan Royals,355269,James Neesham,Kings XI Punjab,,,423838,Rahul Tewatia,1,10.24
ipl20,201006,1216527,2nd innings,224,54,0,112/2,0,66,10.6,1,0,0,False,,423838,Rahul Tewatia,Rajasthan Royals,355269,James Neesham,Kings XI Punjab,,,425943,Sanju Samson,1,10.18
ipl20,201101,1216527,2nd innings,224,53,0,113/2,0,67,11.1,1,0,0,False,,423838,Rahul Tewatia,Rajasthan Royals,325026,Glenn Maxwell,Kings XI Punjab,,,425943,Sanju Samson,1,10.11
ipl20,201102,1216527,2nd innings,224,52,0,114/2,0,68,11.2,1,0,1,False,,425943,Sanju Samson,Rajasthan Royals,325026,Glenn Maxwell,Kings XI Punjab,,,423838,Rahul Tewatia,1,10.05
ipl20,201103,1216527,2nd innings,224,51,0,115/2,0,69,11.3,1,0,0,False,,423838,Rahul Tewatia,Rajasthan Royals,325026,Glenn Maxwell,Kings XI Punjab,,,425943,Sanju Samson,1,10.0
ipl20,201104,1216527,2nd innings,224,50,0,117/2,0,70,11.4,2,0,0,False,,425943,Sanju Samson,Rajasthan Royals,325026,Glenn Maxwell,Kings XI Punjab,,,423838,Rahul Tewatia,2,10.02
ipl20,201105,1216527,2nd innings,224,49,0,118/2,0,71,11.5,1,0,0,False,,425943,Sanju Samson,Rajasthan Royals,325026,Glenn Maxwell,Kings XI Punjab,,,423838,Rahul Tewatia,1,9.97
ipl20,201106,1216527,2nd innings,224,48,0,118/2,0,72,11.6,0,0,0,False,,423838,Rahul Tewatia,Rajasthan Royals,325026,Glenn Maxwell,Kings XI Punjab,,,425943,Sanju Samson,0,9.83
ipl20,201201,1216527,2nd innings,224,47,0,120/2,0,73,12.1,2,0,0,False,,425943,Sanju Samson,Rajasthan Royals,1175441,Ravi Bishnoi,Kings XI Punjab,,,423838,Rahul Tewatia,2,9.86
ipl20,201202,1216527,2nd innings,224,46,0,120/2,0,74,12.2,0,0,0,False,,425943,Sanju Samson,Rajasthan Royals,1175441,Ravi Bishnoi,Kings XI Punjab,,,423838,Rahul Tewatia,0,9.72
ipl20,201203,1216527,2nd innings,224,45,0,121/2,0,75,12.3,1,0,0,False,,425943,Sanju Samson,Rajasthan Royals,1175441,Ravi Bishnoi,Kings XI Punjab,,,423838,Rahul Tewatia,1,9.68
ipl20,201204,1216527,2nd innings,224,44,0,121/2,0,76,12.4,0,0,0,False,,423838,Rahul Tewatia,Rajasthan Royals,1175441,Ravi Bishnoi,Kings XI Punjab,,,425943,Sanju Samson,0,9.55
ipl20,201205,1216527,2nd innings,224,44,0,122/2,0,76,12.4,1,1,1,False,,423838,Rahul Tewatia,Rajasthan Royals,1175441,Ravi Bishnoi,Kings XI Punjab,,,425943,Sanju Samson,1,9.63
ipl20,201206,1216527,2nd innings,224,43,0,122/2,0,77,12.5,0,0,0,False,,423838,Rahul Tewatia,Rajasthan Royals,1175441,Ravi Bishnoi,Kings XI Punjab,,,425943,Sanju Samson,0,9.5
ipl20,201207,1216527,2nd innings,224,42,0,122/2,0,78,12.6,0,0,0,False,,423838,Rahul Tewatia,Rajasthan Royals,1175441,Ravi Bishnoi,Kings XI Punjab,,,425943,Sanju Samson,0,9.38
ipl20,201301,1216527,2nd innings,224,41,0,128/2,0,79,13.1,6,0,0,False,,425943,Sanju Samson,Rajasthan Royals,355269,James Neesham,Kings XI Punjab,,,423838,Rahul Tewatia,6,9.72
ipl20,201302,1216527,2nd innings,224,40,0,129/2,0,80,13.2,1,0,0,False,,425943,Sanju Samson,Rajasthan Royals,355269,James Neesham,Kings XI Punjab,,,423838,Rahul Tewatia,1,9.67
ipl20,201303,1216527,2nd innings,224,39,0,129/2,0,81,13.3,0,0,0,False,,423838,Rahul Tewatia,Rajasthan Royals,355269,James Neesham,Kings XI Punjab,,,425943,Sanju Samson,0,9.55
ipl20,201304,1216527,2nd innings,224,38,0,130/2,0,82,13.4,1,0,0,False,,423838,Rahul Tewatia,Rajasthan Royals,355269,James Neesham,Kings XI Punjab,,,425943,Sanju Samson,1,9.51
ipl20,201305,1216527,2nd innings,224,37,0,131/2,0,83,13.5,1,0,0,False,,425943,Sanju Samson,Rajasthan Royals,355269,James Neesham,Kings XI Punjab,,,423838,Rahul Tewatia,1,9.46
ipl20,201306,1216527,2nd innings,224,36,0,132/2,0,84,13.6,1,0,0,False,,423838,Rahul Tewatia,Rajasthan Royals,355269,James Neesham,Kings XI Punjab,,,425943,Sanju Samson,1,9.42
ipl20,201401,1216527,2nd innings,224,35,0,133/2,0,85,14.1,1,0,0,False,,423838,Rahul Tewatia,Rajasthan Royals,1175441,Ravi Bishnoi,Kings XI Punjab,,,425943,Sanju Samson,1,9.38
ipl20,201402,1216527,2nd innings,224,34,0,134/2,0,86,14.2,1,0,0,False,,425943,Sanju Samson,Rajasthan Royals,1175441,Ravi Bishnoi,Kings XI Punjab,,,423838,Rahul Tewatia,1,9.34
ipl20,201403,1216527,2nd innings,224,33,0,134/2,0,87,14.3,0,0,0,False,,423838,Rahul Tewatia,Rajasthan Royals,1175441,Ravi Bishnoi,Kings XI Punjab,,,425943,Sanju Samson,0,9.24
ipl20,201404,1216527,2nd innings,224,32,0,134/2,0,88,14.4,0,0,0,False,,423838,Rahul Tewatia,Rajasthan Royals,1175441,Ravi Bishnoi,Kings XI Punjab,,,425943,Sanju Samson,0,9.13
ipl20,201405,1216527,2nd innings,224,31,0,140/2,0,89,14.5,6,0,0,False,,423838,Rahul Tewatia,Rajasthan Royals,1175441,Ravi Bishnoi,Kings XI Punjab,,,425943,Sanju Samson,6,9.43
ipl20,201406,1216527,2nd innings,224,30,0,140/2,0,90,14.6,0,0,0,False,,423838,Rahul Tewatia,Rajasthan Royals,1175441,Ravi Bishnoi,Kings XI Punjab,,,425943,Sanju Samson,0,9.33
ipl20,201501,1216527,2nd innings,224,29,0,146/2,0,91,15.1,6,0,0,False,,425943,Sanju Samson,Rajasthan Royals,325026,Glenn Maxwell,Kings XI Punjab,,,423838,Rahul Tewatia,6,9.62
ipl20,201502,1216527,2nd innings,224,28,0,152/2,0,92,15.2,6,0,0,False,,425943,Sanju Samson,Rajasthan Royals,325026,Glenn Maxwell,Kings XI Punjab,,,423838,Rahul Tewatia,6,9.91
ipl20,201503,1216527,2nd innings,224,27,0,152/2,0,93,15.3,0,0,0,False,,425943,Sanju Samson,Rajasthan Royals,325026,Glenn Maxwell,Kings XI Punjab,,,423838,Rahul Tewatia,0,9.8
ipl20,201504,1216527,2nd innings,224,26,0,154/2,0,94,15.4,2,0,0,False,,425943,Sanju Samson,Rajasthan Royals,325026,Glenn Maxwell,Kings XI Punjab,,,423838,Rahul Tewatia,2,9.82
ipl20,201505,1216527,2nd innings,224,25,0,160/2,0,95,15.5,6,0,0,False,,425943,Sanju Samson,Rajasthan Royals,325026,Glenn Maxwell,Kings XI Punjab,,,423838,Rahul Tewatia,6,10.1
ipl20,201506,1216527,2nd innings,224,24,0,161/2,0,96,15.6,1,0,0,False,,425943,Sanju Samson,Rajasthan Royals,325026,Glenn Maxwell,Kings XI Punjab,,,423838,Rahul Tewatia,1,10.06
ipl20,201601,1216527,2nd innings,224,23,0,161/3,3,97,16.1,0,0,0,True,caught,425943,Sanju Samson,Rajasthan Royals,481896,Mohammed Shami,Kings XI Punjab,425943,Sanju Samson,423838,Rahul Tewatia,0,9.95
ipl20,201602,1216527,2nd innings,224,22,0,162/3,0,98,16.2,1,0,0,False,,35582,Robin Uthappa,Rajasthan Royals,481896,Mohammed Shami,Kings XI Punjab,,,423838,Rahul Tewatia,1,9.91
ipl20,201603,1216527,2nd innings,224,21,0,164/3,0,99,16.3,2,0,0,False,,423838,Rahul Tewatia,Rajasthan Royals,481896,Mohammed Shami,Kings XI Punjab,,,35582,Robin Uthappa,2,9.93
ipl20,201604,1216527,2nd innings,224,20,0,165/3,0,100,16.4,1,0,0,False,,423838,Rahul Tewatia,Rajasthan Royals,481896,Mohammed Shami,Kings XI Punjab,,,35582,Robin Uthappa,1,9.9
ipl20,201605,1216527,2nd innings,224,19,0,169/3,0,101,16.5,4,0,0,False,,35582,Robin Uthappa,Rajasthan Royals,481896,Mohammed Shami,Kings XI Punjab,,,423838,Rahul Tewatia,4,10.03
ipl20,201606,1216527,2nd innings,224,18,0,173/3,0,102,16.6,4,0,0,False,,35582,Robin Uthappa,Rajasthan Royals,481896,Mohammed Shami,Kings XI Punjab,,,423838,Rahul Tewatia,4,10.17
ipl20,201701,1216527,2nd innings,224,17,0,179/3,0,103,17.1,6,0,0,False,,423838,Rahul Tewatia,Rajasthan Royals,495551,Sheldon Cottrell,Kings XI Punjab,,,35582,Robin Uthappa,6,10.42
ipl20,201702,1216527,2nd innings,224,16,0,185/3,0,104,17.2,6,0,0,False,,423838,Rahul Tewatia,Rajasthan Royals,495551,Sheldon Cottrell,Kings XI Punjab,,,35582,Robin Uthappa,6,10.67
ipl20,201703,1216527,2nd innings,224,15,0,191/3,0,105,17.3,6,0,0,False,,423838,Rahul Tewatia,Rajasthan Royals,495551,Sheldon Cottrell,Kings XI Punjab,,,35582,Robin Uthappa,6,10.91
ipl20,201704,1216527,2nd innings,224,14,0,197/3,0,106,17.4,6,0,0,False,,423838,Rahul Tewatia,Rajasthan Royals,495551,Sheldon Cottrell,Kings XI Punjab,,,35582,Robin Uthappa,6,11.15
ipl20,201705,1216527,2nd innings,224,13,0,197/3,0,107,17.5,0,0,0,False,,423838,Rahul Tewatia,Rajasthan Royals,495551,Sheldon Cottrell,Kings XI Punjab,,,35582,Robin Uthappa,0,11.04
ipl20,201706,1216527,2nd innings,224,12,0,203/3,0,108,17.6,6,0,0,False,,423838,Rahul Tewatia,Rajasthan Royals,495551,Sheldon Cottrell,Kings XI Punjab,,,35582,Robin Uthappa,6,11.27
ipl20,201801,1216527,2nd innings,224,11,0,203/4,4,109,18.1,0,0,0,True,caught,35582,Robin Uthappa,Rajasthan Royals,481896,Mohammed Shami,Kings XI Punjab,35582,Robin Uthappa,423838,Rahul Tewatia,0,11.17
ipl20,201802,1216527,2nd innings,224,10,0,209/4,0,110,18.2,6,0,0,False,,669855,Jofra Archer,Rajasthan Royals,481896,Mohammed Shami,Kings XI Punjab,,,423838,Rahul Tewatia,6,11.4
ipl20,201803,1216527,2nd innings,224,9,0,215/4,0,111,18.3,6,0,0,False,,669855,Jofra Archer,Rajasthan Royals,481896,Mohammed Shami,Kings XI Punjab,,,423838,Rahul Tewatia,6,11.62
ipl20,201804,1216527,2nd innings,224,8,0,216/4,0,112,18.4,1,0,0,False,,669855,Jofra Archer,Rajasthan Royals,481896,Mohammed Shami,Kings XI Punjab,,,423838,Rahul Tewatia,1,11.57
ipl20,201805,1216527,2nd innings,224,7,0,222/4,0,113,18.5,6,0,0,False,,423838,Rahul Tewatia,Rajasthan Royals,481896,Mohammed Shami,Kings XI Punjab,,,669855,Jofra Archer,6,11.78
ipl20,201806,1216527,2nd innings,224,6,0,222/5,5,114,18.6,0,0,0,True,caught,423838,Rahul Tewatia,Rajasthan Royals,481896,Mohammed Shami,Kings XI Punjab,423838,Rahul Tewatia,669855,Jofra Archer,0,11.68
ipl20,201901,1216527,2nd innings,224,5,0,222/5,0,115,19.1,0,0,0,False,,1079434,Riyan Parag,Rajasthan Royals,528067,Murugan Ashwin,Kings XI Punjab,,,669855,Jofra Archer,0,11.58
ipl20,201902,1216527,2nd innings,224,4,0,222/6,6,116,19.2,0,0,0,True,bowled,1079434,Riyan Parag,Rajasthan Royals,528067,Murugan Ashwin,Kings XI Punjab,1079434,Riyan Parag,669855,Jofra Archer,0,11.48
ipl20,201903,1216527,2nd innings,224,3,0,226/6,0,117,19.3,4,0,0,False,,550235,Tom Curran,Rajasthan Royals,528067,Murugan Ashwin,Kings XI Punjab,,,669855,Jofra Archer,4,11.58
