ipl_season,sequence,eventid,innings,target,remainingballs,homescore,awayscore,fallofwickets,ball,over,scorevalue,validball,extras,dismissal,dismissaltype,batsmanid,batsman,batsmanteam,bowlerid,bowler,bowlerteam,otherathleteinvolvedid,otherathleteinvolved,nonstrikerid,nonstriker,runs,runrate
ipl20,100001,1216503,1st innings,0,119,0/0,0,0,1,0.1,0,0,0,False,,379143,Quinton de Kock,Mumbai Indians,495551,Sheldon Cottrell,Kings XI Punjab,,,34102,Rohit Sharma,0,0.0
ipl20,100002,1216503,1st innings,0,118,0/0,0,0,2,0.2,0,0,0,False,,379143,Quinton de Kock,Mumbai Indians,495551,Sheldon Cottrell,Kings XI Punjab,,,34102,Rohit Sharma,0,0.0
ipl20,100003,1216503,1st innings,0,117,0/0,0,0,3,0.3,0,0,0,False,,379143,Quinton de Kock,Mumbai Indians,495551,Sheldon Cottrell,Kings XI Punjab,,,34102,Rohit Sharma,0,0.0
ipl20,100004,1216503,1st innings,0,116,0/0,0,0,4,0.4,0,0,0,False,,379143,Quinton de Kock,Mumbai Indians,495551,Sheldon Cottrell,Kings XI Punjab,,,34102,Rohit Sharma,0,0.0
ipl20,100005,1216503,1st innings,0,115,0/1,0,1,5,0.5,0,0,0,True,bowled,379143,Quinton de Kock,Mumbai Indians,495551,Sheldon Cottrell,Kings XI Punjab,379143,Quinton de Kock,34102,Rohit Sharma,0,0.0
ipl20,100006,1216503,1st innings,0,114,0/1,0,0,6,0.6,0,0,0,False,,446507,Suryakumar Yadav,Mumbai Indians,495551,Sheldon Cottrell,Kings XI Punjab,,,34102,Rohit Sharma,0,0.0
ipl20,100101,1216503,1st innings,0,113,4/1,0,0,7,1.1,4,0,0,False,,34102,Rohit Sharma,Mumbai Indians,481896,Mohammed Shami,Kings XI Punjab,,,446507,Suryakumar Yadav,4,3.42
ipl20,100102,1216503,1st innings,0,112,4/1,0,0,8,1.2,0,0,0,False,,34102,Rohit Sharma,Mumbai Indians,481896,Mohammed Shami,Kings XI Punjab,,,446507,Suryakumar Yadav,0,3.0
ipl20,100103,1216503,1st innings,0,111,4/1,0,0,9,1.3,0,0,0,False,,34102,Rohit Sharma,Mumbai Indians,481896,Mohammed Shami,Kings XI Punjab,,,446507,Suryakumar Yadav,0,2.66
ipl20,100104,1216503,1st innings,0,110,8/1,0,0,10,1.4,4,0,0,False,,34102,Rohit Sharma,Mumbai Indians,481896,Mohammed Shami,Kings XI Punjab,,,446507,Suryakumar Yadav,4,4.8
ipl20,100105,1216503,1st innings,0,109,8/1,0,0,11,1.5,0,0,0,False,,34102,Rohit Sharma,Mumbai Indians,481896,Mohammed Shami,Kings XI Punjab,,,446507,Suryakumar Yadav,0,4.36
ipl20,100106,1216503,1st innings,0,108,8/1,0,0,12,1.6,0,0,0,False,,34102,Rohit Sharma,Mumbai Indians,481896,Mohammed Shami,Kings XI Punjab,,,446507,Suryakumar Yadav,0,4.0
ipl20,100201,1216503,1st innings,0,107,9/1,0,0,13,2.1,1,0,0,False,,446507,Suryakumar Yadav,Mumbai Indians,495551,Sheldon Cottrell,Kings XI Punjab,,,34102,Rohit Sharma,1,4.15
ipl20,100202,1216503,1st innings,0,106,10/1,0,0,14,2.2,1,0,0,False,,34102,Rohit Sharma,Mumbai Indians,495551,Sheldon Cottrell,Kings XI Punjab,,,446507,Suryakumar Yadav,1,4.28
ipl20,100203,1216503,1st innings,0,105,10/1,0,0,15,2.3,0,0,0,False,,446507,Suryakumar Yadav,Mumbai Indians,495551,Sheldon Cottrell,Kings XI Punjab,,,34102,Rohit Sharma,0,4.0
ipl20,100204,1216503,1st innings,0,104,14/1,0,0,16,2.4,4,0,0,False,,446507,Suryakumar Yadav,Mumbai Indians,495551,Sheldon Cottrell,Kings XI Punjab,,,34102,Rohit Sharma,4,5.25
ipl20,100205,1216503,1st innings,0,103,18/1,0,0,17,2.5,4,0,0,False,,446507,Suryakumar Yadav,Mumbai Indians,495551,Sheldon Cottrell,Kings XI Punjab,,,34102,Rohit Sharma,4,6.35
ipl20,100206,1216503,1st innings,0,102,18/1,0,0,18,2.6,0,0,0,False,,446507,Suryakumar Yadav,Mumbai Indians,495551,Sheldon Cottrell,Kings XI Punjab,,,34102,Rohit Sharma,0,6.0
ipl20,100301,1216503,1st innings,0,102,19/1,0,0,18,3.0,1,1,1,False,,34102,Rohit Sharma,Mumbai Indians,1175441,Ravi Bishnoi,Kings XI Punjab,,,446507,Suryakumar Yadav,1,6.33
ipl20,100302,1216503,1st innings,0,101,20/1,0,0,19,3.1,1,0,0,False,,34102,Rohit Sharma,Mumbai Indians,1175441,Ravi Bishnoi,Kings XI Punjab,,,446507,Suryakumar Yadav,1,6.31
ipl20,100303,1216503,1st innings,0,100,21/1,0,0,20,3.2,1,0,0,False,,446507,Suryakumar Yadav,Mumbai Indians,1175441,Ravi Bishnoi,Kings XI Punjab,,,34102,Rohit Sharma,1,6.3
ipl20,100304,1216503,1st innings,0,99,21/1,0,0,21,3.3,0,0,0,False,,34102,Rohit Sharma,Mumbai Indians,1175441,Ravi Bishnoi,Kings XI Punjab,,,446507,Suryakumar Yadav,0,6.0
ipl20,100305,1216503,1st innings,0,98,21/1,0,0,22,3.4,0,0,0,False,,34102,Rohit Sharma,Mumbai Indians,1175441,Ravi Bishnoi,Kings XI Punjab,,,446507,Suryakumar Yadav,0,5.72
ipl20,100306,1216503,1st innings,0,97,21/2,0,2,23,3.5,0,0,0,True,run out,34102,Rohit Sharma,Mumbai Indians,1175441,Ravi Bishnoi,Kings XI Punjab,1175441,Ravi Bishnoi,446507,Suryakumar Yadav,0,5.47
ipl20,100307,1216503,1st innings,0,96,22/2,0,0,24,3.6,1,0,0,False,,720471,Ishan Kishan,Mumbai Indians,1175441,Ravi Bishnoi,Kings XI Punjab,,,34102,Rohit Sharma,1,5.5
ipl20,100401,1216503,1st innings,0,95,22/2,0,0,25,4.1,0,0,0,False,,720471,Ishan Kishan,Mumbai Indians,495551,Sheldon Cottrell,Kings XI Punjab,,,34102,Rohit Sharma,0,5.28
ipl20,100402,1216503,1st innings,0,95,23/2,0,0,25,4.1,1,1,1,False,,720471,Ishan Kishan,Mumbai Indians,495551,Sheldon Cottrell,Kings XI Punjab,,,34102,Rohit Sharma,1,5.52
ipl20,100403,1216503,1st innings,0,94,24/2,0,0,26,4.2,1,0,0,False,,720471,Ishan Kishan,Mumbai Indians,495551,Sheldon Cottrell,Kings XI Punjab,,,34102,Rohit Sharma,1,5.53
ipl20,100404,1216503,1st innings,0,93,25/2,0,0,27,4.3,1,0,0,False,,34102,Rohit Sharma,Mumbai Indians,495551,Sheldon Cottrell,Kings XI Punjab,,,720471,Ishan Kishan,1,5.55
ipl20,100405,1216503,1st innings,0,92,25/2,0,0,28,4.4,0,0,0,False,,720471,Ishan Kishan,Mumbai Indians,495551,Sheldon Cottrell,Kings XI Punjab,,,34102,Rohit Sharma,0,5.35
ipl20,100406,1216503,1st innings,0,91,29/2,0,0,29,4.5,4,0,0,False,,720471,Ishan Kishan,Mumbai Indians,495551,Sheldon Cottrell,Kings XI Punjab,,,34102,Rohit Sharma,4,6.0
ipl20,100407,1216503,1st innings,0,90,29/2,0,0,30,4.6,0,0,0,False,,720471,Ishan Kishan,Mumbai Indians,495551,Sheldon Cottrell,Kings XI Punjab,,,34102,Rohit Sharma,0,5.8
ipl20,100501,1216503,1st innings,0,89,29/2,0,0,31,5.1,0,0,0,False,,34102,Rohit Sharma,Mumbai Indians,424377,Krishnappa Gowtham,Kings XI Punjab,,,720471,Ishan Kishan,0,5.61
ipl20,100502,1216503,1st innings,0,88,33/2,0,0,32,5.2,4,0,0,False,,34102,Rohit Sharma,Mumbai Indians,424377,Krishnappa Gowtham,Kings XI Punjab,,,720471,Ishan Kishan,4,6.18
ipl20,100503,1216503,1st innings,0,87,37/2,0,0,33,5.3,4,0,0,False,,34102,Rohit Sharma,Mumbai Indians,424377,Krishnappa Gowtham,Kings XI Punjab,,,720471,Ishan Kishan,4,6.72
ipl20,100504,1216503,1st innings,0,86,38/2,0,0,34,5.4,1,0,0,False,,34102,Rohit Sharma,Mumbai Indians,424377,Krishnappa Gowtham,Kings XI Punjab,,,720471,Ishan Kishan,1,6.7
ipl20,100505,1216503,1st innings,0,85,39/2,0,0,35,5.5,1,0,0,False,,720471,Ishan Kishan,Mumbai Indians,424377,Krishnappa Gowtham,Kings XI Punjab,,,34102,Rohit Sharma,1,6.68
ipl20,100506,1216503,1st innings,0,84,41/2,0,0,36,5.6,2,0,0,False,,34102,Rohit Sharma,Mumbai Indians,424377,Krishnappa Gowtham,Kings XI Punjab,,,720471,Ishan Kishan,2,6.83
ipl20,100601,1216503,1st innings,0,83,41/2,0,0,37,6.1,0,0,0,False,,720471,Ishan Kishan,Mumbai Indians,355269,James Neesham,Kings XI Punjab,,,34102,Rohit Sharma,0,6.64
ipl20,100602,1216503,1st innings,0,82,41/2,0,0,38,6.2,0,0,0,False,,720471,Ishan Kishan,Mumbai Indians,355269,James Neesham,Kings XI Punjab,,,34102,Rohit Sharma,0,6.47
ipl20,100603,1216503,1st innings,0,81,41/2,0,0,39,6.3,0,0,0,False,,720471,Ishan Kishan,Mumbai Indians,355269,James Neesham,Kings XI Punjab,,,34102,Rohit Sharma,0,6.3
ipl20,100604,1216503,1st innings,0,80,42/2,0,0,40,6.4,1,0,0,False,,720471,Ishan Kishan,Mumbai Indians,355269,James Neesham,Kings XI Punjab,,,34102,Rohit Sharma,1,6.3
ipl20,100605,1216503,1st innings,0,79,46/2,0,0,41,6.5,4,0,0,False,,34102,Rohit Sharma,Mumbai Indians,355269,James Neesham,Kings XI Punjab,,,720471,Ishan Kishan,4,6.73
ipl20,100606,1216503,1st innings,0,78,47/2,0,0,42,6.6,1,0,0,False,,34102,Rohit Sharma,Mumbai Indians,355269,James Neesham,Kings XI Punjab,,,720471,Ishan Kishan,1,6.71
ipl20,100701,1216503,1st innings,0,77,48/2,0,0,43,7.1,1,0,0,False,,34102,Rohit Sharma,Mumbai Indians,481896,Mohammed Shami,Kings XI Punjab,,,720471,Ishan Kishan,1,6.69
ipl20,100702,1216503,1st innings,0,76,49/2,0,0,44,7.2,1,0,0,False,,720471,Ishan Kishan,Mumbai Indians,481896,Mohammed Shami,Kings XI Punjab,,,34102,Rohit Sharma,1,6.68
ipl20,100703,1216503,1st innings,0,75,49/2,0,0,45,7.3,0,0,0,False,,34102,Rohit Sharma,Mumbai Indians,481896,Mohammed Shami,Kings XI Punjab,,,720471,Ishan Kishan,0,6.53
ipl20,100704,1216503,1st innings,0,74,50/2,0,0,46,7.4,1,0,0,False,,34102,Rohit Sharma,Mumbai Indians,481896,Mohammed Shami,Kings XI Punjab,,,720471,Ishan Kishan,1,6.52
ipl20,100705,1216503,1st innings,0,73,50/2,0,0,47,7.5,0,0,0,False,,720471,Ishan Kishan,Mumbai Indians,481896,Mohammed Shami,Kings XI Punjab,,,34102,Rohit Sharma,0,6.38
ipl20,100706,1216503,1st innings,0,72,51/2,0,0,48,7.6,1,0,0,False,,720471,Ishan Kishan,Mumbai Indians,481896,Mohammed Shami,Kings XI Punjab,,,34102,Rohit Sharma,1,6.37
ipl20,100801,1216503,1st innings,0,71,52/2,0,0,49,8.1,1,0,0,False,,720471,Ishan Kishan,Mumbai Indians,1175441,Ravi Bishnoi,Kings XI Punjab,,,34102,Rohit Sharma,1,6.36
ipl20,100802,1216503,1st innings,0,70,53/2,0,0,50,8.2,1,0,0,False,,34102,Rohit Sharma,Mumbai Indians,1175441,Ravi Bishnoi,Kings XI Punjab,,,720471,Ishan Kishan,1,6.36
ipl20,100803,1216503,1st innings,0,69,53/2,0,0,51,8.3,0,0,0,False,,720471,Ishan Kishan,Mumbai Indians,1175441,Ravi Bishnoi,Kings XI Punjab,,,34102,Rohit Sharma,0,6.23
ipl20,100804,1216503,1st innings,0,68,53/2,0,0,52,8.4,0,0,0,False,,720471,Ishan Kishan,Mumbai Indians,1175441,Ravi Bishnoi,Kings XI Punjab,,,34102,Rohit Sharma,0,6.11
ipl20,100805,1216503,1st innings,0,67,54/2,0,0,53,8.5,1,0,0,False,,720471,Ishan Kishan,Mumbai Indians,1175441,Ravi Bishnoi,Kings XI Punjab,,,34102,Rohit Sharma,1,6.11
ipl20,100806,1216503,1st innings,0,66,58/2,0,0,54,8.6,4,0,0,False,,34102,Rohit Sharma,Mumbai Indians,1175441,Ravi Bishnoi,Kings XI Punjab,,,720471,Ishan Kishan,4,6.44
ipl20,100901,1216503,1st innings,0,65,59/2,0,0,55,9.1,1,0,0,False,,720471,Ishan Kishan,Mumbai Indians,424377,Krishnappa Gowtham,Kings XI Punjab,,,34102,Rohit Sharma,1,6.43
ipl20,100902,1216503,1st innings,0,64,60/2,0,0,56,9.2,1,0,0,False,,34102,Rohit Sharma,Mumbai Indians,424377,Krishnappa Gowtham,Kings XI Punjab,,,720471,Ishan Kishan,1,6.42
ipl20,100903,1216503,1st innings,0,63,60/2,0,0,57,9.3,0,0,0,False,,720471,Ishan Kishan,Mumbai Indians,424377,Krishnappa Gowtham,Kings XI Punjab,,,34102,Rohit Sharma,0,6.31
ipl20,100904,1216503,1st innings,0,62,61/2,0,0,58,9.4,1,0,0,False,,720471,Ishan Kishan,Mumbai Indians,424377,Krishnappa Gowtham,Kings XI Punjab,,,34102,Rohit Sharma,1,6.31
ipl20,100905,1216503,1st innings,0,61,61/2,0,0,59,9.5,0,0,0,False,,34102,Rohit Sharma,Mumbai Indians,424377,Krishnappa Gowtham,Kings XI Punjab,,,720471,Ishan Kishan,0,6.2
ipl20,100906,1216503,1st innings,0,60,62/2,0,0,60,9.6,1,0,0,False,,34102,Rohit Sharma,Mumbai Indians,424377,Krishnappa Gowtham,Kings XI Punjab,,,720471,Ishan Kishan,1,6.2
ipl20,101001,1216503,1st innings,0,59,63/2,0,0,61,10.1,1,0,0,False,,34102,Rohit Sharma,Mumbai Indians,1175441,Ravi Bishnoi,Kings XI Punjab,,,720471,Ishan Kishan,1,6.19
ipl20,101002,1216503,1st innings,0,58,69/2,0,0,62,10.2,6,0,0,False,,720471,Ishan Kishan,Mumbai Indians,1175441,Ravi Bishnoi,Kings XI Punjab,,,34102,Rohit Sharma,6,6.67
ipl20,101003,1216503,1st innings,0,57,69/2,0,0,63,10.3,0,0,0,False,,720471,Ishan Kishan,Mumbai Indians,1175441,Ravi Bishnoi,Kings XI Punjab,,,34102,Rohit Sharma,0,6.57
ipl20,101004,1216503,1st innings,0,56,70/2,0,0,64,10.4,1,0,0,False,,720471,Ishan Kishan,Mumbai Indians,1175441,Ravi Bishnoi,Kings XI Punjab,,,34102,Rohit Sharma,1,6.56
ipl20,101005,1216503,1st innings,0,55,71/2,0,0,65,10.5,1,0,0,False,,34102,Rohit Sharma,Mumbai Indians,1175441,Ravi Bishnoi,Kings XI Punjab,,,720471,Ishan Kishan,1,6.55
ipl20,101006,1216503,1st innings,0,54,73/2,0,0,66,10.6,2,0,0,False,,720471,Ishan Kishan,Mumbai Indians,1175441,Ravi Bishnoi,Kings XI Punjab,,,34102,Rohit Sharma,2,6.63
ipl20,101101,1216503,1st innings,0,53,74/2,0,0,67,11.1,1,0,0,False,,34102,Rohit Sharma,Mumbai Indians,355269,James Neesham,Kings XI Punjab,,,720471,Ishan Kishan,1,6.62
ipl20,101102,1216503,1st innings,0,52,75/2,0,0,68,11.2,1,0,0,False,,720471,Ishan Kishan,Mumbai Indians,355269,James Neesham,Kings XI Punjab,,,34102,Rohit Sharma,1,6.61
ipl20,101103,1216503,1st innings,0,51,76/2,0,0,69,11.3,1,0,1,False,,34102,Rohit Sharma,Mumbai Indians,355269,James Neesham,Kings XI Punjab,,,720471,Ishan Kishan,1,6.6
ipl20,101104,1216503,1st innings,0,50,77/2,0,0,70,11.4,1,0,0,False,,720471,Ishan Kishan,Mumbai Indians,355269,James Neesham,Kings XI Punjab,,,34102,Rohit Sharma,1,6.6
ipl20,101105,1216503,1st innings,0,50,78/2,0,0,70,11.4,1,1,1,False,,34102,Rohit Sharma,Mumbai Indians,355269,James Neesham,Kings XI Punjab,,,720471,Ishan Kishan,1,6.68
ipl20,101106,1216503,1st innings,0,49,79/2,0,0,71,11.5,1,0,0,False,,34102,Rohit Sharma,Mumbai Indians,355269,James Neesham,Kings XI Punjab,,,720471,Ishan Kishan,1,6.67
ipl20,101107,1216503,1st innings,0,48,80/2,0,0,72,11.6,1,0,0,False,,720471,Ishan Kishan,Mumbai Indians,355269,James Neesham,Kings XI Punjab,,,34102,Rohit Sharma,1,6.66
ipl20,101201,1216503,1st innings,0,47,81/2,0,0,73,12.1,1,0,0,False,,720471,Ishan Kishan,Mumbai Indians,495551,Sheldon Cottrell,Kings XI Punjab,,,34102,Rohit Sharma,1,6.65
ipl20,101202,1216503,1st innings,0,46,81/2,0,0,74,12.2,0,0,0,False,,34102,Rohit Sharma,Mumbai Indians,495551,Sheldon Cottrell,Kings XI Punjab,,,720471,Ishan Kishan,0,6.56
ipl20,101203,1216503,1st innings,0,45,81/2,0,0,75,12.3,0,0,0,False,,34102,Rohit Sharma,Mumbai Indians,495551,Sheldon Cottrell,Kings XI Punjab,,,720471,Ishan Kishan,0,6.48
ipl20,101204,1216503,1st innings,0,44,82/2,0,0,76,12.4,1,0,0,False,,34102,Rohit Sharma,Mumbai Indians,495551,Sheldon Cottrell,Kings XI Punjab,,,720471,Ishan Kishan,1,6.47
ipl20,101205,1216503,1st innings,0,43,82/2,0,0,77,12.5,0,0,0,False,,720471,Ishan Kishan,Mumbai Indians,495551,Sheldon Cottrell,Kings XI Punjab,,,34102,Rohit Sharma,0,6.38
ipl20,101206,1216503,1st innings,0,42,83/2,0,0,78,12.6,1,0,0,False,,720471,Ishan Kishan,Mumbai Indians,495551,Sheldon Cottrell,Kings XI Punjab,,,34102,Rohit Sharma,1,6.38
ipl20,101301,1216503,1st innings,0,41,83/3,0,3,79,13.1,0,0,0,True,caught,720471,Ishan Kishan,Mumbai Indians,424377,Krishnappa Gowtham,Kings XI Punjab,720471,Ishan Kishan,34102,Rohit Sharma,0,6.3
ipl20,101302,1216503,1st innings,0,40,84/3,0,0,80,13.2,1,0,0,False,,34102,Rohit Sharma,Mumbai Indians,424377,Krishnappa Gowtham,Kings XI Punjab,,,230559,Kieron Pollard,1,6.3
ipl20,101303,1216503,1st innings,0,39,84/3,0,0,81,13.3,0,0,0,False,,230559,Kieron Pollard,Mumbai Indians,424377,Krishnappa Gowtham,Kings XI Punjab,,,34102,Rohit Sharma,0,6.22
ipl20,101304,1216503,1st innings,0,38,85/3,0,0,82,13.4,1,0,0,False,,230559,Kieron Pollard,Mumbai Indians,424377,Krishnappa Gowtham,Kings XI Punjab,,,34102,Rohit Sharma,1,6.21
ipl20,101305,1216503,1st innings,0,37,86/3,0,0,83,13.5,1,0,0,False,,34102,Rohit Sharma,Mumbai Indians,424377,Krishnappa Gowtham,Kings XI Punjab,,,230559,Kieron Pollard,1,6.21
ipl20,101306,1216503,1st innings,0,36,87/3,0,0,84,13.6,1,0,0,False,,230559,Kieron Pollard,Mumbai Indians,424377,Krishnappa Gowtham,Kings XI Punjab,,,34102,Rohit Sharma,1,6.21
ipl20,101401,1216503,1st innings,0,35,93/3,0,0,85,14.1,6,0,0,False,,230559,Kieron Pollard,Mumbai Indians,1175441,Ravi Bishnoi,Kings XI Punjab,,,34102,Rohit Sharma,6,6.56
ipl20,101402,1216503,1st innings,0,34,95/3,0,0,86,14.2,2,0,0,False,,230559,Kieron Pollard,Mumbai Indians,1175441,Ravi Bishnoi,Kings XI Punjab,,,34102,Rohit Sharma,2,6.62
ipl20,101403,1216503,1st innings,0,33,95/3,0,0,87,14.3,0,0,0,False,,230559,Kieron Pollard,Mumbai Indians,1175441,Ravi Bishnoi,Kings XI Punjab,,,34102,Rohit Sharma,0,6.55
ipl20,101404,1216503,1st innings,0,32,96/3,0,0,88,14.4,1,0,0,False,,230559,Kieron Pollard,Mumbai Indians,1175441,Ravi Bishnoi,Kings XI Punjab,,,34102,Rohit Sharma,1,6.54
ipl20,101405,1216503,1st innings,0,31,102/3,0,0,89,14.5,6,0,0,False,,34102,Rohit Sharma,Mumbai Indians,1175441,Ravi Bishnoi,Kings XI Punjab,,,230559,Kieron Pollard,6,6.87
ipl20,101406,1216503,1st innings,0,30,102/3,0,0,90,14.6,0,0,0,False,,34102,Rohit Sharma,Mumbai Indians,1175441,Ravi Bishnoi,Kings XI Punjab,,,230559,Kieron Pollard,0,6.8
ipl20,101501,1216503,1st innings,0,29,103/3,0,0,91,15.1,1,0,0,False,,230559,Kieron Pollard,Mumbai Indians,355269,James Neesham,Kings XI Punjab,,,34102,Rohit Sharma,1,6.79
ipl20,101502,1216503,1st innings,0,28,107/3,0,0,92,15.2,4,0,0,False,,34102,Rohit Sharma,Mumbai Indians,355269,James Neesham,Kings XI Punjab,,,230559,Kieron Pollard,4,6.97
ipl20,101503,1216503,1st innings,0,27,111/3,0,0,93,15.3,4,0,0,False,,34102,Rohit Sharma,Mumbai Indians,355269,James Neesham,Kings XI Punjab,,,230559,Kieron Pollard,4,7.16
ipl20,101504,1216503,1st innings,0,26,117/3,0,0,94,15.4,6,0,0,False,,34102,Rohit Sharma,Mumbai Indians,355269,James Neesham,Kings XI Punjab,,,230559,Kieron Pollard,6,7.46
ipl20,101505,1216503,1st innings,0,25,123/3,0,0,95,15.5,6,0,0,False,,34102,Rohit Sharma,Mumbai Indians,355269,James Neesham,Kings XI Punjab,,,230559,Kieron Pollard,6,7.76
ipl20,101506,1216503,1st innings,0,24,124/3,0,0,96,15.6,1,0,0,False,,34102,Rohit Sharma,Mumbai Indians,355269,James Neesham,Kings XI Punjab,,,230559,Kieron Pollard,1,7.75
ipl20,101601,1216503,1st innings,0,23,124/4,0,4,97,16.1,0,0,0,True,caught,34102,Rohit Sharma,Mumbai Indians,481896,Mohammed Shami,Kings XI Punjab,34102,Rohit Sharma,230559,Kieron Pollard,0,7.67
ipl20,101602,1216503,1st innings,0,22,124/4,0,0,98,16.2,0,0,0,False,,230559,Kieron Pollard,Mumbai Indians,481896,Mohammed Shami,Kings XI Punjab,,,625371,Hardik Pandya,0,7.59
ipl20,101603,1216503,1st innings,0,21,125/4,0,0,99,16.3,1,0,0,False,,230559,Kieron Pollard,Mumbai Indians,481896,Mohammed Shami,Kings XI Punjab,,,625371,Hardik Pandya,1,7.57
ipl20,101604,1216503,1st innings,0,20,126/4,0,0,100,16.4,1,0,0,False,,625371,Hardik Pandya,Mumbai Indians,481896,Mohammed Shami,Kings XI Punjab,,,230559,Kieron Pollard,1,7.56
ipl20,101605,1216503,1st innings,0,20,127/4,0,0,100,16.4,1,1,1,False,,230559,Kieron Pollard,Mumbai Indians,481896,Mohammed Shami,Kings XI Punjab,,,625371,Hardik Pandya,1,7.62
ipl20,101606,1216503,1st innings,0,19,129/4,0,0,101,16.5,2,0,0,False,,230559,Kieron Pollard,Mumbai Indians,481896,Mohammed Shami,Kings XI Punjab,,,625371,Hardik Pandya,2,7.66
ipl20,101607,1216503,1st innings,0,18,129/4,0,0,102,16.6,0,0,0,False,,230559,Kieron Pollard,Mumbai Indians,481896,Mohammed Shami,Kings XI Punjab,,,625371,Hardik Pandya,0,7.58
ipl20,101701,1216503,1st innings,0,17,135/4,0,0,103,17.1,6,0,0,False,,625371,Hardik Pandya,Mumbai Indians,355269,James Neesham,Kings XI Punjab,,,230559,Kieron Pollard,6,7.86
ipl20,101702,1216503,1st innings,0,16,137/4,0,0,104,17.2,2,0,0,False,,625371,Hardik Pandya,Mumbai Indians,355269,James Neesham,Kings XI Punjab,,,230559,Kieron Pollard,2,7.9
ipl20,101703,1216503,1st innings,0,15,141/4,0,0,105,17.3,4,0,0,False,,625371,Hardik Pandya,Mumbai Indians,355269,James Neesham,Kings XI Punjab,,,230559,Kieron Pollard,4,8.05
ipl20,101704,1216503,1st innings,0,14,145/4,0,0,106,17.4,4,0,0,False,,625371,Hardik Pandya,Mumbai Indians,355269,James Neesham,Kings XI Punjab,,,230559,Kieron Pollard,4,8.2
ipl20,101705,1216503,1st innings,0,13,146/4,0,0,107,17.5,1,0,0,False,,625371,Hardik Pandya,Mumbai Indians,355269,James Neesham,Kings XI Punjab,,,230559,Kieron Pollard,1,8.18
ipl20,101706,1216503,1st innings,0,12,147/4,0,0,108,17.6,1,0,0,False,,230559,Kieron Pollard,Mumbai Indians,355269,James Neesham,Kings XI Punjab,,,625371,Hardik Pandya,1,8.16
ipl20,101801,1216503,1st innings,0,11,148/4,0,0,109,18.1,1,0,0,False,,230559,Kieron Pollard,Mumbai Indians,481896,Mohammed Shami,Kings XI Punjab,,,625371,Hardik Pandya,1,8.14
ipl20,101802,1216503,1st innings,0,10,152/4,0,0,110,18.2,4,0,0,False,,625371,Hardik Pandya,Mumbai Indians,481896,Mohammed Shami,Kings XI Punjab,,,230559,Kieron Pollard,4,8.29
ipl20,101803,1216503,1st innings,0,9,153/4,0,0,111,18.3,1,0,0,False,,625371,Hardik Pandya,Mumbai Indians,481896,Mohammed Shami,Kings XI Punjab,,,230559,Kieron Pollard,1,8.27
ipl20,101804,1216503,1st innings,0,9,154/4,0,0,111,18.3,1,1,1,False,,230559,Kieron Pollard,Mumbai Indians,481896,Mohammed Shami,Kings XI Punjab,,,625371,Hardik Pandya,1,8.32
ipl20,101805,1216503,1st innings,0,8,158/4,0,0,112,18.4,4,0,0,False,,230559,Kieron Pollard,Mumbai Indians,481896,Mohammed Shami,Kings XI Punjab,,,625371,Hardik Pandya,4,8.46
ipl20,101806,1216503,1st innings,0,7,162/4,0,0,113,18.5,4,0,0,False,,230559,Kieron Pollard,Mumbai Indians,481896,Mohammed Shami,Kings XI Punjab,,,625371,Hardik Pandya,4,8.6
ipl20,101807,1216503,1st innings,0,6,166/4,0,0,114,18.6,4,0,0,False,,230559,Kieron Pollard,Mumbai Indians,481896,Mohammed Shami,Kings XI Punjab,,,625371,Hardik Pandya,4,8.73
ipl20,101901,1216503,1st innings,0,5,166/4,0,0,115,19.1,0,0,0,False,,625371,Hardik Pandya,Mumbai Indians,424377,Krishnappa Gowtham,Kings XI Punjab,,,230559,Kieron Pollard,0,8.66
ipl20,101902,1216503,1st innings,0,4,172/4,0,0,116,19.2,6,0,0,False,,625371,Hardik Pandya,Mumbai Indians,424377,Krishnappa Gowtham,Kings XI Punjab,,,230559,Kieron Pollard,6,8.89
ipl20,101903,1216503,1st innings,0,3,173/4,0,0,117,19.3,1,0,0,False,,625371,Hardik Pandya,Mumbai Indians,424377,Krishnappa Gowtham,Kings XI Punjab,,,230559,Kieron Pollard,1,8.87
ipl20,101904,1216503,1st innings,0,2,179/4,0,0,118,19.4,6,0,0,False,,230559,Kieron Pollard,Mumbai Indians,424377,Krishnappa Gowtham,Kings XI Punjab,,,625371,Hardik Pandya,6,9.1
ipl20,101905,1216503,1st innings,0,1,185/4,0,0,119,19.5,6,0,0,False,,230559,Kieron Pollard,Mumbai Indians,424377,Krishnappa Gowtham,Kings XI Punjab,,,625371,Hardik Pandya,6,9.32
ipl20,101906,1216503,1st innings,0,0,191/4,0,0,120,19.6,6,0,0,False,,230559,Kieron Pollard,Mumbai Indians,424377,Krishnappa Gowtham,Kings XI Punjab,,,625371,Hardik Pandya,6,9.55
ipl20,200001,1216503,2nd innings,192,119,0,1/0,0,1,0.1,1,0,0,False,,422108,KL Rahul,Kings XI Punjab,277912,Trent Boult,Mumbai Indians,,,398438,Mayank Agarwal,1,6.0
ipl20,200002,1216503,2nd innings,192,118,0,5/0,0,2,0.2,4,0,0,False,,398438,Mayank Agarwal,Kings XI Punjab,277912,Trent Boult,Mumbai Indians,,,422108,KL Rahul,4,15.0
ipl20,200003,1216503,2nd innings,192,117,0,5/0,0,3,0.3,0,0,0,False,,398438,Mayank Agarwal,Kings XI Punjab,277912,Trent Boult,Mumbai Indians,,,422108,KL Rahul,0,10.0
ipl20,200004,1216503,2nd innings,192,116,0,7/0,0,4,0.4,2,0,0,False,,398438,Mayank Agarwal,Kings XI Punjab,277912,Trent Boult,Mumbai Indians,,,422108,KL Rahul,2,10.5
ipl20,200005,1216503,2nd innings,192,115,0,8/0,0,5,0.5,1,0,0,False,,398438,Mayank Agarwal,Kings XI Punjab,277912,Trent Boult,Mumbai Indians,,,422108,KL Rahul,1,9.6
ipl20,200006,1216503,2nd innings,192,114,0,12/0,0,6,0.6,4,0,0,False,,422108,KL Rahul,Kings XI Punjab,277912,Trent Boult,Mumbai Indians,,,398438,Mayank Agarwal,4,12.0
ipl20,200101,1216503,2nd innings,192,113,0,16/0,0,7,1.1,4,0,0,False,,398438,Mayank Agarwal,Kings XI Punjab,272465,James Pattinson,Mumbai Indians,,,422108,KL Rahul,4,13.71
ipl20,200102,1216503,2nd innings,192,112,0,18/0,0,8,1.2,2,0,0,False,,398438,Mayank Agarwal,Kings XI Punjab,272465,James Pattinson,Mumbai Indians,,,422108,KL Rahul,2,13.5
ipl20,200103,1216503,2nd innings,192,111,0,19/0,0,9,1.3,1,0,0,False,,398438,Mayank Agarwal,Kings XI Punjab,272465,James Pattinson,Mumbai Indians,,,422108,KL Rahul,1,12.66
ipl20,200104,1216503,2nd innings,192,110,0,20/0,0,10,1.4,1,0,0,False,,422108,KL Rahul,Kings XI Punjab,272465,James Pattinson,Mumbai Indians,,,398438,Mayank Agarwal,1,12.0
ipl20,200105,1216503,2nd innings,192,110,0,21/0,0,10,1.4,1,1,1,False,,398438,Mayank Agarwal,Kings XI Punjab,272465,James Pattinson,Mumbai Indians,,,422108,KL Rahul,1,12.6
ipl20,200106,1216503,2nd innings,192,109,0,22/0,0,11,1.5,1,0,0,False,,398438,Mayank Agarwal,Kings XI Punjab,272465,James Pattinson,Mumbai Indians,,,422108,KL Rahul,1,12.0
ipl20,200107,1216503,2nd innings,192,108,0,24/0,0,12,1.6,2,0,0,False,,422108,KL Rahul,Kings XI Punjab,272465,James Pattinson,Mumbai Indians,,,398438,Mayank Agarwal,2,12.0
ipl20,200201,1216503,2nd innings,192,107,0,26/0,0,13,2.1,2,0,0,False,,398438,Mayank Agarwal,Kings XI Punjab,277912,Trent Boult,Mumbai Indians,,,422108,KL Rahul,2,12.0
ipl20,200202,1216503,2nd innings,192,106,0,27/0,0,14,2.2,1,0,0,False,,398438,Mayank Agarwal,Kings XI Punjab,277912,Trent Boult,Mumbai Indians,,,422108,KL Rahul,1,11.57
ipl20,200203,1216503,2nd innings,192,105,0,27/0,0,15,2.3,0,0,0,False,,422108,KL Rahul,Kings XI Punjab,277912,Trent Boult,Mumbai Indians,,,398438,Mayank Agarwal,0,10.8
ipl20,200204,1216503,2nd innings,192,104,0,28/0,0,16,2.4,1,0,0,False,,422108,KL Rahul,Kings XI Punjab,277912,Trent Boult,Mumbai Indians,,,398438,Mayank Agarwal,1,10.5
ipl20,200205,1216503,2nd innings,192,103,0,32/0,0,17,2.5,4,0,0,False,,398438,Mayank Agarwal,Kings XI Punjab,277912,Trent Boult,Mumbai Indians,,,422108,KL Rahul,4,11.29
ipl20,200206,1216503,2nd innings,192,102,0,33/0,0,18,2.6,1,0,0,False,,398438,Mayank Agarwal,Kings XI Punjab,277912,Trent Boult,Mumbai Indians,,,422108,KL Rahul,1,11.0
ipl20,200301,1216503,2nd innings,192,101,0,33/0,0,19,3.1,0,0,0,False,,398438,Mayank Agarwal,Kings XI Punjab,471342,Krunal Pandya,Mumbai Indians,,,422108,KL Rahul,0,10.42
ipl20,200302,1216503,2nd innings,192,100,0,34/0,0,20,3.2,1,0,0,False,,398438,Mayank Agarwal,Kings XI Punjab,471342,Krunal Pandya,Mumbai Indians,,,422108,KL Rahul,1,10.2
ipl20,200303,1216503,2nd innings,192,99,0,34/0,0,21,3.3,0,0,0,False,,422108,KL Rahul,Kings XI Punjab,471342,Krunal Pandya,Mumbai Indians,,,398438,Mayank Agarwal,0,9.71
ipl20,200304,1216503,2nd innings,192,98,0,35/0,0,22,3.4,1,0,0,False,,422108,KL Rahul,Kings XI Punjab,471342,Krunal Pandya,Mumbai Indians,,,398438,Mayank Agarwal,1,9.54
ipl20,200305,1216503,2nd innings,192,97,0,36/0,0,23,3.5,1,0,0,False,,398438,Mayank Agarwal,Kings XI Punjab,471342,Krunal Pandya,Mumbai Indians,,,422108,KL Rahul,1,9.39
ipl20,200306,1216503,2nd innings,192,96,0,37/0,0,24,3.6,1,0,0,False,,422108,KL Rahul,Kings XI Punjab,471342,Krunal Pandya,Mumbai Indians,,,398438,Mayank Agarwal,1,9.25
ipl20,200401,1216503,2nd innings,192,95,0,37/0,0,25,4.1,0,0,0,False,,422108,KL Rahul,Kings XI Punjab,625383,Jasprit Bumrah,Mumbai Indians,,,398438,Mayank Agarwal,0,8.88
ipl20,200402,1216503,2nd innings,192,94,0,38/0,0,26,4.2,1,0,0,False,,422108,KL Rahul,Kings XI Punjab,625383,Jasprit Bumrah,Mumbai Indians,,,398438,Mayank Agarwal,1,8.76
ipl20,200403,1216503,2nd innings,192,93,0,38/0,0,27,4.3,0,0,0,False,,398438,Mayank Agarwal,Kings XI Punjab,625383,Jasprit Bumrah,Mumbai Indians,,,422108,KL Rahul,0,8.44
ipl20,200404,1216503,2nd innings,192,92,0,38/0,0,28,4.4,0,0,0,False,,398438,Mayank Agarwal,Kings XI Punjab,625383,Jasprit Bumrah,Mumbai Indians,,,422108,KL Rahul,0,8.14
ipl20,200405,1216503,2nd innings,192,91,0,38/1,1,29,4.5,0,0,0,True,bowled,398438,Mayank Agarwal,Kings XI Punjab,625383,Jasprit Bumrah,Mumbai Indians,398438,Mayank Agarwal,422108,KL Rahul,0,7.86
ipl20,200406,1216503,2nd innings,192,90,0,38/1,0,30,4.6,0,0,0,False,,398439,Karun Nair,Kings XI Punjab,625383,Jasprit Bumrah,Mumbai Indians,,,422108,KL Rahul,0,7.6
ipl20,200501,1216503,2nd innings,192,89,0,38/1,0,31,5.1,0,0,0,False,,422108,KL Rahul,Kings XI Punjab,471342,Krunal Pandya,Mumbai Indians,,,398439,Karun Nair,0,7.35
ipl20,200502,1216503,2nd innings,192,88,0,39/1,0,32,5.2,1,0,0,False,,422108,KL Rahul,Kings XI Punjab,471342,Krunal Pandya,Mumbai Indians,,,398439,Karun Nair,1,7.31
ipl20,200503,1216503,2nd innings,192,87,0,39/1,0,33,5.3,0,0,0,False,,398439,Karun Nair,Kings XI Punjab,471342,Krunal Pandya,Mumbai Indians,,,422108,KL Rahul,0,7.09
ipl20,200504,1216503,2nd innings,192,86,0,39/2,2,34,5.4,0,0,0,True,bowled,398439,Karun Nair,Kings XI Punjab,471342,Krunal Pandya,Mumbai Indians,398439,Karun Nair,422108,KL Rahul,0,6.88
ipl20,200505,1216503,2nd innings,192,85,0,40/2,0,35,5.5,1,0,0,False,,604302,Nicholas Pooran,Kings XI Punjab,471342,Krunal Pandya,Mumbai Indians,,,422108,KL Rahul,1,6.85
ipl20,200506,1216503,2nd innings,192,84,0,41/2,0,36,5.6,1,0,0,False,,422108,KL Rahul,Kings XI Punjab,471342,Krunal Pandya,Mumbai Indians,,,604302,Nicholas Pooran,1,6.83
ipl20,200601,1216503,2nd innings,192,83,0,41/2,0,37,6.1,0,0,0,False,,422108,KL Rahul,Kings XI Punjab,1064812,Rahul Chahar,Mumbai Indians,,,604302,Nicholas Pooran,0,6.64
ipl20,200602,1216503,2nd innings,192,82,0,42/2,0,38,6.2,1,0,0,False,,422108,KL Rahul,Kings XI Punjab,1064812,Rahul Chahar,Mumbai Indians,,,604302,Nicholas Pooran,1,6.63
ipl20,200603,1216503,2nd innings,192,81,0,43/2,0,39,6.3,1,0,0,False,,604302,Nicholas Pooran,Kings XI Punjab,1064812,Rahul Chahar,Mumbai Indians,,,422108,KL Rahul,1,6.61
ipl20,200604,1216503,2nd innings,192,80,0,44/2,0,40,6.4,1,0,0,False,,422108,KL Rahul,Kings XI Punjab,1064812,Rahul Chahar,Mumbai Indians,,,604302,Nicholas Pooran,1,6.6
ipl20,200605,1216503,2nd innings,192,79,0,44/2,0,41,6.5,0,0,0,False,,604302,Nicholas Pooran,Kings XI Punjab,1064812,Rahul Chahar,Mumbai Indians,,,422108,KL Rahul,0,6.43
ipl20,200606,1216503,2nd innings,192,78,0,45/2,0,42,6.6,1,0,0,False,,604302,Nicholas Pooran,Kings XI Punjab,1064812,Rahul Chahar,Mumbai Indians,,,422108,KL Rahul,1,6.42
ipl20,200701,1216503,2nd innings,192,78,0,46/2,0,42,7.0,1,1,1,False,,604302,Nicholas Pooran,Kings XI Punjab,471342,Krunal Pandya,Mumbai Indians,,,422108,KL Rahul,1,6.57
ipl20,200702,1216503,2nd innings,192,77,0,46/2,0,43,7.1,0,0,0,False,,604302,Nicholas Pooran,Kings XI Punjab,471342,Krunal Pandya,Mumbai Indians,,,422108,KL Rahul,0,6.41
ipl20,200703,1216503,2nd innings,192,76,0,46/2,0,44,7.2,0,0,0,False,,604302,Nicholas Pooran,Kings XI Punjab,471342,Krunal Pandya,Mumbai Indians,,,422108,KL Rahul,0,6.27
ipl20,200704,1216503,2nd innings,192,76,0,47/2,0,44,7.2,1,1,1,False,,604302,Nicholas Pooran,Kings XI Punjab,471342,Krunal Pandya,Mumbai Indians,,,422108,KL Rahul,1,6.4
ipl20,200705,1216503,2nd innings,192,76,0,48/2,0,44,7.2,1,1,1,False,,604302,Nicholas Pooran,Kings XI Punjab,471342,Krunal Pandya,Mumbai Indians,,,422108,KL Rahul,1,6.54
ipl20,200706,1216503,2nd innings,192,75,0,54/2,0,45,7.3,6,0,0,False,,604302,Nicholas Pooran,Kings XI Punjab,471342,Krunal Pandya,Mumbai Indians,,,422108,KL Rahul,6,7.2
ipl20,200707,1216503,2nd innings,192,74,0,58/2,0,46,7.4,4,0,0,False,,604302,Nicholas Pooran,Kings XI Punjab,471342,Krunal Pandya,Mumbai Indians,,,422108,KL Rahul,4,7.56
ipl20,200708,1216503,2nd innings,192,73,0,59/2,0,47,7.5,1,0,0,False,,604302,Nicholas Pooran,Kings XI Punjab,471342,Krunal Pandya,Mumbai Indians,,,422108,KL Rahul,1,7.53
ipl20,200709,1216503,2nd innings,192,72,0,60/2,0,48,7.6,1,0,0,False,,422108,KL Rahul,Kings XI Punjab,471342,Krunal Pandya,Mumbai Indians,,,604302,Nicholas Pooran,1,7.5
ipl20,200801,1216503,2nd innings,192,71,0,60/3,3,49,8.1,0,0,0,True,bowled,422108,KL Rahul,Kings XI Punjab,1064812,Rahul Chahar,Mumbai Indians,422108,KL Rahul,604302,Nicholas Pooran,0,7.34
ipl20,200802,1216503,2nd innings,192,71,0,61/3,0,49,8.1,1,1,1,False,,325026,Glenn Maxwell,Kings XI Punjab,1064812,Rahul Chahar,Mumbai Indians,,,604302,Nicholas Pooran,1,7.46
ipl20,200803,1216503,2nd innings,192,70,0,62/3,0,50,8.2,1,0,0,False,,325026,Glenn Maxwell,Kings XI Punjab,1064812,Rahul Chahar,Mumbai Indians,,,604302,Nicholas Pooran,1,7.44
ipl20,200804,1216503,2nd innings,192,69,0,63/3,0,51,8.3,1,0,0,False,,604302,Nicholas Pooran,Kings XI Punjab,1064812,Rahul Chahar,Mumbai Indians,,,325026,Glenn Maxwell,1,7.41
ipl20,200805,1216503,2nd innings,192,68,0,63/3,0,52,8.4,0,0,0,False,,325026,Glenn Maxwell,Kings XI Punjab,1064812,Rahul Chahar,Mumbai Indians,,,604302,Nicholas Pooran,0,7.26
ipl20,200806,1216503,2nd innings,192,67,0,63/3,0,53,8.5,0,0,0,False,,325026,Glenn Maxwell,Kings XI Punjab,1064812,Rahul Chahar,Mumbai Indians,,,604302,Nicholas Pooran,0,7.13
ipl20,200807,1216503,2nd innings,192,66,0,64/3,0,54,8.6,1,0,0,False,,325026,Glenn Maxwell,Kings XI Punjab,1064812,Rahul Chahar,Mumbai Indians,,,604302,Nicholas Pooran,1,7.11
ipl20,200901,1216503,2nd innings,192,65,0,65/3,0,55,9.1,1,0,0,False,,325026,Glenn Maxwell,Kings XI Punjab,272465,James Pattinson,Mumbai Indians,,,604302,Nicholas Pooran,1,7.09
ipl20,200902,1216503,2nd innings,192,64,0,65/3,0,56,9.2,0,0,0,False,,604302,Nicholas Pooran,Kings XI Punjab,272465,James Pattinson,Mumbai Indians,,,325026,Glenn Maxwell,0,6.96
ipl20,200903,1216503,2nd innings,192,63,0,69/3,0,57,9.3,4,0,0,False,,604302,Nicholas Pooran,Kings XI Punjab,272465,James Pattinson,Mumbai Indians,,,325026,Glenn Maxwell,4,7.26
ipl20,200904,1216503,2nd innings,192,62,0,70/3,0,58,9.4,1,0,0,False,,604302,Nicholas Pooran,Kings XI Punjab,272465,James Pattinson,Mumbai Indians,,,325026,Glenn Maxwell,1,7.24
ipl20,200905,1216503,2nd innings,192,61,0,71/3,0,59,9.5,1,0,0,False,,325026,Glenn Maxwell,Kings XI Punjab,272465,James Pattinson,Mumbai Indians,,,604302,Nicholas Pooran,1,7.22
ipl20,200906,1216503,2nd innings,192,60,0,72/3,0,60,9.6,1,0,0,False,,604302,Nicholas Pooran,Kings XI Punjab,272465,James Pattinson,Mumbai Indians,,,325026,Glenn Maxwell,1,7.2
ipl20,201001,1216503,2nd innings,192,59,0,73/3,0,61,10.1,1,0,1,False,,604302,Nicholas Pooran,Kings XI Punjab,1064812,Rahul Chahar,Mumbai Indians,,,325026,Glenn Maxwell,1,7.18
ipl20,201002,1216503,2nd innings,192,58,0,75/3,0,62,10.2,2,0,0,False,,325026,Glenn Maxwell,Kings XI Punjab,1064812,Rahul Chahar,Mumbai Indians,,,604302,Nicholas Pooran,2,7.25
ipl20,201003,1216503,2nd innings,192,57,0,76/3,0,63,10.3,1,0,0,False,,325026,Glenn Maxwell,Kings XI Punjab,1064812,Rahul Chahar,Mumbai Indians,,,604302,Nicholas Pooran,1,7.23
ipl20,201004,1216503,2nd innings,192,56,0,82/3,0,64,10.4,6,0,0,False,,604302,Nicholas Pooran,Kings XI Punjab,1064812,Rahul Chahar,Mumbai Indians,,,325026,Glenn Maxwell,6,7.68
ipl20,201005,1216503,2nd innings,192,55,0,84/3,0,65,10.5,2,0,0,False,,604302,Nicholas Pooran,Kings XI Punjab,1064812,Rahul Chahar,Mumbai Indians,,,325026,Glenn Maxwell,2,7.75
ipl20,201006,1216503,2nd innings,192,54,0,87/3,0,66,10.6,3,0,0,False,,604302,Nicholas Pooran,Kings XI Punjab,1064812,Rahul Chahar,Mumbai Indians,,,325026,Glenn Maxwell,3,7.9
ipl20,201101,1216503,2nd innings,192,53,0,87/3,0,67,11.1,0,0,0,False,,604302,Nicholas Pooran,Kings XI Punjab,625383,Jasprit Bumrah,Mumbai Indians,,,325026,Glenn Maxwell,0,7.79
ipl20,201102,1216503,2nd innings,192,52,0,91/3,0,68,11.2,4,0,0,False,,604302,Nicholas Pooran,Kings XI Punjab,625383,Jasprit Bumrah,Mumbai Indians,,,325026,Glenn Maxwell,4,8.02
ipl20,201103,1216503,2nd innings,192,51,0,92/3,0,69,11.3,1,0,0,False,,604302,Nicholas Pooran,Kings XI Punjab,625383,Jasprit Bumrah,Mumbai Indians,,,325026,Glenn Maxwell,1,8.0
ipl20,201104,1216503,2nd innings,192,50,0,92/3,0,70,11.4,0,0,0,False,,325026,Glenn Maxwell,Kings XI Punjab,625383,Jasprit Bumrah,Mumbai Indians,,,604302,Nicholas Pooran,0,7.88
ipl20,201105,1216503,2nd innings,192,49,0,93/3,0,71,11.5,1,0,0,False,,325026,Glenn Maxwell,Kings XI Punjab,625383,Jasprit Bumrah,Mumbai Indians,,,604302,Nicholas Pooran,1,7.85
ipl20,201106,1216503,2nd innings,192,48,0,94/3,0,72,11.6,1,0,0,False,,604302,Nicholas Pooran,Kings XI Punjab,625383,Jasprit Bumrah,Mumbai Indians,,,325026,Glenn Maxwell,1,7.83
ipl20,201201,1216503,2nd innings,192,47,0,96/3,0,73,12.1,2,0,0,False,,604302,Nicholas Pooran,Kings XI Punjab,471342,Krunal Pandya,Mumbai Indians,,,325026,Glenn Maxwell,2,7.89
ipl20,201202,1216503,2nd innings,192,46,0,97/3,0,74,12.2,1,0,0,False,,604302,Nicholas Pooran,Kings XI Punjab,471342,Krunal Pandya,Mumbai Indians,,,325026,Glenn Maxwell,1,7.86
ipl20,201203,1216503,2nd innings,192,45,0,98/3,0,75,12.3,1,0,0,False,,325026,Glenn Maxwell,Kings XI Punjab,471342,Krunal Pandya,Mumbai Indians,,,604302,Nicholas Pooran,1,7.84
ipl20,201204,1216503,2nd innings,192,44,0,99/3,0,76,12.4,1,0,0,False,,604302,Nicholas Pooran,Kings XI Punjab,471342,Krunal Pandya,Mumbai Indians,,,325026,Glenn Maxwell,1,7.81
ipl20,201205,1216503,2nd innings,192,43,0,99/3,0,77,12.5,0,0,0,False,,325026,Glenn Maxwell,Kings XI Punjab,471342,Krunal Pandya,Mumbai Indians,,,604302,Nicholas Pooran,0,7.71
ipl20,201206,1216503,2nd innings,192,42,0,99/3,0,78,12.6,0,0,0,False,,325026,Glenn Maxwell,Kings XI Punjab,471342,Krunal Pandya,Mumbai Indians,,,604302,Nicholas Pooran,0,7.61
ipl20,201301,1216503,2nd innings,192,41,0,101/3,0,79,13.1,2,0,0,False,,604302,Nicholas Pooran,Kings XI Punjab,272465,James Pattinson,Mumbai Indians,,,325026,Glenn Maxwell,2,7.67
ipl20,201302,1216503,2nd innings,192,40,0,101/4,4,80,13.2,0,0,0,True,caught,604302,Nicholas Pooran,Kings XI Punjab,272465,James Pattinson,Mumbai Indians,272465,James Pattinson,325026,Glenn Maxwell,0,7.57
ipl20,201303,1216503,2nd innings,192,39,0,101/4,0,81,13.3,0,0,0,False,,355269,James Neesham,Kings XI Punjab,272465,James Pattinson,Mumbai Indians,,,325026,Glenn Maxwell,0,7.48
ipl20,201304,1216503,2nd innings,192,38,0,103/4,0,82,13.4,2,0,0,False,,355269,James Neesham,Kings XI Punjab,272465,James Pattinson,Mumbai Indians,,,325026,Glenn Maxwell,2,7.53
ipl20,201305,1216503,2nd innings,192,37,0,104/4,0,83,13.5,1,0,0,False,,355269,James Neesham,Kings XI Punjab,272465,James Pattinson,Mumbai Indians,,,325026,Glenn Maxwell,1,7.51
ipl20,201306,1216503,2nd innings,192,36,0,105/4,0,84,13.6,1,0,0,False,,325026,Glenn Maxwell,Kings XI Punjab,272465,James Pattinson,Mumbai Indians,,,355269,James Neesham,1,7.5
ipl20,201401,1216503,2nd innings,192,35,0,105/4,0,85,14.1,0,0,0,False,,325026,Glenn Maxwell,Kings XI Punjab,1064812,Rahul Chahar,Mumbai Indians,,,355269,James Neesham,0,7.41
ipl20,201402,1216503,2nd innings,192,34,0,106/4,0,86,14.2,1,0,0,False,,325026,Glenn Maxwell,Kings XI Punjab,1064812,Rahul Chahar,Mumbai Indians,,,355269,James Neesham,1,7.39
ipl20,201403,1216503,2nd innings,192,33,0,107/4,0,87,14.3,1,0,0,False,,355269,James Neesham,Kings XI Punjab,1064812,Rahul Chahar,Mumbai Indians,,,325026,Glenn Maxwell,1,7.37
ipl20,201404,1216503,2nd innings,192,32,0,107/4,0,88,14.4,0,0,0,False,,325026,Glenn Maxwell,Kings XI Punjab,1064812,Rahul Chahar,Mumbai Indians,,,355269,James Neesham,0,7.29
ipl20,201405,1216503,2nd innings,192,31,0,107/5,5,89,14.5,0,0,0,True,caught,325026,Glenn Maxwell,Kings XI Punjab,1064812,Rahul Chahar,Mumbai Indians,325026,Glenn Maxwell,355269,James Neesham,0,7.21
ipl20,201406,1216503,2nd innings,192,30,0,109/5,0,90,14.6,2,0,0,False,,355269,James Neesham,Kings XI Punjab,1064812,Rahul Chahar,Mumbai Indians,,,642525,Sarfaraz Khan,2,7.26
ipl20,201501,1216503,2nd innings,192,29,0,109/5,0,91,15.1,0,0,0,False,,642525,Sarfaraz Khan,Kings XI Punjab,625383,Jasprit Bumrah,Mumbai Indians,,,355269,James Neesham,0,7.18
ipl20,201502,1216503,2nd innings,192,28,0,110/5,0,92,15.2,1,0,1,False,,642525,Sarfaraz Khan,Kings XI Punjab,625383,Jasprit Bumrah,Mumbai Indians,,,355269,James Neesham,1,7.17
ipl20,201503,1216503,2nd innings,192,27,0,111/5,0,93,15.3,1,0,0,False,,355269,James Neesham,Kings XI Punjab,625383,Jasprit Bumrah,Mumbai Indians,,,642525,Sarfaraz Khan,1,7.16
ipl20,201504,1216503,2nd innings,192,26,0,111/5,0,94,15.4,0,0,0,False,,642525,Sarfaraz Khan,Kings XI Punjab,625383,Jasprit Bumrah,Mumbai Indians,,,355269,James Neesham,0,7.08
ipl20,201505,1216503,2nd innings,192,25,0,112/5,0,95,15.5,1,0,0,False,,642525,Sarfaraz Khan,Kings XI Punjab,625383,Jasprit Bumrah,Mumbai Indians,,,355269,James Neesham,1,7.07
ipl20,201506,1216503,2nd innings,192,24,0,112/6,6,96,15.6,0,0,0,True,caught,355269,James Neesham,Kings XI Punjab,625383,Jasprit Bumrah,Mumbai Indians,355269,James Neesham,642525,Sarfaraz Khan,0,7.0
ipl20,201601,1216503,2nd innings,192,23,0,116/6,0,97,16.1,4,0,0,False,,642525,Sarfaraz Khan,Kings XI Punjab,277912,Trent Boult,Mumbai Indians,,,424377,Krishnappa Gowtham,4,7.17
ipl20,201602,1216503,2nd innings,192,22,0,117/6,0,98,16.2,1,0,0,False,,642525,Sarfaraz Khan,Kings XI Punjab,277912,Trent Boult,Mumbai Indians,,,424377,Krishnappa Gowtham,1,7.16
ipl20,201603,1216503,2nd innings,192,21,0,118/6,0,99,16.3,1,0,0,False,,424377,Krishnappa Gowtham,Kings XI Punjab,277912,Trent Boult,Mumbai Indians,,,642525,Sarfaraz Khan,1,7.15
ipl20,201604,1216503,2nd innings,192,20,0,119/6,0,100,16.4,1,0,0,False,,642525,Sarfaraz Khan,Kings XI Punjab,277912,Trent Boult,Mumbai Indians,,,424377,Krishnappa Gowtham,1,7.14
ipl20,201605,1216503,2nd innings,192,19,0,119/6,0,101,16.5,0,0,0,False,,424377,Krishnappa Gowtham,Kings XI Punjab,277912,Trent Boult,Mumbai Indians,,,642525,Sarfaraz Khan,0,7.06
ipl20,201606,1216503,2nd innings,192,18,0,121/6,0,102,16.6,2,0,0,False,,424377,Krishnappa Gowtham,Kings XI Punjab,277912,Trent Boult,Mumbai Indians,,,642525,Sarfaraz Khan,2,7.11
ipl20,201701,1216503,2nd innings,192,17,0,121/7,7,103,17.1,0,0,0,True,leg before wicket,642525,Sarfaraz Khan,Kings XI Punjab,272465,James Pattinson,Mumbai Indians,642525,Sarfaraz Khan,424377,Krishnappa Gowtham,0,7.04
ipl20,201702,1216503,2nd innings,192,16,0,121/7,0,104,17.2,0,0,0,False,,1175441,Ravi Bishnoi,Kings XI Punjab,272465,James Pattinson,Mumbai Indians,,,424377,Krishnappa Gowtham,0,6.98
ipl20,201703,1216503,2nd innings,192,15,0,122/7,0,105,17.3,1,0,0,False,,1175441,Ravi Bishnoi,Kings XI Punjab,272465,James Pattinson,Mumbai Indians,,,424377,Krishnappa Gowtham,1,6.97
ipl20,201704,1216503,2nd innings,192,14,0,123/7,0,106,17.4,1,0,0,False,,424377,Krishnappa Gowtham,Kings XI Punjab,272465,James Pattinson,Mumbai Indians,,,1175441,Ravi Bishnoi,1,6.96
ipl20,201705,1216503,2nd innings,192,13,0,123/7,0,107,17.5,0,0,0,False,,1175441,Ravi Bishnoi,Kings XI Punjab,272465,James Pattinson,Mumbai Indians,,,424377,Krishnappa Gowtham,0,6.89
ipl20,201706,1216503,2nd innings,192,12,0,123/7,0,108,17.6,0,0,0,False,,1175441,Ravi Bishnoi,Kings XI Punjab,272465,James Pattinson,Mumbai Indians,,,424377,Krishnappa Gowtham,0,6.83
ipl20,201801,1216503,2nd innings,192,11,0,123/7,0,109,18.1,0,0,0,False,,424377,Krishnappa Gowtham,Kings XI Punjab,277912,Trent Boult,Mumbai Indians,,,1175441,Ravi Bishnoi,0,6.77
ipl20,201802,1216503,2nd innings,192,10,0,124/7,0,110,18.2,1,0,0,False,,424377,Krishnappa Gowtham,Kings XI Punjab,277912,Trent Boult,Mumbai Indians,,,1175441,Ravi Bishnoi,1,6.76
ipl20,201803,1216503,2nd innings,192,9,0,124/8,8,111,18.3,0,0,0,True,caught,1175441,Ravi Bishnoi,Kings XI Punjab,277912,Trent Boult,Mumbai Indians,1175441,Ravi Bishnoi,424377,Krishnappa Gowtham,0,6.7
ipl20,201804,1216503,2nd innings,192,8,0,125/8,0,112,18.4,1,0,0,False,,481896,Mohammed Shami,Kings XI Punjab,277912,Trent Boult,Mumbai Indians,,,424377,Krishnappa Gowtham,1,6.69
ipl20,201805,1216503,2nd innings,192,7,0,129/8,0,113,18.5,4,0,0,False,,424377,Krishnappa Gowtham,Kings XI Punjab,277912,Trent Boult,Mumbai Indians,,,481896,Mohammed Shami,4,6.84
ipl20,201806,1216503,2nd innings,192,6,0,135/8,0,114,18.6,6,0,0,False,,424377,Krishnappa Gowtham,Kings XI Punjab,277912,Trent Boult,Mumbai Indians,,,481896,Mohammed Shami,6,7.1
ipl20,201901,1216503,2nd innings,192,5,0,136/8,0,115,19.1,1,0,0,False,,481896,Mohammed Shami,Kings XI Punjab,625383,Jasprit Bumrah,Mumbai Indians,,,424377,Krishnappa Gowtham,1,7.09
ipl20,201902,1216503,2nd innings,192,4,0,136/8,0,116,19.2,0,0,0,False,,424377,Krishnappa Gowtham,Kings XI Punjab,625383,Jasprit Bumrah,Mumbai Indians,,,481896,Mohammed Shami,0,7.03
ipl20,201903,1216503,2nd innings,192,3,0,140/8,0,117,19.3,4,0,0,False,,424377,Krishnappa Gowtham,Kings XI Punjab,625383,Jasprit Bumrah,Mumbai Indians,,,481896,Mohammed Shami,4,7.17
ipl20,201904,1216503,2nd innings,192,2,0,142/8,0,118,19.4,2,0,0,False,,424377,Krishnappa Gowtham,Kings XI Punjab,625383,Jasprit Bumrah,Mumbai Indians,,,481896,Mohammed Shami,2,7.22
ipl20,201905,1216503,2nd innings,192,1,0,142/8,0,119,19.5,0,0,0,False,,424377,Krishnappa Gowtham,Kings XI Punjab,625383,Jasprit Bumrah,Mumbai Indians,,,481896,Mohammed Shami,0,7.15
ipl20,201906,1216503,2nd innings,192,0,0,143/8,0,120,19.6,1,0,0,False,,424377,Krishnappa Gowtham,Kings XI Punjab,625383,Jasprit Bumrah,Mumbai Indians,,,481896,Mohammed Shami,1,7.15
