ipl_season,sequence,eventid,innings,target,remainingballs,homescore,awayscore,fallofwickets,ball,over,scorevalue,validball,extras,dismissal,dismissaltype,batsmanid,batsman,batsmanteam,bowlerid,bowler,bowlerteam,otherathleteinvolvedid,otherathleteinvolved,nonstrikerid,nonstriker,runs,runrate
ipl20,100001,1254067,1st innings,0,119,0/0,0,0,1,0.1,0,0,0,False,,253802,Virat Kohli,Royal Challengers Bangalore,29264,Harbhajan Singh,Kolkata Knight Riders,,,1119026,Devdutt Padikkal,0,0.0
ipl20,100002,1254067,1st innings,0,119,1/0,0,0,1,0.1,1,1,1,False,,253802,Virat Kohli,Royal Challengers Bangalore,29264,Harbhajan Singh,Kolkata Knight Riders,,,1119026,Devdutt Padikkal,1,6.0
ipl20,100003,1254067,1st innings,0,118,5/0,0,0,2,0.2,4,0,0,False,,253802,Virat Kohli,Royal Challengers Bangalore,29264,Harbhajan Singh,Kolkata Knight Riders,,,1119026,Devdutt Padikkal,4,15.0
ipl20,100004,1254067,1st innings,0,117,6/0,0,0,3,0.3,1,0,0,False,,253802,Virat Kohli,Royal Challengers Bangalore,29264,Harbhajan Singh,Kolkata Knight Riders,,,1119026,Devdutt Padikkal,1,12.0
ipl20,100005,1254067,1st innings,0,116,6/0,0,0,4,0.4,0,0,0,False,,1119026,Devdutt Padikkal,Royal Challengers Bangalore,29264,Harbhajan Singh,Kolkata Knight Riders,,,253802,Virat Kohli,0,9.0
ipl20,100006,1254067,1st innings,0,115,6/0,0,0,5,0.5,0,0,0,False,,1119026,Devdutt Padikkal,Royal Challengers Bangalore,29264,Harbhajan Singh,Kolkata Knight Riders,,,253802,Virat Kohli,0,7.2
ipl20,100007,1254067,1st innings,0,114,6/0,0,0,6,0.6,0,0,0,False,,1119026,Devdutt Padikkal,Royal Challengers Bangalore,29264,Harbhajan Singh,Kolkata Knight Riders,,,253802,Virat Kohli,0,6.0
ipl20,100101,1254067,1st innings,0,113,6/0,0,0,7,1.1,0,0,0,False,,253802,Virat Kohli,Royal Challengers Bangalore,1108375,Varun Chakravarthy,Kolkata Knight Riders,,,1119026,Devdutt Padikkal,0,5.14
ipl20,100102,1254067,1st innings,0,112,6/1,0,1,8,1.2,0,0,0,True,caught,253802,Virat Kohli,Royal Challengers Bangalore,1108375,Varun Chakravarthy,Kolkata Knight Riders,253802,Virat Kohli,1119026,Devdutt Padikkal,0,4.5
ipl20,100103,1254067,1st innings,0,111,7/1,0,0,9,1.3,1,0,0,False,,1119026,Devdutt Padikkal,Royal Challengers Bangalore,1108375,Varun Chakravarthy,Kolkata Knight Riders,,,823703,Rajat Patidar,1,4.66
ipl20,100104,1254067,1st innings,0,110,8/1,0,0,10,1.4,1,0,0,False,,823703,Rajat Patidar,Royal Challengers Bangalore,1108375,Varun Chakravarthy,Kolkata Knight Riders,,,1119026,Devdutt Padikkal,1,4.8
ipl20,100105,1254067,1st innings,0,109,9/1,0,0,11,1.5,1,0,0,False,,1119026,Devdutt Padikkal,Royal Challengers Bangalore,1108375,Varun Chakravarthy,Kolkata Knight Riders,,,823703,Rajat Patidar,1,4.9
ipl20,100106,1254067,1st innings,0,108,9/2,0,2,12,1.6,0,0,0,True,bowled,823703,Rajat Patidar,Royal Challengers Bangalore,1108375,Varun Chakravarthy,Kolkata Knight Riders,823703,Rajat Patidar,1119026,Devdutt Padikkal,0,4.5
ipl20,100201,1254067,1st innings,0,107,9/2,0,0,13,2.1,0,0,0,False,,1119026,Devdutt Padikkal,Royal Challengers Bangalore,29264,Harbhajan Singh,Kolkata Knight Riders,,,325026,Glenn Maxwell,0,4.15
ipl20,100202,1254067,1st innings,0,106,9/2,0,0,14,2.2,0,0,0,False,,1119026,Devdutt Padikkal,Royal Challengers Bangalore,29264,Harbhajan Singh,Kolkata Knight Riders,,,325026,Glenn Maxwell,0,3.85
ipl20,100203,1254067,1st innings,0,105,9/2,0,0,15,2.3,0,0,0,False,,1119026,Devdutt Padikkal,Royal Challengers Bangalore,29264,Harbhajan Singh,Kolkata Knight Riders,,,325026,Glenn Maxwell,0,3.6
ipl20,100204,1254067,1st innings,0,104,9/2,0,0,16,2.4,0,0,0,False,,1119026,Devdutt Padikkal,Royal Challengers Bangalore,29264,Harbhajan Singh,Kolkata Knight Riders,,,325026,Glenn Maxwell,0,3.37
ipl20,100205,1254067,1st innings,0,104,10/2,0,0,16,2.4,1,1,1,False,,1119026,Devdutt Padikkal,Royal Challengers Bangalore,29264,Harbhajan Singh,Kolkata Knight Riders,,,325026,Glenn Maxwell,1,3.75
ipl20,100206,1254067,1st innings,0,103,11/2,0,0,17,2.5,1,0,0,False,,1119026,Devdutt Padikkal,Royal Challengers Bangalore,29264,Harbhajan Singh,Kolkata Knight Riders,,,325026,Glenn Maxwell,1,3.88
ipl20,100207,1254067,1st innings,0,102,12/2,0,0,18,2.6,1,0,0,False,,325026,Glenn Maxwell,Royal Challengers Bangalore,29264,Harbhajan Singh,Kolkata Knight Riders,,,1119026,Devdutt Padikkal,1,4.0
ipl20,100301,1254067,1st innings,0,101,16/2,0,0,19,3.1,4,0,0,False,,325026,Glenn Maxwell,Royal Challengers Bangalore,56143,Shakib Al Hasan,Kolkata Knight Riders,,,1119026,Devdutt Padikkal,4,5.05
ipl20,100302,1254067,1st innings,0,100,16/2,0,0,20,3.2,0,0,0,False,,325026,Glenn Maxwell,Royal Challengers Bangalore,56143,Shakib Al Hasan,Kolkata Knight Riders,,,1119026,Devdutt Padikkal,0,4.8
ipl20,100303,1254067,1st innings,0,99,16/2,0,0,21,3.3,0,0,0,False,,325026,Glenn Maxwell,Royal Challengers Bangalore,56143,Shakib Al Hasan,Kolkata Knight Riders,,,1119026,Devdutt Padikkal,0,4.57
ipl20,100304,1254067,1st innings,0,98,17/2,0,0,22,3.4,1,0,0,False,,325026,Glenn Maxwell,Royal Challengers Bangalore,56143,Shakib Al Hasan,Kolkata Knight Riders,,,1119026,Devdutt Padikkal,1,4.63
ipl20,100305,1254067,1st innings,0,97,18/2,0,0,23,3.5,1,0,0,False,,1119026,Devdutt Padikkal,Royal Challengers Bangalore,56143,Shakib Al Hasan,Kolkata Knight Riders,,,325026,Glenn Maxwell,1,4.69
ipl20,100306,1254067,1st innings,0,96,19/2,0,0,24,3.6,1,0,0,False,,325026,Glenn Maxwell,Royal Challengers Bangalore,56143,Shakib Al Hasan,Kolkata Knight Riders,,,1119026,Devdutt Padikkal,1,4.75
ipl20,100401,1254067,1st innings,0,95,19/2,0,0,25,4.1,0,0,0,False,,325026,Glenn Maxwell,Royal Challengers Bangalore,489889,Pat Cummins,Kolkata Knight Riders,,,1119026,Devdutt Padikkal,0,4.56
ipl20,100402,1254067,1st innings,0,94,23/2,0,0,26,4.2,4,0,0,False,,325026,Glenn Maxwell,Royal Challengers Bangalore,489889,Pat Cummins,Kolkata Knight Riders,,,1119026,Devdutt Padikkal,4,5.3
ipl20,100403,1254067,1st innings,0,93,24/2,0,0,27,4.3,1,0,0,False,,325026,Glenn Maxwell,Royal Challengers Bangalore,489889,Pat Cummins,Kolkata Knight Riders,,,1119026,Devdutt Padikkal,1,5.33
ipl20,100404,1254067,1st innings,0,92,26/2,0,0,28,4.4,2,0,0,False,,1119026,Devdutt Padikkal,Royal Challengers Bangalore,489889,Pat Cummins,Kolkata Knight Riders,,,325026,Glenn Maxwell,2,5.57
ipl20,100405,1254067,1st innings,0,91,26/2,0,0,29,4.5,0,0,0,False,,1119026,Devdutt Padikkal,Royal Challengers Bangalore,489889,Pat Cummins,Kolkata Knight Riders,,,325026,Glenn Maxwell,0,5.37
ipl20,100406,1254067,1st innings,0,90,28/2,0,0,30,4.6,2,0,0,False,,1119026,Devdutt Padikkal,Royal Challengers Bangalore,489889,Pat Cummins,Kolkata Knight Riders,,,325026,Glenn Maxwell,2,5.6
ipl20,100501,1254067,1st innings,0,89,34/2,0,0,31,5.1,6,0,0,False,,325026,Glenn Maxwell,Royal Challengers Bangalore,56143,Shakib Al Hasan,Kolkata Knight Riders,,,1119026,Devdutt Padikkal,6,6.58
ipl20,100502,1254067,1st innings,0,88,35/2,0,0,32,5.2,1,0,0,False,,325026,Glenn Maxwell,Royal Challengers Bangalore,56143,Shakib Al Hasan,Kolkata Knight Riders,,,1119026,Devdutt Padikkal,1,6.56
ipl20,100503,1254067,1st innings,0,87,39/2,0,0,33,5.3,4,0,0,False,,1119026,Devdutt Padikkal,Royal Challengers Bangalore,56143,Shakib Al Hasan,Kolkata Knight Riders,,,325026,Glenn Maxwell,4,7.09
ipl20,100504,1254067,1st innings,0,86,40/2,0,0,34,5.4,1,0,0,False,,1119026,Devdutt Padikkal,Royal Challengers Bangalore,56143,Shakib Al Hasan,Kolkata Knight Riders,,,325026,Glenn Maxwell,1,7.05
ipl20,100505,1254067,1st innings,0,85,44/2,0,0,35,5.5,4,0,0,False,,325026,Glenn Maxwell,Royal Challengers Bangalore,56143,Shakib Al Hasan,Kolkata Knight Riders,,,1119026,Devdutt Padikkal,4,7.54
ipl20,100506,1254067,1st innings,0,84,45/2,0,0,36,5.6,1,0,0,False,,325026,Glenn Maxwell,Royal Challengers Bangalore,56143,Shakib Al Hasan,Kolkata Knight Riders,,,1119026,Devdutt Padikkal,1,7.5
ipl20,100601,1254067,1st innings,0,83,45/2,0,0,37,6.1,0,0,0,False,,325026,Glenn Maxwell,Royal Challengers Bangalore,917159,Prasidh Krishna,Kolkata Knight Riders,,,1119026,Devdutt Padikkal,0,7.29
ipl20,100602,1254067,1st innings,0,82,46/2,0,0,38,6.2,1,0,0,False,,325026,Glenn Maxwell,Royal Challengers Bangalore,917159,Prasidh Krishna,Kolkata Knight Riders,,,1119026,Devdutt Padikkal,1,7.26
ipl20,100603,1254067,1st innings,0,82,48/2,0,0,38,6.2,2,1,1,False,,1119026,Devdutt Padikkal,Royal Challengers Bangalore,917159,Prasidh Krishna,Kolkata Knight Riders,,,325026,Glenn Maxwell,2,7.57
ipl20,100604,1254067,1st innings,0,81,52/2,0,0,39,6.3,4,0,0,False,,325026,Glenn Maxwell,Royal Challengers Bangalore,917159,Prasidh Krishna,Kolkata Knight Riders,,,1119026,Devdutt Padikkal,4,8.0
ipl20,100605,1254067,1st innings,0,80,52/2,0,0,40,6.4,0,0,0,False,,325026,Glenn Maxwell,Royal Challengers Bangalore,917159,Prasidh Krishna,Kolkata Knight Riders,,,1119026,Devdutt Padikkal,0,7.8
ipl20,100606,1254067,1st innings,0,79,52/2,0,0,41,6.5,0,0,0,False,,325026,Glenn Maxwell,Royal Challengers Bangalore,917159,Prasidh Krishna,Kolkata Knight Riders,,,1119026,Devdutt Padikkal,0,7.6
ipl20,100607,1254067,1st innings,0,78,53/2,0,0,42,6.6,1,0,0,False,,325026,Glenn Maxwell,Royal Challengers Bangalore,917159,Prasidh Krishna,Kolkata Knight Riders,,,1119026,Devdutt Padikkal,1,7.57
ipl20,100701,1254067,1st innings,0,78,54/2,0,0,42,7.0,1,1,1,False,,325026,Glenn Maxwell,Royal Challengers Bangalore,1108375,Varun Chakravarthy,Kolkata Knight Riders,,,1119026,Devdutt Padikkal,1,7.71
ipl20,100702,1254067,1st innings,0,77,60/2,0,0,43,7.1,6,0,0,False,,325026,Glenn Maxwell,Royal Challengers Bangalore,1108375,Varun Chakravarthy,Kolkata Knight Riders,,,1119026,Devdutt Padikkal,6,8.37
ipl20,100703,1254067,1st innings,0,76,64/2,0,0,44,7.2,4,0,0,False,,325026,Glenn Maxwell,Royal Challengers Bangalore,1108375,Varun Chakravarthy,Kolkata Knight Riders,,,1119026,Devdutt Padikkal,4,8.72
ipl20,100704,1254067,1st innings,0,75,65/2,0,0,45,7.3,1,0,0,False,,325026,Glenn Maxwell,Royal Challengers Bangalore,1108375,Varun Chakravarthy,Kolkata Knight Riders,,,1119026,Devdutt Padikkal,1,8.66
ipl20,100705,1254067,1st innings,0,74,66/2,0,0,46,7.4,1,0,0,False,,1119026,Devdutt Padikkal,Royal Challengers Bangalore,1108375,Varun Chakravarthy,Kolkata Knight Riders,,,325026,Glenn Maxwell,1,8.6
ipl20,100706,1254067,1st innings,0,73,67/2,0,0,47,7.5,1,0,0,False,,325026,Glenn Maxwell,Royal Challengers Bangalore,1108375,Varun Chakravarthy,Kolkata Knight Riders,,,1119026,Devdutt Padikkal,1,8.55
ipl20,100707,1254067,1st innings,0,72,67/2,0,0,48,7.6,0,0,0,False,,1119026,Devdutt Padikkal,Royal Challengers Bangalore,1108375,Varun Chakravarthy,Kolkata Knight Riders,,,325026,Glenn Maxwell,0,8.37
ipl20,100801,1254067,1st innings,0,71,68/2,0,0,49,8.1,1,0,0,False,,325026,Glenn Maxwell,Royal Challengers Bangalore,489889,Pat Cummins,Kolkata Knight Riders,,,1119026,Devdutt Padikkal,1,8.32
ipl20,100802,1254067,1st innings,0,70,70/2,0,0,50,8.2,2,0,0,False,,1119026,Devdutt Padikkal,Royal Challengers Bangalore,489889,Pat Cummins,Kolkata Knight Riders,,,325026,Glenn Maxwell,2,8.4
ipl20,100803,1254067,1st innings,0,69,71/2,0,0,51,8.3,1,0,0,False,,1119026,Devdutt Padikkal,Royal Challengers Bangalore,489889,Pat Cummins,Kolkata Knight Riders,,,325026,Glenn Maxwell,1,8.35
ipl20,100804,1254067,1st innings,0,68,75/2,0,0,52,8.4,4,0,0,False,,325026,Glenn Maxwell,Royal Challengers Bangalore,489889,Pat Cummins,Kolkata Knight Riders,,,1119026,Devdutt Padikkal,4,8.65
ipl20,100805,1254067,1st innings,0,67,77/2,0,0,53,8.5,2,0,0,False,,325026,Glenn Maxwell,Royal Challengers Bangalore,489889,Pat Cummins,Kolkata Knight Riders,,,1119026,Devdutt Padikkal,2,8.71
ipl20,100806,1254067,1st innings,0,66,78/2,0,0,54,8.6,1,0,0,False,,325026,Glenn Maxwell,Royal Challengers Bangalore,489889,Pat Cummins,Kolkata Knight Riders,,,1119026,Devdutt Padikkal,1,8.66
ipl20,100901,1254067,1st innings,0,65,79/2,0,0,55,9.1,1,0,0,False,,325026,Glenn Maxwell,Royal Challengers Bangalore,917159,Prasidh Krishna,Kolkata Knight Riders,,,1119026,Devdutt Padikkal,1,8.61
ipl20,100902,1254067,1st innings,0,64,79/2,0,0,56,9.2,0,0,0,False,,1119026,Devdutt Padikkal,Royal Challengers Bangalore,917159,Prasidh Krishna,Kolkata Knight Riders,,,325026,Glenn Maxwell,0,8.46
ipl20,100903,1254067,1st innings,0,63,80/2,0,0,57,9.3,1,0,0,False,,1119026,Devdutt Padikkal,Royal Challengers Bangalore,917159,Prasidh Krishna,Kolkata Knight Riders,,,325026,Glenn Maxwell,1,8.42
ipl20,100904,1254067,1st innings,0,62,80/2,0,0,58,9.4,0,0,0,False,,325026,Glenn Maxwell,Royal Challengers Bangalore,917159,Prasidh Krishna,Kolkata Knight Riders,,,1119026,Devdutt Padikkal,0,8.27
ipl20,100905,1254067,1st innings,0,61,84/2,0,0,59,9.5,4,0,0,False,,325026,Glenn Maxwell,Royal Challengers Bangalore,917159,Prasidh Krishna,Kolkata Knight Riders,,,1119026,Devdutt Padikkal,4,8.54
ipl20,100906,1254067,1st innings,0,60,84/2,0,0,60,9.6,0,0,0,False,,325026,Glenn Maxwell,Royal Challengers Bangalore,917159,Prasidh Krishna,Kolkata Knight Riders,,,1119026,Devdutt Padikkal,0,8.4
ipl20,101001,1254067,1st innings,0,59,84/2,0,0,61,10.1,0,0,0,False,,1119026,Devdutt Padikkal,Royal Challengers Bangalore,29264,Harbhajan Singh,Kolkata Knight Riders,,,325026,Glenn Maxwell,0,8.26
ipl20,101002,1254067,1st innings,0,58,88/2,0,0,62,10.2,4,0,0,False,,1119026,Devdutt Padikkal,Royal Challengers Bangalore,29264,Harbhajan Singh,Kolkata Knight Riders,,,325026,Glenn Maxwell,4,8.51
ipl20,101003,1254067,1st innings,0,57,89/2,0,0,63,10.3,1,0,0,False,,1119026,Devdutt Padikkal,Royal Challengers Bangalore,29264,Harbhajan Singh,Kolkata Knight Riders,,,325026,Glenn Maxwell,1,8.47
ipl20,101004,1254067,1st innings,0,56,93/2,0,0,64,10.4,4,0,0,False,,325026,Glenn Maxwell,Royal Challengers Bangalore,29264,Harbhajan Singh,Kolkata Knight Riders,,,1119026,Devdutt Padikkal,4,8.71
ipl20,101005,1254067,1st innings,0,55,94/2,0,0,65,10.5,1,0,0,False,,325026,Glenn Maxwell,Royal Challengers Bangalore,29264,Harbhajan Singh,Kolkata Knight Riders,,,1119026,Devdutt Padikkal,1,8.67
ipl20,101006,1254067,1st innings,0,54,95/2,0,0,66,10.6,1,0,0,False,,1119026,Devdutt Padikkal,Royal Challengers Bangalore,29264,Harbhajan Singh,Kolkata Knight Riders,,,325026,Glenn Maxwell,1,8.63
ipl20,101101,1254067,1st innings,0,53,95/3,0,3,67,11.1,0,0,0,True,caught,1119026,Devdutt Padikkal,Royal Challengers Bangalore,917159,Prasidh Krishna,Kolkata Knight Riders,1119026,Devdutt Padikkal,325026,Glenn Maxwell,0,8.5
ipl20,101102,1254067,1st innings,0,52,95/3,0,0,68,11.2,0,0,0,False,,325026,Glenn Maxwell,Royal Challengers Bangalore,917159,Prasidh Krishna,Kolkata Knight Riders,,,44936,AB de Villiers,0,8.38
ipl20,101103,1254067,1st innings,0,51,95/3,0,0,69,11.3,0,0,0,False,,325026,Glenn Maxwell,Royal Challengers Bangalore,917159,Prasidh Krishna,Kolkata Knight Riders,,,44936,AB de Villiers,0,8.26
ipl20,101104,1254067,1st innings,0,50,96/3,0,0,70,11.4,1,0,0,False,,325026,Glenn Maxwell,Royal Challengers Bangalore,917159,Prasidh Krishna,Kolkata Knight Riders,,,44936,AB de Villiers,1,8.22
ipl20,101105,1254067,1st innings,0,49,98/3,0,0,71,11.5,2,0,0,False,,44936,AB de Villiers,Royal Challengers Bangalore,917159,Prasidh Krishna,Kolkata Knight Riders,,,325026,Glenn Maxwell,2,8.28
ipl20,101106,1254067,1st innings,0,48,101/3,0,0,72,11.6,3,0,0,False,,44936,AB de Villiers,Royal Challengers Bangalore,917159,Prasidh Krishna,Kolkata Knight Riders,,,325026,Glenn Maxwell,3,8.41
ipl20,101201,1254067,1st innings,0,47,102/3,0,0,73,12.1,1,0,0,False,,44936,AB de Villiers,Royal Challengers Bangalore,1108375,Varun Chakravarthy,Kolkata Knight Riders,,,325026,Glenn Maxwell,1,8.38
ipl20,101202,1254067,1st innings,0,46,103/3,0,0,74,12.2,1,0,0,False,,325026,Glenn Maxwell,Royal Challengers Bangalore,1108375,Varun Chakravarthy,Kolkata Knight Riders,,,44936,AB de Villiers,1,8.35
ipl20,101203,1254067,1st innings,0,45,104/3,0,0,75,12.3,1,0,0,False,,44936,AB de Villiers,Royal Challengers Bangalore,1108375,Varun Chakravarthy,Kolkata Knight Riders,,,325026,Glenn Maxwell,1,8.32
ipl20,101204,1254067,1st innings,0,44,105/3,0,0,76,12.4,1,0,0,False,,325026,Glenn Maxwell,Royal Challengers Bangalore,1108375,Varun Chakravarthy,Kolkata Knight Riders,,,44936,AB de Villiers,1,8.28
ipl20,101205,1254067,1st innings,0,43,106/3,0,0,77,12.5,1,0,0,False,,44936,AB de Villiers,Royal Challengers Bangalore,1108375,Varun Chakravarthy,Kolkata Knight Riders,,,325026,Glenn Maxwell,1,8.25
ipl20,101206,1254067,1st innings,0,42,106/3,0,0,78,12.6,0,0,0,False,,325026,Glenn Maxwell,Royal Challengers Bangalore,1108375,Varun Chakravarthy,Kolkata Knight Riders,,,44936,AB de Villiers,0,8.15
ipl20,101301,1254067,1st innings,0,41,108/3,0,0,79,13.1,2,0,0,False,,44936,AB de Villiers,Royal Challengers Bangalore,489889,Pat Cummins,Kolkata Knight Riders,,,325026,Glenn Maxwell,2,8.2
ipl20,101302,1254067,1st innings,0,40,109/3,0,0,80,13.2,1,0,0,False,,44936,AB de Villiers,Royal Challengers Bangalore,489889,Pat Cummins,Kolkata Knight Riders,,,325026,Glenn Maxwell,1,8.17
ipl20,101303,1254067,1st innings,0,39,110/3,0,0,81,13.3,1,0,0,False,,325026,Glenn Maxwell,Royal Challengers Bangalore,489889,Pat Cummins,Kolkata Knight Riders,,,44936,AB de Villiers,1,8.14
ipl20,101304,1254067,1st innings,0,38,110/3,0,0,82,13.4,0,0,0,False,,44936,AB de Villiers,Royal Challengers Bangalore,489889,Pat Cummins,Kolkata Knight Riders,,,325026,Glenn Maxwell,0,8.04
ipl20,101305,1254067,1st innings,0,37,111/3,0,0,83,13.5,1,0,0,False,,44936,AB de Villiers,Royal Challengers Bangalore,489889,Pat Cummins,Kolkata Knight Riders,,,325026,Glenn Maxwell,1,8.02
ipl20,101306,1254067,1st innings,0,37,112/3,0,0,83,13.5,1,1,1,False,,325026,Glenn Maxwell,Royal Challengers Bangalore,489889,Pat Cummins,Kolkata Knight Riders,,,44936,AB de Villiers,1,8.09
ipl20,101307,1254067,1st innings,0,37,113/3,0,0,83,13.5,1,1,1,False,,325026,Glenn Maxwell,Royal Challengers Bangalore,489889,Pat Cummins,Kolkata Knight Riders,,,44936,AB de Villiers,1,8.16
ipl20,101308,1254067,1st innings,0,36,117/3,0,0,84,13.6,4,0,0,False,,325026,Glenn Maxwell,Royal Challengers Bangalore,489889,Pat Cummins,Kolkata Knight Riders,,,44936,AB de Villiers,4,8.35
ipl20,101401,1254067,1st innings,0,35,117/3,0,0,85,14.1,0,0,0,False,,44936,AB de Villiers,Royal Challengers Bangalore,1108375,Varun Chakravarthy,Kolkata Knight Riders,,,325026,Glenn Maxwell,0,8.25
ipl20,101402,1254067,1st innings,0,34,121/3,0,0,86,14.2,4,0,0,False,,44936,AB de Villiers,Royal Challengers Bangalore,1108375,Varun Chakravarthy,Kolkata Knight Riders,,,325026,Glenn Maxwell,4,8.44
ipl20,101403,1254067,1st innings,0,33,125/3,0,0,87,14.3,4,0,0,False,,44936,AB de Villiers,Royal Challengers Bangalore,1108375,Varun Chakravarthy,Kolkata Knight Riders,,,325026,Glenn Maxwell,4,8.62
ipl20,101404,1254067,1st innings,0,32,126/3,0,0,88,14.4,1,0,0,False,,44936,AB de Villiers,Royal Challengers Bangalore,1108375,Varun Chakravarthy,Kolkata Knight Riders,,,325026,Glenn Maxwell,1,8.59
ipl20,101405,1254067,1st innings,0,31,128/3,0,0,89,14.5,2,0,0,False,,325026,Glenn Maxwell,Royal Challengers Bangalore,1108375,Varun Chakravarthy,Kolkata Knight Riders,,,44936,AB de Villiers,2,8.62
ipl20,101406,1254067,1st innings,0,30,134/3,0,0,90,14.6,6,0,0,False,,325026,Glenn Maxwell,Royal Challengers Bangalore,1108375,Varun Chakravarthy,Kolkata Knight Riders,,,44936,AB de Villiers,6,8.93
ipl20,101501,1254067,1st innings,0,29,135/3,0,0,91,15.1,1,0,0,False,,44936,AB de Villiers,Royal Challengers Bangalore,917159,Prasidh Krishna,Kolkata Knight Riders,,,325026,Glenn Maxwell,1,8.9
ipl20,101502,1254067,1st innings,0,28,136/3,0,0,92,15.2,1,0,0,False,,325026,Glenn Maxwell,Royal Challengers Bangalore,917159,Prasidh Krishna,Kolkata Knight Riders,,,44936,AB de Villiers,1,8.86
ipl20,101503,1254067,1st innings,0,27,136/3,0,0,93,15.3,0,0,0,False,,44936,AB de Villiers,Royal Challengers Bangalore,917159,Prasidh Krishna,Kolkata Knight Riders,,,325026,Glenn Maxwell,0,8.77
ipl20,101504,1254067,1st innings,0,26,140/3,0,0,94,15.4,4,0,0,False,,44936,AB de Villiers,Royal Challengers Bangalore,917159,Prasidh Krishna,Kolkata Knight Riders,,,325026,Glenn Maxwell,4,8.93
ipl20,101505,1254067,1st innings,0,25,144/3,0,0,95,15.5,4,0,0,False,,44936,AB de Villiers,Royal Challengers Bangalore,917159,Prasidh Krishna,Kolkata Knight Riders,,,325026,Glenn Maxwell,4,9.09
ipl20,101506,1254067,1st innings,0,24,145/3,0,0,96,15.6,1,0,0,False,,44936,AB de Villiers,Royal Challengers Bangalore,917159,Prasidh Krishna,Kolkata Knight Riders,,,325026,Glenn Maxwell,1,9.06
ipl20,101601,1254067,1st innings,0,23,146/3,0,0,97,16.1,1,0,0,False,,44936,AB de Villiers,Royal Challengers Bangalore,489889,Pat Cummins,Kolkata Knight Riders,,,325026,Glenn Maxwell,1,9.03
ipl20,101602,1254067,1st innings,0,22,146/3,0,0,98,16.2,0,0,0,False,,325026,Glenn Maxwell,Royal Challengers Bangalore,489889,Pat Cummins,Kolkata Knight Riders,,,44936,AB de Villiers,0,8.93
ipl20,101603,1254067,1st innings,0,21,147/3,0,0,99,16.3,1,0,0,False,,325026,Glenn Maxwell,Royal Challengers Bangalore,489889,Pat Cummins,Kolkata Knight Riders,,,44936,AB de Villiers,1,8.9
ipl20,101604,1254067,1st innings,0,20,148/3,0,0,100,16.4,1,0,0,False,,44936,AB de Villiers,Royal Challengers Bangalore,489889,Pat Cummins,Kolkata Knight Riders,,,325026,Glenn Maxwell,1,8.88
ipl20,101605,1254067,1st innings,0,19,148/3,0,0,101,16.5,0,0,0,False,,325026,Glenn Maxwell,Royal Challengers Bangalore,489889,Pat Cummins,Kolkata Knight Riders,,,44936,AB de Villiers,0,8.79
ipl20,101606,1254067,1st innings,0,18,148/4,0,4,102,16.6,0,0,0,True,caught,325026,Glenn Maxwell,Royal Challengers Bangalore,489889,Pat Cummins,Kolkata Knight Riders,325026,Glenn Maxwell,44936,AB de Villiers,0,8.7
ipl20,101701,1254067,1st innings,0,17,148/4,0,0,103,17.1,0,0,0,False,,44936,AB de Villiers,Royal Challengers Bangalore,276298,Andre Russell,Kolkata Knight Riders,,,625960,Kyle Jamieson,0,8.62
ipl20,101702,1254067,1st innings,0,17,149/4,0,0,103,17.1,1,1,1,False,,44936,AB de Villiers,Royal Challengers Bangalore,276298,Andre Russell,Kolkata Knight Riders,,,625960,Kyle Jamieson,1,8.67
ipl20,101703,1254067,1st innings,0,16,155/4,0,0,104,17.2,6,0,0,False,,44936,AB de Villiers,Royal Challengers Bangalore,276298,Andre Russell,Kolkata Knight Riders,,,625960,Kyle Jamieson,6,8.94
ipl20,101704,1254067,1st innings,0,15,159/4,0,0,105,17.3,4,0,0,False,,44936,AB de Villiers,Royal Challengers Bangalore,276298,Andre Russell,Kolkata Knight Riders,,,625960,Kyle Jamieson,4,9.08
ipl20,101705,1254067,1st innings,0,14,161/4,0,0,106,17.4,2,0,0,False,,44936,AB de Villiers,Royal Challengers Bangalore,276298,Andre Russell,Kolkata Knight Riders,,,625960,Kyle Jamieson,2,9.11
ipl20,101706,1254067,1st innings,0,13,165/4,0,0,107,17.5,4,0,0,False,,44936,AB de Villiers,Royal Challengers Bangalore,276298,Andre Russell,Kolkata Knight Riders,,,625960,Kyle Jamieson,4,9.25
ipl20,101707,1254067,1st innings,0,12,165/4,0,0,108,17.6,0,0,0,False,,44936,AB de Villiers,Royal Challengers Bangalore,276298,Andre Russell,Kolkata Knight Riders,,,625960,Kyle Jamieson,0,9.16
ipl20,101801,1254067,1st innings,0,11,165/4,0,0,109,18.1,0,0,0,False,,625960,Kyle Jamieson,Royal Challengers Bangalore,29264,Harbhajan Singh,Kolkata Knight Riders,,,44936,AB de Villiers,0,9.08
ipl20,101802,1254067,1st innings,0,10,169/4,0,0,110,18.2,4,0,0,False,,625960,Kyle Jamieson,Royal Challengers Bangalore,29264,Harbhajan Singh,Kolkata Knight Riders,,,44936,AB de Villiers,4,9.21
ipl20,101803,1254067,1st innings,0,9,175/4,0,0,111,18.3,6,0,0,False,,625960,Kyle Jamieson,Royal Challengers Bangalore,29264,Harbhajan Singh,Kolkata Knight Riders,,,44936,AB de Villiers,6,9.45
ipl20,101804,1254067,1st innings,0,8,176/4,0,0,112,18.4,1,0,0,False,,625960,Kyle Jamieson,Royal Challengers Bangalore,29264,Harbhajan Singh,Kolkata Knight Riders,,,44936,AB de Villiers,1,9.42
ipl20,101805,1254067,1st innings,0,7,182/4,0,0,113,18.5,6,0,0,False,,44936,AB de Villiers,Royal Challengers Bangalore,29264,Harbhajan Singh,Kolkata Knight Riders,,,625960,Kyle Jamieson,6,9.66
ipl20,101806,1254067,1st innings,0,6,183/4,0,0,114,18.6,1,0,0,False,,44936,AB de Villiers,Royal Challengers Bangalore,29264,Harbhajan Singh,Kolkata Knight Riders,,,625960,Kyle Jamieson,1,9.63
ipl20,101901,1254067,1st innings,0,5,187/4,0,0,115,19.1,4,0,0,False,,44936,AB de Villiers,Royal Challengers Bangalore,276298,Andre Russell,Kolkata Knight Riders,,,625960,Kyle Jamieson,4,9.75
ipl20,101902,1254067,1st innings,0,4,193/4,0,0,116,19.2,6,0,0,False,,44936,AB de Villiers,Royal Challengers Bangalore,276298,Andre Russell,Kolkata Knight Riders,,,625960,Kyle Jamieson,6,9.98
ipl20,101903,1254067,1st innings,0,3,195/4,0,0,117,19.3,2,0,0,False,,44936,AB de Villiers,Royal Challengers Bangalore,276298,Andre Russell,Kolkata Knight Riders,,,625960,Kyle Jamieson,2,10.0
ipl20,101904,1254067,1st innings,0,3,196/4,0,0,117,19.3,1,1,1,False,,44936,AB de Villiers,Royal Challengers Bangalore,276298,Andre Russell,Kolkata Knight Riders,,,625960,Kyle Jamieson,1,10.05
ipl20,101905,1254067,1st innings,0,2,200/4,0,0,118,19.4,4,0,0,False,,44936,AB de Villiers,Royal Challengers Bangalore,276298,Andre Russell,Kolkata Knight Riders,,,625960,Kyle Jamieson,4,10.16
ipl20,101906,1254067,1st innings,0,1,200/4,0,0,119,19.5,0,0,0,False,,44936,AB de Villiers,Royal Challengers Bangalore,276298,Andre Russell,Kolkata Knight Riders,,,625960,Kyle Jamieson,0,10.08
ipl20,101907,1254067,1st innings,0,0,204/4,0,0,120,19.6,4,0,0,False,,44936,AB de Villiers,Royal Challengers Bangalore,276298,Andre Russell,Kolkata Knight Riders,,,625960,Kyle Jamieson,4,10.2
ipl20,200001,1254067,2nd innings,205,119,0,0/0,0,1,0.1,0,0,0,False,,604527,Nitish Rana,Kolkata Knight Riders,940973,Mohammed Siraj,Royal Challengers Bangalore,,,1070173,Shubman Gill,0,0.0
ipl20,200002,1254067,2nd innings,205,118,0,1/0,0,2,0.2,1,0,0,False,,604527,Nitish Rana,Kolkata Knight Riders,940973,Mohammed Siraj,Royal Challengers Bangalore,,,1070173,Shubman Gill,1,3.0
ipl20,200003,1254067,2nd innings,205,118,0,2/0,0,2,0.2,1,1,1,False,,1070173,Shubman Gill,Kolkata Knight Riders,940973,Mohammed Siraj,Royal Challengers Bangalore,,,604527,Nitish Rana,1,6.0
ipl20,200004,1254067,2nd innings,205,117,0,6/0,0,3,0.3,4,0,0,False,,1070173,Shubman Gill,Kolkata Knight Riders,940973,Mohammed Siraj,Royal Challengers Bangalore,,,604527,Nitish Rana,4,12.0
ipl20,200005,1254067,2nd innings,205,116,0,6/0,0,4,0.4,0,0,0,False,,1070173,Shubman Gill,Kolkata Knight Riders,940973,Mohammed Siraj,Royal Challengers Bangalore,,,604527,Nitish Rana,0,9.0
ipl20,200006,1254067,2nd innings,205,115,0,6/0,0,5,0.5,0,0,0,False,,1070173,Shubman Gill,Kolkata Knight Riders,940973,Mohammed Siraj,Royal Challengers Bangalore,,,604527,Nitish Rana,0,7.2
ipl20,200007,1254067,2nd innings,205,114,0,7/0,0,6,0.6,1,0,0,False,,1070173,Shubman Gill,Kolkata Knight Riders,940973,Mohammed Siraj,Royal Challengers Bangalore,,,604527,Nitish Rana,1,7.0
ipl20,200101,1254067,2nd innings,205,113,0,11/0,0,7,1.1,4,0,0,False,,1070173,Shubman Gill,Kolkata Knight Riders,625960,Kyle Jamieson,Royal Challengers Bangalore,,,604527,Nitish Rana,4,9.42
ipl20,200102,1254067,2nd innings,205,112,0,11/0,0,8,1.2,0,0,0,False,,1070173,Shubman Gill,Kolkata Knight Riders,625960,Kyle Jamieson,Royal Challengers Bangalore,,,604527,Nitish Rana,0,8.25
ipl20,200103,1254067,2nd innings,205,111,0,17/0,0,9,1.3,6,0,0,False,,1070173,Shubman Gill,Kolkata Knight Riders,625960,Kyle Jamieson,Royal Challengers Bangalore,,,604527,Nitish Rana,6,11.33
ipl20,200104,1254067,2nd innings,205,110,0,23/0,0,10,1.4,6,0,0,False,,1070173,Shubman Gill,Kolkata Knight Riders,625960,Kyle Jamieson,Royal Challengers Bangalore,,,604527,Nitish Rana,6,13.8
ipl20,200105,1254067,2nd innings,205,109,0,23/1,1,11,1.5,0,0,0,True,caught,1070173,Shubman Gill,Kolkata Knight Riders,625960,Kyle Jamieson,Royal Challengers Bangalore,4864,Dan Christian,604527,Nitish Rana,0,12.54
ipl20,200106,1254067,2nd innings,205,108,0,27/1,0,12,1.6,4,0,0,False,,446763,Rahul Tripathi,Kolkata Knight Riders,625960,Kyle Jamieson,Royal Challengers Bangalore,,,604527,Nitish Rana,4,13.5
ipl20,200201,1254067,2nd innings,205,107,0,28/1,0,13,2.1,1,0,0,False,,604527,Nitish Rana,Kolkata Knight Riders,430246,Yuzvendra Chahal,Royal Challengers Bangalore,,,446763,Rahul Tripathi,1,12.92
ipl20,200202,1254067,2nd innings,205,106,0,28/1,0,14,2.2,0,0,0,False,,446763,Rahul Tripathi,Kolkata Knight Riders,430246,Yuzvendra Chahal,Royal Challengers Bangalore,,,604527,Nitish Rana,0,12.0
ipl20,200203,1254067,2nd innings,205,105,0,28/1,0,15,2.3,0,0,0,False,,446763,Rahul Tripathi,Kolkata Knight Riders,430246,Yuzvendra Chahal,Royal Challengers Bangalore,,,604527,Nitish Rana,0,11.2
ipl20,200204,1254067,2nd innings,205,104,0,28/1,0,16,2.4,0,0,0,False,,446763,Rahul Tripathi,Kolkata Knight Riders,430246,Yuzvendra Chahal,Royal Challengers Bangalore,,,604527,Nitish Rana,0,10.5
ipl20,200205,1254067,2nd innings,205,103,0,29/1,0,17,2.5,1,0,0,False,,446763,Rahul Tripathi,Kolkata Knight Riders,430246,Yuzvendra Chahal,Royal Challengers Bangalore,,,604527,Nitish Rana,1,10.23
ipl20,200206,1254067,2nd innings,205,102,0,29/1,0,18,2.6,0,0,0,False,,604527,Nitish Rana,Kolkata Knight Riders,430246,Yuzvendra Chahal,Royal Challengers Bangalore,,,446763,Rahul Tripathi,0,9.66
ipl20,200301,1254067,2nd innings,205,101,0,33/1,0,19,3.1,4,0,0,False,,446763,Rahul Tripathi,Kolkata Knight Riders,719715,Washington Sundar,Royal Challengers Bangalore,,,604527,Nitish Rana,4,10.42
ipl20,200302,1254067,2nd innings,205,100,0,33/1,0,20,3.2,0,0,0,False,,446763,Rahul Tripathi,Kolkata Knight Riders,719715,Washington Sundar,Royal Challengers Bangalore,,,604527,Nitish Rana,0,9.9
ipl20,200303,1254067,2nd innings,205,99,0,34/1,0,21,3.3,1,0,0,False,,446763,Rahul Tripathi,Kolkata Knight Riders,719715,Washington Sundar,Royal Challengers Bangalore,,,604527,Nitish Rana,1,9.71
ipl20,200304,1254067,2nd innings,205,98,0,35/1,0,22,3.4,1,0,0,False,,604527,Nitish Rana,Kolkata Knight Riders,719715,Washington Sundar,Royal Challengers Bangalore,,,446763,Rahul Tripathi,1,9.54
ipl20,200305,1254067,2nd innings,205,97,0,35/1,0,23,3.5,0,0,0,False,,446763,Rahul Tripathi,Kolkata Knight Riders,719715,Washington Sundar,Royal Challengers Bangalore,,,604527,Nitish Rana,0,9.13
ipl20,200306,1254067,2nd innings,205,96,0,36/1,0,24,3.6,1,0,0,False,,446763,Rahul Tripathi,Kolkata Knight Riders,719715,Washington Sundar,Royal Challengers Bangalore,,,604527,Nitish Rana,1,9.0
ipl20,200401,1254067,2nd innings,205,95,0,40/1,0,25,4.1,4,0,0,False,,446763,Rahul Tripathi,Kolkata Knight Riders,940973,Mohammed Siraj,Royal Challengers Bangalore,,,604527,Nitish Rana,4,9.6
ipl20,200402,1254067,2nd innings,205,94,0,40/1,0,26,4.2,0,0,0,False,,446763,Rahul Tripathi,Kolkata Knight Riders,940973,Mohammed Siraj,Royal Challengers Bangalore,,,604527,Nitish Rana,0,9.23
ipl20,200403,1254067,2nd innings,205,93,0,44/1,0,27,4.3,4,0,0,False,,446763,Rahul Tripathi,Kolkata Knight Riders,940973,Mohammed Siraj,Royal Challengers Bangalore,,,604527,Nitish Rana,4,9.77
ipl20,200404,1254067,2nd innings,205,92,0,44/1,0,28,4.4,0,0,0,False,,446763,Rahul Tripathi,Kolkata Knight Riders,940973,Mohammed Siraj,Royal Challengers Bangalore,,,604527,Nitish Rana,0,9.42
ipl20,200405,1254067,2nd innings,205,91,0,44/1,0,29,4.5,0,0,0,False,,446763,Rahul Tripathi,Kolkata Knight Riders,940973,Mohammed Siraj,Royal Challengers Bangalore,,,604527,Nitish Rana,0,9.1
ipl20,200406,1254067,2nd innings,205,90,0,45/1,0,30,4.6,1,0,0,False,,446763,Rahul Tripathi,Kolkata Knight Riders,940973,Mohammed Siraj,Royal Challengers Bangalore,,,604527,Nitish Rana,1,9.0
ipl20,200501,1254067,2nd innings,205,89,0,46/1,0,31,5.1,1,0,0,False,,446763,Rahul Tripathi,Kolkata Knight Riders,719715,Washington Sundar,Royal Challengers Bangalore,,,604527,Nitish Rana,1,8.9
ipl20,200502,1254067,2nd innings,205,88,0,52/1,0,32,5.2,6,0,0,False,,604527,Nitish Rana,Kolkata Knight Riders,719715,Washington Sundar,Royal Challengers Bangalore,,,446763,Rahul Tripathi,6,9.75
ipl20,200503,1254067,2nd innings,205,87,0,53/1,0,33,5.3,1,0,0,False,,604527,Nitish Rana,Kolkata Knight Riders,719715,Washington Sundar,Royal Challengers Bangalore,,,446763,Rahul Tripathi,1,9.63
ipl20,200504,1254067,2nd innings,205,86,0,57/1,0,34,5.4,4,0,0,False,,446763,Rahul Tripathi,Kolkata Knight Riders,719715,Washington Sundar,Royal Challengers Bangalore,,,604527,Nitish Rana,4,10.05
ipl20,200505,1254067,2nd innings,205,85,0,57/1,0,35,5.5,0,0,0,False,,446763,Rahul Tripathi,Kolkata Knight Riders,719715,Washington Sundar,Royal Challengers Bangalore,,,604527,Nitish Rana,0,9.77
ipl20,200506,1254067,2nd innings,205,84,0,57/2,2,36,5.6,0,0,0,True,caught,446763,Rahul Tripathi,Kolkata Knight Riders,719715,Washington Sundar,Royal Challengers Bangalore,446763,Rahul Tripathi,604527,Nitish Rana,0,9.5
ipl20,200601,1254067,2nd innings,205,83,0,58/2,0,37,6.1,1,0,0,False,,24598,Eoin Morgan,Kolkata Knight Riders,430246,Yuzvendra Chahal,Royal Challengers Bangalore,,,604527,Nitish Rana,1,9.4
ipl20,200602,1254067,2nd innings,205,82,0,62/2,0,38,6.2,4,0,0,False,,604527,Nitish Rana,Kolkata Knight Riders,430246,Yuzvendra Chahal,Royal Challengers Bangalore,,,24598,Eoin Morgan,4,9.78
ipl20,200603,1254067,2nd innings,205,81,0,62/2,0,39,6.3,0,0,0,False,,604527,Nitish Rana,Kolkata Knight Riders,430246,Yuzvendra Chahal,Royal Challengers Bangalore,,,24598,Eoin Morgan,0,9.53
ipl20,200604,1254067,2nd innings,205,80,0,66/2,0,40,6.4,4,0,0,False,,604527,Nitish Rana,Kolkata Knight Riders,430246,Yuzvendra Chahal,Royal Challengers Bangalore,,,24598,Eoin Morgan,4,9.9
ipl20,200605,1254067,2nd innings,205,79,0,66/3,3,41,6.5,0,0,0,True,caught,604527,Nitish Rana,Kolkata Knight Riders,430246,Yuzvendra Chahal,Royal Challengers Bangalore,1119026,Devdutt Padikkal,24598,Eoin Morgan,0,9.65
ipl20,200606,1254067,2nd innings,205,78,0,67/3,0,42,6.6,1,0,0,False,,24598,Eoin Morgan,Kolkata Knight Riders,430246,Yuzvendra Chahal,Royal Challengers Bangalore,,,30045,Dinesh Karthik,1,9.57
ipl20,200701,1254067,2nd innings,205,78,0,69/3,0,42,7.0,2,2,2,False,,24598,Eoin Morgan,Kolkata Knight Riders,719715,Washington Sundar,Royal Challengers Bangalore,,,30045,Dinesh Karthik,2,9.85
ipl20,200702,1254067,2nd innings,205,77,0,70/3,0,43,7.1,1,0,0,False,,30045,Dinesh Karthik,Kolkata Knight Riders,719715,Washington Sundar,Royal Challengers Bangalore,,,24598,Eoin Morgan,1,9.76
ipl20,200703,1254067,2nd innings,205,76,0,71/3,0,44,7.2,1,0,0,False,,24598,Eoin Morgan,Kolkata Knight Riders,719715,Washington Sundar,Royal Challengers Bangalore,,,30045,Dinesh Karthik,1,9.68
ipl20,200704,1254067,2nd innings,205,75,0,71/3,0,45,7.3,0,0,0,False,,30045,Dinesh Karthik,Kolkata Knight Riders,719715,Washington Sundar,Royal Challengers Bangalore,,,24598,Eoin Morgan,0,9.46
ipl20,200705,1254067,2nd innings,205,74,0,72/3,0,46,7.4,1,0,0,False,,30045,Dinesh Karthik,Kolkata Knight Riders,719715,Washington Sundar,Royal Challengers Bangalore,,,24598,Eoin Morgan,1,9.39
ipl20,200706,1254067,2nd innings,205,73,0,72/3,0,47,7.5,0,0,0,False,,24598,Eoin Morgan,Kolkata Knight Riders,719715,Washington Sundar,Royal Challengers Bangalore,,,30045,Dinesh Karthik,0,9.19
ipl20,200707,1254067,2nd innings,205,72,0,73/3,0,48,7.6,1,0,0,False,,24598,Eoin Morgan,Kolkata Knight Riders,719715,Washington Sundar,Royal Challengers Bangalore,,,30045,Dinesh Karthik,1,9.12
ipl20,200801,1254067,2nd innings,205,71,0,74/3,0,49,8.1,1,0,0,False,,24598,Eoin Morgan,Kolkata Knight Riders,430246,Yuzvendra Chahal,Royal Challengers Bangalore,,,30045,Dinesh Karthik,1,9.06
ipl20,200802,1254067,2nd innings,205,70,0,74/3,0,50,8.2,0,0,0,False,,30045,Dinesh Karthik,Kolkata Knight Riders,430246,Yuzvendra Chahal,Royal Challengers Bangalore,,,24598,Eoin Morgan,0,8.88
ipl20,200803,1254067,2nd innings,205,69,0,74/4,4,51,8.3,0,0,0,True,leg before wicket,30045,Dinesh Karthik,Kolkata Knight Riders,430246,Yuzvendra Chahal,Royal Challengers Bangalore,430246,Yuzvendra Chahal,24598,Eoin Morgan,0,8.7
ipl20,200804,1254067,2nd innings,205,68,0,74/4,0,52,8.4,0,0,0,False,,56143,Shakib Al Hasan,Kolkata Knight Riders,430246,Yuzvendra Chahal,Royal Challengers Bangalore,,,24598,Eoin Morgan,0,8.53
ipl20,200805,1254067,2nd innings,205,67,0,75/4,0,53,8.5,1,0,0,False,,56143,Shakib Al Hasan,Kolkata Knight Riders,430246,Yuzvendra Chahal,Royal Challengers Bangalore,,,24598,Eoin Morgan,1,8.49
ipl20,200806,1254067,2nd innings,205,66,0,75/4,0,54,8.6,0,0,0,False,,24598,Eoin Morgan,Kolkata Knight Riders,430246,Yuzvendra Chahal,Royal Challengers Bangalore,,,56143,Shakib Al Hasan,0,8.33
ipl20,200901,1254067,2nd innings,205,65,0,75/4,0,55,9.1,0,0,0,False,,56143,Shakib Al Hasan,Kolkata Knight Riders,719715,Washington Sundar,Royal Challengers Bangalore,,,24598,Eoin Morgan,0,8.18
ipl20,200902,1254067,2nd innings,205,64,0,76/4,0,56,9.2,1,0,0,False,,56143,Shakib Al Hasan,Kolkata Knight Riders,719715,Washington Sundar,Royal Challengers Bangalore,,,24598,Eoin Morgan,1,8.14
ipl20,200903,1254067,2nd innings,205,63,0,80/4,0,57,9.3,4,0,0,False,,24598,Eoin Morgan,Kolkata Knight Riders,719715,Washington Sundar,Royal Challengers Bangalore,,,56143,Shakib Al Hasan,4,8.42
ipl20,200904,1254067,2nd innings,205,62,0,81/4,0,58,9.4,1,0,0,False,,24598,Eoin Morgan,Kolkata Knight Riders,719715,Washington Sundar,Royal Challengers Bangalore,,,56143,Shakib Al Hasan,1,8.37
ipl20,200905,1254067,2nd innings,205,61,0,82/4,0,59,9.5,1,0,0,False,,56143,Shakib Al Hasan,Kolkata Knight Riders,719715,Washington Sundar,Royal Challengers Bangalore,,,24598,Eoin Morgan,1,8.33
ipl20,200906,1254067,2nd innings,205,60,0,83/4,0,60,9.6,1,0,0,False,,24598,Eoin Morgan,Kolkata Knight Riders,719715,Washington Sundar,Royal Challengers Bangalore,,,56143,Shakib Al Hasan,1,8.3
ipl20,201001,1254067,2nd innings,205,59,0,84/4,0,61,10.1,1,0,0,False,,24598,Eoin Morgan,Kolkata Knight Riders,325026,Glenn Maxwell,Royal Challengers Bangalore,,,56143,Shakib Al Hasan,1,8.26
ipl20,201002,1254067,2nd innings,205,58,0,85/4,0,62,10.2,1,0,0,False,,56143,Shakib Al Hasan,Kolkata Knight Riders,325026,Glenn Maxwell,Royal Challengers Bangalore,,,24598,Eoin Morgan,1,8.22
ipl20,201003,1254067,2nd innings,205,57,0,91/4,0,63,10.3,6,0,0,False,,24598,Eoin Morgan,Kolkata Knight Riders,325026,Glenn Maxwell,Royal Challengers Bangalore,,,56143,Shakib Al Hasan,6,8.66
ipl20,201004,1254067,2nd innings,205,56,0,91/4,0,64,10.4,0,0,0,False,,24598,Eoin Morgan,Kolkata Knight Riders,325026,Glenn Maxwell,Royal Challengers Bangalore,,,56143,Shakib Al Hasan,0,8.53
ipl20,201005,1254067,2nd innings,205,55,0,92/4,0,65,10.5,1,0,0,False,,24598,Eoin Morgan,Kolkata Knight Riders,325026,Glenn Maxwell,Royal Challengers Bangalore,,,56143,Shakib Al Hasan,1,8.49
ipl20,201006,1254067,2nd innings,205,54,0,93/4,0,66,10.6,1,0,0,False,,56143,Shakib Al Hasan,Kolkata Knight Riders,325026,Glenn Maxwell,Royal Challengers Bangalore,,,24598,Eoin Morgan,1,8.45
ipl20,201101,1254067,2nd innings,205,53,0,94/4,0,67,11.1,1,0,0,False,,56143,Shakib Al Hasan,Kolkata Knight Riders,390481,Harshal Patel,Royal Challengers Bangalore,,,24598,Eoin Morgan,1,8.41
ipl20,201102,1254067,2nd innings,205,52,0,94/4,0,68,11.2,0,0,0,False,,24598,Eoin Morgan,Kolkata Knight Riders,390481,Harshal Patel,Royal Challengers Bangalore,,,56143,Shakib Al Hasan,0,8.29
ipl20,201103,1254067,2nd innings,205,51,0,95/4,0,69,11.3,1,0,0,False,,24598,Eoin Morgan,Kolkata Knight Riders,390481,Harshal Patel,Royal Challengers Bangalore,,,56143,Shakib Al Hasan,1,8.26
ipl20,201104,1254067,2nd innings,205,50,0,96/4,0,70,11.4,1,0,0,False,,56143,Shakib Al Hasan,Kolkata Knight Riders,390481,Harshal Patel,Royal Challengers Bangalore,,,24598,Eoin Morgan,1,8.22
ipl20,201105,1254067,2nd innings,205,49,0,97/4,0,71,11.5,1,0,0,False,,24598,Eoin Morgan,Kolkata Knight Riders,390481,Harshal Patel,Royal Challengers Bangalore,,,56143,Shakib Al Hasan,1,8.19
ipl20,201106,1254067,2nd innings,205,48,0,98/4,0,72,11.6,1,0,0,False,,56143,Shakib Al Hasan,Kolkata Knight Riders,390481,Harshal Patel,Royal Challengers Bangalore,,,24598,Eoin Morgan,1,8.16
ipl20,201201,1254067,2nd innings,205,47,0,104/4,0,73,12.1,6,0,0,False,,56143,Shakib Al Hasan,Kolkata Knight Riders,325026,Glenn Maxwell,Royal Challengers Bangalore,,,24598,Eoin Morgan,6,8.54
ipl20,201202,1254067,2nd innings,205,46,0,105/4,0,74,12.2,1,0,0,False,,56143,Shakib Al Hasan,Kolkata Knight Riders,325026,Glenn Maxwell,Royal Challengers Bangalore,,,24598,Eoin Morgan,1,8.51
ipl20,201203,1254067,2nd innings,205,45,0,105/4,0,75,12.3,0,0,0,False,,24598,Eoin Morgan,Kolkata Knight Riders,325026,Glenn Maxwell,Royal Challengers Bangalore,,,56143,Shakib Al Hasan,0,8.4
ipl20,201204,1254067,2nd innings,205,44,0,111/4,0,76,12.4,6,0,0,False,,24598,Eoin Morgan,Kolkata Knight Riders,325026,Glenn Maxwell,Royal Challengers Bangalore,,,56143,Shakib Al Hasan,6,8.76
ipl20,201205,1254067,2nd innings,205,43,0,112/4,0,77,12.5,1,0,0,False,,24598,Eoin Morgan,Kolkata Knight Riders,325026,Glenn Maxwell,Royal Challengers Bangalore,,,56143,Shakib Al Hasan,1,8.72
ipl20,201206,1254067,2nd innings,205,42,0,112/4,0,78,12.6,0,0,0,False,,56143,Shakib Al Hasan,Kolkata Knight Riders,325026,Glenn Maxwell,Royal Challengers Bangalore,,,24598,Eoin Morgan,0,8.61
ipl20,201301,1254067,2nd innings,205,41,0,112/4,0,79,13.1,0,0,0,False,,24598,Eoin Morgan,Kolkata Knight Riders,390481,Harshal Patel,Royal Challengers Bangalore,,,56143,Shakib Al Hasan,0,8.5
ipl20,201302,1254067,2nd innings,205,40,0,113/4,0,80,13.2,1,0,0,False,,24598,Eoin Morgan,Kolkata Knight Riders,390481,Harshal Patel,Royal Challengers Bangalore,,,56143,Shakib Al Hasan,1,8.47
ipl20,201303,1254067,2nd innings,205,39,0,114/4,0,81,13.3,1,0,0,False,,56143,Shakib Al Hasan,Kolkata Knight Riders,390481,Harshal Patel,Royal Challengers Bangalore,,,24598,Eoin Morgan,1,8.44
ipl20,201304,1254067,2nd innings,205,38,0,114/5,5,82,13.4,0,0,0,True,caught,24598,Eoin Morgan,Kolkata Knight Riders,390481,Harshal Patel,Royal Challengers Bangalore,24598,Eoin Morgan,56143,Shakib Al Hasan,0,8.34
ipl20,201305,1254067,2nd innings,205,37,0,114/5,0,83,13.5,0,0,0,False,,56143,Shakib Al Hasan,Kolkata Knight Riders,390481,Harshal Patel,Royal Challengers Bangalore,,,276298,Andre Russell,0,8.24
ipl20,201306,1254067,2nd innings,205,36,0,115/5,0,84,13.6,1,0,0,False,,56143,Shakib Al Hasan,Kolkata Knight Riders,390481,Harshal Patel,Royal Challengers Bangalore,,,276298,Andre Russell,1,8.21
ipl20,201401,1254067,2nd innings,205,35,0,116/5,0,85,14.1,1,0,0,False,,56143,Shakib Al Hasan,Kolkata Knight Riders,625960,Kyle Jamieson,Royal Challengers Bangalore,,,276298,Andre Russell,1,8.18
ipl20,201402,1254067,2nd innings,205,34,0,116/5,0,86,14.2,0,0,0,False,,276298,Andre Russell,Kolkata Knight Riders,625960,Kyle Jamieson,Royal Challengers Bangalore,,,56143,Shakib Al Hasan,0,8.09
ipl20,201403,1254067,2nd innings,205,33,0,117/5,0,87,14.3,1,0,0,False,,276298,Andre Russell,Kolkata Knight Riders,625960,Kyle Jamieson,Royal Challengers Bangalore,,,56143,Shakib Al Hasan,1,8.06
ipl20,201404,1254067,2nd innings,205,32,0,117/5,0,88,14.4,0,0,0,False,,56143,Shakib Al Hasan,Kolkata Knight Riders,625960,Kyle Jamieson,Royal Challengers Bangalore,,,276298,Andre Russell,0,7.97
ipl20,201405,1254067,2nd innings,205,31,0,121/5,0,89,14.5,4,0,0,False,,56143,Shakib Al Hasan,Kolkata Knight Riders,625960,Kyle Jamieson,Royal Challengers Bangalore,,,276298,Andre Russell,4,8.15
ipl20,201406,1254067,2nd innings,205,30,0,121/5,0,90,14.6,0,0,0,False,,56143,Shakib Al Hasan,Kolkata Knight Riders,625960,Kyle Jamieson,Royal Challengers Bangalore,,,276298,Andre Russell,0,8.06
ipl20,201501,1254067,2nd innings,205,29,0,121/5,0,91,15.1,0,0,0,False,,276298,Andre Russell,Kolkata Knight Riders,390481,Harshal Patel,Royal Challengers Bangalore,,,56143,Shakib Al Hasan,0,7.97
ipl20,201502,1254067,2nd innings,205,28,0,122/5,0,92,15.2,1,0,0,False,,276298,Andre Russell,Kolkata Knight Riders,390481,Harshal Patel,Royal Challengers Bangalore,,,56143,Shakib Al Hasan,1,7.95
ipl20,201503,1254067,2nd innings,205,27,0,123/5,0,93,15.3,1,0,0,False,,56143,Shakib Al Hasan,Kolkata Knight Riders,390481,Harshal Patel,Royal Challengers Bangalore,,,276298,Andre Russell,1,7.93
ipl20,201504,1254067,2nd innings,205,26,0,124/5,0,94,15.4,1,0,0,False,,276298,Andre Russell,Kolkata Knight Riders,390481,Harshal Patel,Royal Challengers Bangalore,,,56143,Shakib Al Hasan,1,7.91
ipl20,201505,1254067,2nd innings,205,25,0,125/5,0,95,15.5,1,0,0,False,,56143,Shakib Al Hasan,Kolkata Knight Riders,390481,Harshal Patel,Royal Challengers Bangalore,,,276298,Andre Russell,1,7.89
ipl20,201506,1254067,2nd innings,205,24,0,126/5,0,96,15.6,1,0,0,False,,276298,Andre Russell,Kolkata Knight Riders,390481,Harshal Patel,Royal Challengers Bangalore,,,56143,Shakib Al Hasan,1,7.87
ipl20,201601,1254067,2nd innings,205,23,0,132/5,0,97,16.1,6,0,0,False,,276298,Andre Russell,Kolkata Knight Riders,430246,Yuzvendra Chahal,Royal Challengers Bangalore,,,56143,Shakib Al Hasan,6,8.16
ipl20,201602,1254067,2nd innings,205,22,0,136/5,0,98,16.2,4,0,0,False,,276298,Andre Russell,Kolkata Knight Riders,430246,Yuzvendra Chahal,Royal Challengers Bangalore,,,56143,Shakib Al Hasan,4,8.32
ipl20,201603,1254067,2nd innings,205,21,0,140/5,0,99,16.3,4,0,0,False,,276298,Andre Russell,Kolkata Knight Riders,430246,Yuzvendra Chahal,Royal Challengers Bangalore,,,56143,Shakib Al Hasan,4,8.48
ipl20,201604,1254067,2nd innings,205,20,0,144/5,0,100,16.4,4,0,0,False,,276298,Andre Russell,Kolkata Knight Riders,430246,Yuzvendra Chahal,Royal Challengers Bangalore,,,56143,Shakib Al Hasan,4,8.64
ipl20,201605,1254067,2nd innings,205,19,0,145/5,0,101,16.5,1,0,0,False,,276298,Andre Russell,Kolkata Knight Riders,430246,Yuzvendra Chahal,Royal Challengers Bangalore,,,56143,Shakib Al Hasan,1,8.61
ipl20,201606,1254067,2nd innings,205,18,0,146/5,0,102,16.6,1,0,0,False,,56143,Shakib Al Hasan,Kolkata Knight Riders,430246,Yuzvendra Chahal,Royal Challengers Bangalore,,,276298,Andre Russell,1,8.58
ipl20,201701,1254067,2nd innings,205,17,0,147/5,0,103,17.1,1,0,0,False,,56143,Shakib Al Hasan,Kolkata Knight Riders,625960,Kyle Jamieson,Royal Challengers Bangalore,,,276298,Andre Russell,1,8.56
ipl20,201702,1254067,2nd innings,205,16,0,153/5,0,104,17.2,6,0,0,False,,276298,Andre Russell,Kolkata Knight Riders,625960,Kyle Jamieson,Royal Challengers Bangalore,,,56143,Shakib Al Hasan,6,8.82
ipl20,201703,1254067,2nd innings,205,16,0,154/5,0,104,17.2,1,1,1,False,,276298,Andre Russell,Kolkata Knight Riders,625960,Kyle Jamieson,Royal Challengers Bangalore,,,56143,Shakib Al Hasan,1,8.88
ipl20,201704,1254067,2nd innings,205,15,0,155/5,0,105,17.3,1,0,0,False,,276298,Andre Russell,Kolkata Knight Riders,625960,Kyle Jamieson,Royal Challengers Bangalore,,,56143,Shakib Al Hasan,1,8.85
ipl20,201705,1254067,2nd innings,205,14,0,155/6,6,106,17.4,0,0,0,True,bowled,56143,Shakib Al Hasan,Kolkata Knight Riders,625960,Kyle Jamieson,Royal Challengers Bangalore,56143,Shakib Al Hasan,276298,Andre Russell,0,8.77
ipl20,201706,1254067,2nd innings,205,13,0,161/6,0,107,17.5,6,0,0,False,,489889,Pat Cummins,Kolkata Knight Riders,625960,Kyle Jamieson,Royal Challengers Bangalore,,,276298,Andre Russell,6,9.02
ipl20,201707,1254067,2nd innings,205,12,0,161/7,7,108,17.6,0,0,0,True,caught,489889,Pat Cummins,Kolkata Knight Riders,625960,Kyle Jamieson,Royal Challengers Bangalore,44936,AB de Villiers,276298,Andre Russell,0,8.94
ipl20,201801,1254067,2nd innings,205,11,0,161/7,0,109,18.1,0,0,0,False,,276298,Andre Russell,Kolkata Knight Riders,940973,Mohammed Siraj,Royal Challengers Bangalore,,,29264,Harbhajan Singh,0,8.86
ipl20,201802,1254067,2nd innings,205,10,0,161/7,0,110,18.2,0,0,0,False,,276298,Andre Russell,Kolkata Knight Riders,940973,Mohammed Siraj,Royal Challengers Bangalore,,,29264,Harbhajan Singh,0,8.78
ipl20,201803,1254067,2nd innings,205,9,0,161/7,0,111,18.3,0,0,0,False,,276298,Andre Russell,Kolkata Knight Riders,940973,Mohammed Siraj,Royal Challengers Bangalore,,,29264,Harbhajan Singh,0,8.7
ipl20,201804,1254067,2nd innings,205,8,0,161/7,0,112,18.4,0,0,0,False,,276298,Andre Russell,Kolkata Knight Riders,940973,Mohammed Siraj,Royal Challengers Bangalore,,,29264,Harbhajan Singh,0,8.62
ipl20,201805,1254067,2nd innings,205,7,0,161/7,0,113,18.5,0,0,0,False,,276298,Andre Russell,Kolkata Knight Riders,940973,Mohammed Siraj,Royal Challengers Bangalore,,,29264,Harbhajan Singh,0,8.54
ipl20,201806,1254067,2nd innings,205,6,0,162/7,0,114,18.6,1,0,0,False,,276298,Andre Russell,Kolkata Knight Riders,940973,Mohammed Siraj,Royal Challengers Bangalore,,,29264,Harbhajan Singh,1,8.52
ipl20,201901,1254067,2nd innings,205,5,0,162/8,8,115,19.1,0,0,0,True,bowled,276298,Andre Russell,Kolkata Knight Riders,390481,Harshal Patel,Royal Challengers Bangalore,276298,Andre Russell,29264,Harbhajan Singh,0,8.45
ipl20,201902,1254067,2nd innings,205,4,0,162/8,0,116,19.2,0,0,0,False,,1108375,Varun Chakravarthy,Kolkata Knight Riders,390481,Harshal Patel,Royal Challengers Bangalore,,,29264,Harbhajan Singh,0,8.37
ipl20,201903,1254067,2nd innings,205,3,0,163/8,0,117,19.3,1,0,0,False,,1108375,Varun Chakravarthy,Kolkata Knight Riders,390481,Harshal Patel,Royal Challengers Bangalore,,,29264,Harbhajan Singh,1,8.35
ipl20,201904,1254067,2nd innings,205,2,0,164/8,0,118,19.4,1,0,0,False,,29264,Harbhajan Singh,Kolkata Knight Riders,390481,Harshal Patel,Royal Challengers Bangalore,,,1108375,Varun Chakravarthy,1,8.33
ipl20,201905,1254067,2nd innings,205,1,0,165/8,0,119,19.5,1,0,0,False,,1108375,Varun Chakravarthy,Kolkata Knight Riders,390481,Harshal Patel,Royal Challengers Bangalore,,,29264,Harbhajan Singh,1,8.31
ipl20,201906,1254067,2nd innings,205,0,0,166/8,0,120,19.6,1,0,0,False,,29264,Harbhajan Singh,Kolkata Knight Riders,390481,Harshal Patel,Royal Challengers Bangalore,,,1108375,Varun Chakravarthy,1,8.3
