ipl_season,sequence,eventid,innings,target,remainingballs,homescore,awayscore,fallofwickets,ball,over,scorevalue,validball,extras,dismissal,dismissaltype,batsmanid,batsman,batsmanteam,bowlerid,bowler,bowlerteam,otherathleteinvolvedid,otherathleteinvolved,nonstrikerid,nonstriker,runs,runrate
ipl20,100001,1254070,1st innings,0,119,0/0,0,0,1,0.1,0,0,0,False,,34102,Rohit Sharma,Mumbai Indians,325012,Marcus Stoinis,Delhi Capitals,,,379143,Quinton de Kock,0,0.0
ipl20,100002,1254070,1st innings,0,118,1/0,0,0,2,0.2,1,0,0,False,,34102,Rohit Sharma,Mumbai Indians,325012,Marcus Stoinis,Delhi Capitals,,,379143,Quinton de Kock,1,3.0
ipl20,100003,1254070,1st innings,0,117,2/0,0,0,3,0.3,1,0,0,False,,379143,Quinton de Kock,Mumbai Indians,325012,Marcus Stoinis,Delhi Capitals,,,34102,Rohit Sharma,1,4.0
ipl20,100004,1254070,1st innings,0,116,4/0,0,0,4,0.4,2,0,0,False,,34102,Rohit Sharma,Mumbai Indians,325012,Marcus Stoinis,Delhi Capitals,,,379143,Quinton de Kock,2,6.0
ipl20,100005,1254070,1st innings,0,115,4/0,0,0,5,0.5,0,0,0,False,,34102,Rohit Sharma,Mumbai Indians,325012,Marcus Stoinis,Delhi Capitals,,,379143,Quinton de Kock,0,4.8
ipl20,100006,1254070,1st innings,0,114,6/0,0,0,6,0.6,2,0,0,False,,34102,Rohit Sharma,Mumbai Indians,325012,Marcus Stoinis,Delhi Capitals,,,379143,Quinton de Kock,2,6.0
ipl20,100101,1254070,1st innings,0,113,7/0,0,0,7,1.1,1,0,1,False,,379143,Quinton de Kock,Mumbai Indians,26421,Ravichandran Ashwin,Delhi Capitals,,,34102,Rohit Sharma,1,6.0
ipl20,100102,1254070,1st innings,0,112,7/0,0,0,8,1.2,0,0,0,False,,34102,Rohit Sharma,Mumbai Indians,26421,Ravichandran Ashwin,Delhi Capitals,,,379143,Quinton de Kock,0,5.25
ipl20,100103,1254070,1st innings,0,111,7/0,0,0,9,1.3,0,0,0,False,,34102,Rohit Sharma,Mumbai Indians,26421,Ravichandran Ashwin,Delhi Capitals,,,379143,Quinton de Kock,0,4.66
ipl20,100104,1254070,1st innings,0,110,7/0,0,0,10,1.4,0,0,0,False,,34102,Rohit Sharma,Mumbai Indians,26421,Ravichandran Ashwin,Delhi Capitals,,,379143,Quinton de Kock,0,4.2
ipl20,100105,1254070,1st innings,0,109,8/0,0,0,11,1.5,1,0,0,False,,34102,Rohit Sharma,Mumbai Indians,26421,Ravichandran Ashwin,Delhi Capitals,,,379143,Quinton de Kock,1,4.36
ipl20,100106,1254070,1st innings,0,108,9/0,0,0,12,1.6,1,0,0,False,,379143,Quinton de Kock,Mumbai Indians,26421,Ravichandran Ashwin,Delhi Capitals,,,34102,Rohit Sharma,1,4.5
ipl20,100201,1254070,1st innings,0,107,9/1,0,1,13,2.1,0,0,0,True,caught,379143,Quinton de Kock,Mumbai Indians,325012,Marcus Stoinis,Delhi Capitals,325012,Marcus Stoinis,34102,Rohit Sharma,0,4.15
ipl20,100202,1254070,1st innings,0,106,10/1,0,0,14,2.2,1,0,0,False,,446507,Suryakumar Yadav,Mumbai Indians,325012,Marcus Stoinis,Delhi Capitals,,,34102,Rohit Sharma,1,4.28
ipl20,100203,1254070,1st innings,0,105,11/1,0,0,15,2.3,1,0,0,False,,34102,Rohit Sharma,Mumbai Indians,325012,Marcus Stoinis,Delhi Capitals,,,446507,Suryakumar Yadav,1,4.4
ipl20,100204,1254070,1st innings,0,104,11/1,0,0,16,2.4,0,0,0,False,,446507,Suryakumar Yadav,Mumbai Indians,325012,Marcus Stoinis,Delhi Capitals,,,34102,Rohit Sharma,0,4.12
ipl20,100205,1254070,1st innings,0,103,12/1,0,0,17,2.5,1,0,0,False,,446507,Suryakumar Yadav,Mumbai Indians,325012,Marcus Stoinis,Delhi Capitals,,,34102,Rohit Sharma,1,4.23
ipl20,100206,1254070,1st innings,0,102,16/1,0,0,18,2.6,4,0,0,False,,34102,Rohit Sharma,Mumbai Indians,325012,Marcus Stoinis,Delhi Capitals,,,446507,Suryakumar Yadav,4,5.33
ipl20,100301,1254070,1st innings,0,101,20/1,0,0,19,3.1,4,0,0,False,,446507,Suryakumar Yadav,Mumbai Indians,26421,Ravichandran Ashwin,Delhi Capitals,,,34102,Rohit Sharma,4,6.31
ipl20,100302,1254070,1st innings,0,100,20/1,0,0,20,3.2,0,0,0,False,,446507,Suryakumar Yadav,Mumbai Indians,26421,Ravichandran Ashwin,Delhi Capitals,,,34102,Rohit Sharma,0,6.0
ipl20,100303,1254070,1st innings,0,99,21/1,0,0,21,3.3,1,0,0,False,,446507,Suryakumar Yadav,Mumbai Indians,26421,Ravichandran Ashwin,Delhi Capitals,,,34102,Rohit Sharma,1,6.0
ipl20,100304,1254070,1st innings,0,98,25/1,0,0,22,3.4,4,0,0,False,,34102,Rohit Sharma,Mumbai Indians,26421,Ravichandran Ashwin,Delhi Capitals,,,446507,Suryakumar Yadav,4,6.81
ipl20,100305,1254070,1st innings,0,97,25/1,0,0,23,3.5,0,0,0,False,,34102,Rohit Sharma,Mumbai Indians,26421,Ravichandran Ashwin,Delhi Capitals,,,446507,Suryakumar Yadav,0,6.52
ipl20,100306,1254070,1st innings,0,96,31/1,0,0,24,3.6,6,0,0,False,,34102,Rohit Sharma,Mumbai Indians,26421,Ravichandran Ashwin,Delhi Capitals,,,446507,Suryakumar Yadav,6,7.75
ipl20,100401,1254070,1st innings,0,95,31/1,0,0,25,4.1,0,0,0,False,,446507,Suryakumar Yadav,Mumbai Indians,550215,Kagiso Rabada,Delhi Capitals,,,34102,Rohit Sharma,0,7.44
ipl20,100402,1254070,1st innings,0,94,35/1,0,0,26,4.2,4,0,0,False,,446507,Suryakumar Yadav,Mumbai Indians,550215,Kagiso Rabada,Delhi Capitals,,,34102,Rohit Sharma,4,8.07
ipl20,100403,1254070,1st innings,0,93,38/1,0,0,27,4.3,3,0,0,False,,446507,Suryakumar Yadav,Mumbai Indians,550215,Kagiso Rabada,Delhi Capitals,,,34102,Rohit Sharma,3,8.44
ipl20,100404,1254070,1st innings,0,92,38/1,0,0,28,4.4,0,0,0,False,,34102,Rohit Sharma,Mumbai Indians,550215,Kagiso Rabada,Delhi Capitals,,,446507,Suryakumar Yadav,0,8.14
ipl20,100405,1254070,1st innings,0,91,44/1,0,0,29,4.5,6,0,0,False,,34102,Rohit Sharma,Mumbai Indians,550215,Kagiso Rabada,Delhi Capitals,,,446507,Suryakumar Yadav,6,9.1
ipl20,100406,1254070,1st innings,0,90,45/1,0,0,30,4.6,1,0,0,False,,34102,Rohit Sharma,Mumbai Indians,550215,Kagiso Rabada,Delhi Capitals,,,446507,Suryakumar Yadav,1,9.0
ipl20,100501,1254070,1st innings,0,89,46/1,0,0,31,5.1,1,0,0,False,,34102,Rohit Sharma,Mumbai Indians,31107,Amit Mishra,Delhi Capitals,,,446507,Suryakumar Yadav,1,8.9
ipl20,100502,1254070,1st innings,0,88,46/1,0,0,32,5.2,0,0,0,False,,446507,Suryakumar Yadav,Mumbai Indians,31107,Amit Mishra,Delhi Capitals,,,34102,Rohit Sharma,0,8.62
ipl20,100503,1254070,1st innings,0,87,50/1,0,0,33,5.3,4,0,0,False,,446507,Suryakumar Yadav,Mumbai Indians,31107,Amit Mishra,Delhi Capitals,,,34102,Rohit Sharma,4,9.09
ipl20,100504,1254070,1st innings,0,86,54/1,0,0,34,5.4,4,0,0,False,,446507,Suryakumar Yadav,Mumbai Indians,31107,Amit Mishra,Delhi Capitals,,,34102,Rohit Sharma,4,9.52
ipl20,100505,1254070,1st innings,0,85,55/1,0,0,35,5.5,1,0,0,False,,446507,Suryakumar Yadav,Mumbai Indians,31107,Amit Mishra,Delhi Capitals,,,34102,Rohit Sharma,1,9.42
ipl20,100506,1254070,1st innings,0,84,55/1,0,0,36,5.6,0,0,0,False,,34102,Rohit Sharma,Mumbai Indians,31107,Amit Mishra,Delhi Capitals,,,446507,Suryakumar Yadav,0,9.16
ipl20,100601,1254070,1st innings,0,83,56/1,0,0,37,6.1,1,0,0,False,,446507,Suryakumar Yadav,Mumbai Indians,694211,Avesh Khan,Delhi Capitals,,,34102,Rohit Sharma,1,9.08
ipl20,100602,1254070,1st innings,0,82,60/1,0,0,38,6.2,4,0,4,False,,34102,Rohit Sharma,Mumbai Indians,694211,Avesh Khan,Delhi Capitals,,,446507,Suryakumar Yadav,4,9.47
ipl20,100603,1254070,1st innings,0,81,60/1,0,0,39,6.3,0,0,0,False,,34102,Rohit Sharma,Mumbai Indians,694211,Avesh Khan,Delhi Capitals,,,446507,Suryakumar Yadav,0,9.23
ipl20,100604,1254070,1st innings,0,80,66/1,0,0,40,6.4,6,0,0,False,,34102,Rohit Sharma,Mumbai Indians,694211,Avesh Khan,Delhi Capitals,,,446507,Suryakumar Yadav,6,9.9
ipl20,100605,1254070,1st innings,0,79,67/1,0,0,41,6.5,1,0,0,False,,34102,Rohit Sharma,Mumbai Indians,694211,Avesh Khan,Delhi Capitals,,,446507,Suryakumar Yadav,1,9.8
ipl20,100606,1254070,1st innings,0,78,67/2,0,2,42,6.6,0,0,0,True,caught,446507,Suryakumar Yadav,Mumbai Indians,694211,Avesh Khan,Delhi Capitals,446507,Suryakumar Yadav,34102,Rohit Sharma,0,9.57
ipl20,100701,1254070,1st innings,0,77,68/2,0,0,43,7.1,1,0,0,False,,34102,Rohit Sharma,Mumbai Indians,930189,Lalit Yadav,Delhi Capitals,,,720471,Ishan Kishan,1,9.48
ipl20,100702,1254070,1st innings,0,76,68/2,0,0,44,7.2,0,0,0,False,,720471,Ishan Kishan,Mumbai Indians,930189,Lalit Yadav,Delhi Capitals,,,34102,Rohit Sharma,0,9.27
ipl20,100703,1254070,1st innings,0,75,69/2,0,0,45,7.3,1,0,0,False,,720471,Ishan Kishan,Mumbai Indians,930189,Lalit Yadav,Delhi Capitals,,,34102,Rohit Sharma,1,9.2
ipl20,100704,1254070,1st innings,0,74,69/2,0,0,46,7.4,0,0,0,False,,34102,Rohit Sharma,Mumbai Indians,930189,Lalit Yadav,Delhi Capitals,,,720471,Ishan Kishan,0,9.0
ipl20,100705,1254070,1st innings,0,73,70/2,0,0,47,7.5,1,0,0,False,,34102,Rohit Sharma,Mumbai Indians,930189,Lalit Yadav,Delhi Capitals,,,720471,Ishan Kishan,1,8.93
ipl20,100706,1254070,1st innings,0,72,70/2,0,0,48,7.6,0,0,0,False,,720471,Ishan Kishan,Mumbai Indians,930189,Lalit Yadav,Delhi Capitals,,,34102,Rohit Sharma,0,8.75
ipl20,100801,1254070,1st innings,0,71,72/2,0,0,49,8.1,2,0,0,False,,34102,Rohit Sharma,Mumbai Indians,31107,Amit Mishra,Delhi Capitals,,,720471,Ishan Kishan,2,8.81
ipl20,100802,1254070,1st innings,0,70,76/2,0,0,50,8.2,4,0,0,False,,34102,Rohit Sharma,Mumbai Indians,31107,Amit Mishra,Delhi Capitals,,,720471,Ishan Kishan,4,9.12
ipl20,100803,1254070,1st innings,0,69,76/2,0,0,51,8.3,0,0,0,False,,34102,Rohit Sharma,Mumbai Indians,31107,Amit Mishra,Delhi Capitals,,,720471,Ishan Kishan,0,8.94
ipl20,100804,1254070,1st innings,0,68,76/3,0,3,52,8.4,0,0,0,True,caught,34102,Rohit Sharma,Mumbai Indians,31107,Amit Mishra,Delhi Capitals,31107,Amit Mishra,720471,Ishan Kishan,0,8.76
ipl20,100805,1254070,1st innings,0,67,77/3,0,0,53,8.5,1,0,0,False,,720471,Ishan Kishan,Mumbai Indians,31107,Amit Mishra,Delhi Capitals,,,625371,Hardik Pandya,1,8.71
ipl20,100806,1254070,1st innings,0,66,77/4,0,4,54,8.6,0,0,0,True,caught,625371,Hardik Pandya,Mumbai Indians,31107,Amit Mishra,Delhi Capitals,31107,Amit Mishra,720471,Ishan Kishan,0,8.55
ipl20,100901,1254070,1st innings,0,65,77/4,0,0,55,9.1,0,0,0,False,,720471,Ishan Kishan,Mumbai Indians,26421,Ravichandran Ashwin,Delhi Capitals,,,471342,Krunal Pandya,0,8.4
ipl20,100902,1254070,1st innings,0,64,77/4,0,0,56,9.2,0,0,0,False,,720471,Ishan Kishan,Mumbai Indians,26421,Ravichandran Ashwin,Delhi Capitals,,,471342,Krunal Pandya,0,8.25
ipl20,100903,1254070,1st innings,0,63,78/4,0,0,57,9.3,1,0,0,False,,720471,Ishan Kishan,Mumbai Indians,26421,Ravichandran Ashwin,Delhi Capitals,,,471342,Krunal Pandya,1,8.21
ipl20,100904,1254070,1st innings,0,62,78/4,0,0,58,9.4,0,0,0,False,,471342,Krunal Pandya,Mumbai Indians,26421,Ravichandran Ashwin,Delhi Capitals,,,720471,Ishan Kishan,0,8.06
ipl20,100905,1254070,1st innings,0,61,78/4,0,0,59,9.5,0,0,0,False,,471342,Krunal Pandya,Mumbai Indians,26421,Ravichandran Ashwin,Delhi Capitals,,,720471,Ishan Kishan,0,7.93
ipl20,100906,1254070,1st innings,0,60,78/4,0,0,60,9.6,0,0,0,False,,471342,Krunal Pandya,Mumbai Indians,26421,Ravichandran Ashwin,Delhi Capitals,,,720471,Ishan Kishan,0,7.8
ipl20,101001,1254070,1st innings,0,59,79/4,0,0,61,10.1,1,0,0,False,,720471,Ishan Kishan,Mumbai Indians,930189,Lalit Yadav,Delhi Capitals,,,471342,Krunal Pandya,1,7.77
ipl20,101002,1254070,1st innings,0,58,80/4,0,0,62,10.2,1,0,0,False,,471342,Krunal Pandya,Mumbai Indians,930189,Lalit Yadav,Delhi Capitals,,,720471,Ishan Kishan,1,7.74
ipl20,101003,1254070,1st innings,0,57,81/4,0,0,63,10.3,1,0,0,False,,720471,Ishan Kishan,Mumbai Indians,930189,Lalit Yadav,Delhi Capitals,,,471342,Krunal Pandya,1,7.71
ipl20,101004,1254070,1st innings,0,56,81/5,0,5,64,10.4,0,0,0,True,bowled,471342,Krunal Pandya,Mumbai Indians,930189,Lalit Yadav,Delhi Capitals,471342,Krunal Pandya,720471,Ishan Kishan,0,7.59
ipl20,101005,1254070,1st innings,0,55,81/5,0,0,65,10.5,0,0,0,False,,230559,Kieron Pollard,Mumbai Indians,930189,Lalit Yadav,Delhi Capitals,,,720471,Ishan Kishan,0,7.47
ipl20,101006,1254070,1st innings,0,54,82/5,0,0,66,10.6,1,0,0,False,,230559,Kieron Pollard,Mumbai Indians,930189,Lalit Yadav,Delhi Capitals,,,720471,Ishan Kishan,1,7.45
ipl20,101101,1254070,1st innings,0,53,82/5,0,0,67,11.1,0,0,0,False,,230559,Kieron Pollard,Mumbai Indians,31107,Amit Mishra,Delhi Capitals,,,720471,Ishan Kishan,0,7.34
ipl20,101102,1254070,1st innings,0,52,83/5,0,0,68,11.2,1,0,0,False,,230559,Kieron Pollard,Mumbai Indians,31107,Amit Mishra,Delhi Capitals,,,720471,Ishan Kishan,1,7.32
ipl20,101103,1254070,1st innings,0,51,83/5,0,0,69,11.3,0,0,0,False,,720471,Ishan Kishan,Mumbai Indians,31107,Amit Mishra,Delhi Capitals,,,230559,Kieron Pollard,0,7.21
ipl20,101104,1254070,1st innings,0,50,84/5,0,0,70,11.4,1,0,0,False,,720471,Ishan Kishan,Mumbai Indians,31107,Amit Mishra,Delhi Capitals,,,230559,Kieron Pollard,1,7.2
ipl20,101105,1254070,1st innings,0,49,84/6,0,6,71,11.5,0,0,0,True,leg before wicket,230559,Kieron Pollard,Mumbai Indians,31107,Amit Mishra,Delhi Capitals,31107,Amit Mishra,720471,Ishan Kishan,0,7.09
ipl20,101106,1254070,1st innings,0,48,84/6,0,0,72,11.6,0,0,0,False,,447587,Jayant Yadav,Mumbai Indians,31107,Amit Mishra,Delhi Capitals,,,720471,Ishan Kishan,0,7.0
ipl20,101201,1254070,1st innings,0,47,85/6,0,0,73,12.1,1,0,0,False,,720471,Ishan Kishan,Mumbai Indians,930189,Lalit Yadav,Delhi Capitals,,,447587,Jayant Yadav,1,6.98
ipl20,101202,1254070,1st innings,0,46,86/6,0,0,74,12.2,1,0,0,False,,447587,Jayant Yadav,Mumbai Indians,930189,Lalit Yadav,Delhi Capitals,,,720471,Ishan Kishan,1,6.97
ipl20,101203,1254070,1st innings,0,45,87/6,0,0,75,12.3,1,0,0,False,,720471,Ishan Kishan,Mumbai Indians,930189,Lalit Yadav,Delhi Capitals,,,447587,Jayant Yadav,1,6.96
ipl20,101204,1254070,1st innings,0,44,88/6,0,0,76,12.4,1,0,0,False,,447587,Jayant Yadav,Mumbai Indians,930189,Lalit Yadav,Delhi Capitals,,,720471,Ishan Kishan,1,6.94
ipl20,101205,1254070,1st innings,0,43,88/6,0,0,77,12.5,0,0,0,False,,720471,Ishan Kishan,Mumbai Indians,930189,Lalit Yadav,Delhi Capitals,,,447587,Jayant Yadav,0,6.85
ipl20,101206,1254070,1st innings,0,42,89/6,0,0,78,12.6,1,0,0,False,,720471,Ishan Kishan,Mumbai Indians,930189,Lalit Yadav,Delhi Capitals,,,447587,Jayant Yadav,1,6.84
ipl20,101301,1254070,1st innings,0,41,90/6,0,0,79,13.1,1,0,0,False,,720471,Ishan Kishan,Mumbai Indians,325012,Marcus Stoinis,Delhi Capitals,,,447587,Jayant Yadav,1,6.83
ipl20,101302,1254070,1st innings,0,40,94/6,0,0,80,13.2,4,0,0,False,,447587,Jayant Yadav,Mumbai Indians,325012,Marcus Stoinis,Delhi Capitals,,,720471,Ishan Kishan,4,7.05
ipl20,101303,1254070,1st innings,0,39,94/6,0,0,81,13.3,0,0,0,False,,447587,Jayant Yadav,Mumbai Indians,325012,Marcus Stoinis,Delhi Capitals,,,720471,Ishan Kishan,0,6.96
ipl20,101304,1254070,1st innings,0,38,95/6,0,0,82,13.4,1,0,0,False,,447587,Jayant Yadav,Mumbai Indians,325012,Marcus Stoinis,Delhi Capitals,,,720471,Ishan Kishan,1,6.95
ipl20,101305,1254070,1st innings,0,37,96/6,0,0,83,13.5,1,0,0,False,,720471,Ishan Kishan,Mumbai Indians,325012,Marcus Stoinis,Delhi Capitals,,,447587,Jayant Yadav,1,6.93
ipl20,101306,1254070,1st innings,0,36,96/6,0,0,84,13.6,0,0,0,False,,447587,Jayant Yadav,Mumbai Indians,325012,Marcus Stoinis,Delhi Capitals,,,720471,Ishan Kishan,0,6.85
ipl20,101401,1254070,1st innings,0,35,97/6,0,0,85,14.1,1,0,0,False,,720471,Ishan Kishan,Mumbai Indians,930189,Lalit Yadav,Delhi Capitals,,,447587,Jayant Yadav,1,6.84
ipl20,101402,1254070,1st innings,0,34,98/6,0,0,86,14.2,1,0,0,False,,447587,Jayant Yadav,Mumbai Indians,930189,Lalit Yadav,Delhi Capitals,,,720471,Ishan Kishan,1,6.83
ipl20,101403,1254070,1st innings,0,33,99/6,0,0,87,14.3,1,0,0,False,,720471,Ishan Kishan,Mumbai Indians,930189,Lalit Yadav,Delhi Capitals,,,447587,Jayant Yadav,1,6.82
ipl20,101404,1254070,1st innings,0,32,100/6,0,0,88,14.4,1,0,0,False,,447587,Jayant Yadav,Mumbai Indians,930189,Lalit Yadav,Delhi Capitals,,,720471,Ishan Kishan,1,6.81
ipl20,101405,1254070,1st innings,0,31,100/6,0,0,89,14.5,0,0,0,False,,720471,Ishan Kishan,Mumbai Indians,930189,Lalit Yadav,Delhi Capitals,,,447587,Jayant Yadav,0,6.74
ipl20,101406,1254070,1st innings,0,30,101/6,0,0,90,14.6,1,0,0,False,,720471,Ishan Kishan,Mumbai Indians,930189,Lalit Yadav,Delhi Capitals,,,447587,Jayant Yadav,1,6.73
ipl20,101501,1254070,1st innings,0,29,107/6,0,0,91,15.1,6,0,0,False,,720471,Ishan Kishan,Mumbai Indians,26421,Ravichandran Ashwin,Delhi Capitals,,,447587,Jayant Yadav,6,7.05
ipl20,101502,1254070,1st innings,0,28,107/6,0,0,92,15.2,0,0,0,False,,720471,Ishan Kishan,Mumbai Indians,26421,Ravichandran Ashwin,Delhi Capitals,,,447587,Jayant Yadav,0,6.97
ipl20,101503,1254070,1st innings,0,27,108/6,0,0,93,15.3,1,0,0,False,,720471,Ishan Kishan,Mumbai Indians,26421,Ravichandran Ashwin,Delhi Capitals,,,447587,Jayant Yadav,1,6.96
ipl20,101504,1254070,1st innings,0,26,110/6,0,0,94,15.4,2,0,0,False,,447587,Jayant Yadav,Mumbai Indians,26421,Ravichandran Ashwin,Delhi Capitals,,,720471,Ishan Kishan,2,7.02
ipl20,101505,1254070,1st innings,0,25,112/6,0,0,95,15.5,2,0,0,False,,447587,Jayant Yadav,Mumbai Indians,26421,Ravichandran Ashwin,Delhi Capitals,,,720471,Ishan Kishan,2,7.07
ipl20,101506,1254070,1st innings,0,24,114/6,0,0,96,15.6,2,0,0,False,,447587,Jayant Yadav,Mumbai Indians,26421,Ravichandran Ashwin,Delhi Capitals,,,720471,Ishan Kishan,2,7.12
ipl20,101601,1254070,1st innings,0,23,114/6,0,0,97,16.1,0,0,0,False,,720471,Ishan Kishan,Mumbai Indians,550215,Kagiso Rabada,Delhi Capitals,,,447587,Jayant Yadav,0,7.05
ipl20,101602,1254070,1st innings,0,22,118/6,0,0,98,16.2,4,0,0,False,,720471,Ishan Kishan,Mumbai Indians,550215,Kagiso Rabada,Delhi Capitals,,,447587,Jayant Yadav,4,7.22
ipl20,101603,1254070,1st innings,0,21,119/6,0,0,99,16.3,1,0,0,False,,720471,Ishan Kishan,Mumbai Indians,550215,Kagiso Rabada,Delhi Capitals,,,447587,Jayant Yadav,1,7.21
ipl20,101604,1254070,1st innings,0,20,119/6,0,0,100,16.4,0,0,0,False,,447587,Jayant Yadav,Mumbai Indians,550215,Kagiso Rabada,Delhi Capitals,,,720471,Ishan Kishan,0,7.14
ipl20,101605,1254070,1st innings,0,19,119/6,0,0,101,16.5,0,0,0,False,,447587,Jayant Yadav,Mumbai Indians,550215,Kagiso Rabada,Delhi Capitals,,,720471,Ishan Kishan,0,7.06
ipl20,101606,1254070,1st innings,0,18,120/6,0,0,102,16.6,1,0,0,False,,447587,Jayant Yadav,Mumbai Indians,550215,Kagiso Rabada,Delhi Capitals,,,720471,Ishan Kishan,1,7.05
ipl20,101701,1254070,1st innings,0,17,122/6,0,0,103,17.1,2,0,0,False,,447587,Jayant Yadav,Mumbai Indians,31107,Amit Mishra,Delhi Capitals,,,720471,Ishan Kishan,2,7.1
ipl20,101702,1254070,1st innings,0,16,123/6,0,0,104,17.2,1,0,0,False,,447587,Jayant Yadav,Mumbai Indians,31107,Amit Mishra,Delhi Capitals,,,720471,Ishan Kishan,1,7.09
ipl20,101703,1254070,1st innings,0,15,123/7,0,7,105,17.3,0,0,0,True,bowled,720471,Ishan Kishan,Mumbai Indians,31107,Amit Mishra,Delhi Capitals,31107,Amit Mishra,447587,Jayant Yadav,0,7.02
ipl20,101704,1254070,1st innings,0,14,123/7,0,0,106,17.4,0,0,0,False,,1064812,Rahul Chahar,Mumbai Indians,31107,Amit Mishra,Delhi Capitals,,,447587,Jayant Yadav,0,6.96
ipl20,101705,1254070,1st innings,0,13,124/7,0,0,107,17.5,1,0,0,False,,1064812,Rahul Chahar,Mumbai Indians,31107,Amit Mishra,Delhi Capitals,,,447587,Jayant Yadav,1,6.95
ipl20,101706,1254070,1st innings,0,12,125/7,0,0,108,17.6,1,0,0,False,,447587,Jayant Yadav,Mumbai Indians,31107,Amit Mishra,Delhi Capitals,,,1064812,Rahul Chahar,1,6.94
ipl20,101801,1254070,1st innings,0,11,127/7,0,0,109,18.1,2,0,0,False,,447587,Jayant Yadav,Mumbai Indians,550215,Kagiso Rabada,Delhi Capitals,,,1064812,Rahul Chahar,2,6.99
ipl20,101802,1254070,1st innings,0,10,128/7,0,0,110,18.2,1,0,0,False,,447587,Jayant Yadav,Mumbai Indians,550215,Kagiso Rabada,Delhi Capitals,,,1064812,Rahul Chahar,1,6.98
ipl20,101803,1254070,1st innings,0,9,129/7,0,0,111,18.3,1,0,0,False,,1064812,Rahul Chahar,Mumbai Indians,550215,Kagiso Rabada,Delhi Capitals,,,447587,Jayant Yadav,1,6.97
ipl20,101804,1254070,1st innings,0,8,129/7,0,0,112,18.4,0,0,0,False,,447587,Jayant Yadav,Mumbai Indians,550215,Kagiso Rabada,Delhi Capitals,,,1064812,Rahul Chahar,0,6.91
ipl20,101805,1254070,1st innings,0,7,129/8,0,8,113,18.5,0,0,0,True,caught,447587,Jayant Yadav,Mumbai Indians,550215,Kagiso Rabada,Delhi Capitals,447587,Jayant Yadav,1064812,Rahul Chahar,0,6.84
ipl20,101806,1254070,1st innings,0,6,130/8,0,0,114,18.6,1,0,0,False,,625383,Jasprit Bumrah,Mumbai Indians,550215,Kagiso Rabada,Delhi Capitals,,,1064812,Rahul Chahar,1,6.84
ipl20,101901,1254070,1st innings,0,5,131/8,0,0,115,19.1,1,0,0,False,,625383,Jasprit Bumrah,Mumbai Indians,694211,Avesh Khan,Delhi Capitals,,,1064812,Rahul Chahar,1,6.83
ipl20,101902,1254070,1st innings,0,4,135/8,0,0,116,19.2,4,0,0,False,,1064812,Rahul Chahar,Mumbai Indians,694211,Avesh Khan,Delhi Capitals,,,625383,Jasprit Bumrah,4,6.98
ipl20,101903,1254070,1st innings,0,3,135/8,0,0,117,19.3,0,0,0,False,,1064812,Rahul Chahar,Mumbai Indians,694211,Avesh Khan,Delhi Capitals,,,625383,Jasprit Bumrah,0,6.92
ipl20,101904,1254070,1st innings,0,2,135/9,0,9,118,19.4,0,0,0,True,caught,1064812,Rahul Chahar,Mumbai Indians,694211,Avesh Khan,Delhi Capitals,694211,Avesh Khan,625383,Jasprit Bumrah,0,6.86
ipl20,101905,1254070,1st innings,0,1,136/9,0,0,119,19.5,1,0,0,False,,277912,Trent Boult,Mumbai Indians,694211,Avesh Khan,Delhi Capitals,,,625383,Jasprit Bumrah,1,6.85
ipl20,101906,1254070,1st innings,0,0,137/9,0,0,120,19.6,1,0,0,False,,625383,Jasprit Bumrah,Mumbai Indians,694211,Avesh Khan,Delhi Capitals,,,277912,Trent Boult,1,6.85
ipl20,200001,1254070,2nd innings,138,119,0,0/0,0,1,0.1,0,0,0,False,,1070168,Prithvi Shaw,Delhi Capitals,277912,Trent Boult,Mumbai Indians,,,28235,Shikhar Dhawan,0,0.0
ipl20,200002,1254070,2nd innings,138,118,0,1/0,0,2,0.2,1,0,0,False,,1070168,Prithvi Shaw,Delhi Capitals,277912,Trent Boult,Mumbai Indians,,,28235,Shikhar Dhawan,1,3.0
ipl20,200003,1254070,2nd innings,138,117,0,5/0,0,3,0.3,4,0,0,False,,28235,Shikhar Dhawan,Delhi Capitals,277912,Trent Boult,Mumbai Indians,,,1070168,Prithvi Shaw,4,10.0
ipl20,200004,1254070,2nd innings,138,116,0,5/0,0,4,0.4,0,0,0,False,,28235,Shikhar Dhawan,Delhi Capitals,277912,Trent Boult,Mumbai Indians,,,1070168,Prithvi Shaw,0,7.5
ipl20,200005,1254070,2nd innings,138,115,0,5/0,0,5,0.5,0,0,0,False,,28235,Shikhar Dhawan,Delhi Capitals,277912,Trent Boult,Mumbai Indians,,,1070168,Prithvi Shaw,0,6.0
ipl20,200006,1254070,2nd innings,138,114,0,5/0,0,6,0.6,0,0,0,False,,28235,Shikhar Dhawan,Delhi Capitals,277912,Trent Boult,Mumbai Indians,,,1070168,Prithvi Shaw,0,5.0
ipl20,200101,1254070,2nd innings,138,113,0,7/0,0,7,1.1,2,0,0,False,,1070168,Prithvi Shaw,Delhi Capitals,447587,Jayant Yadav,Mumbai Indians,,,28235,Shikhar Dhawan,2,6.0
ipl20,200102,1254070,2nd innings,138,112,0,11/0,0,8,1.2,4,0,0,False,,1070168,Prithvi Shaw,Delhi Capitals,447587,Jayant Yadav,Mumbai Indians,,,28235,Shikhar Dhawan,4,8.25
ipl20,200103,1254070,2nd innings,138,111,0,11/1,1,9,1.3,0,0,0,True,caught,1070168,Prithvi Shaw,Delhi Capitals,447587,Jayant Yadav,Mumbai Indians,447587,Jayant Yadav,28235,Shikhar Dhawan,0,7.33
ipl20,200104,1254070,2nd innings,138,110,0,11/1,0,10,1.4,0,0,0,False,,267192,Steven Smith,Delhi Capitals,447587,Jayant Yadav,Mumbai Indians,,,28235,Shikhar Dhawan,0,6.6
ipl20,200105,1254070,2nd innings,138,109,0,12/1,0,11,1.5,1,0,0,False,,267192,Steven Smith,Delhi Capitals,447587,Jayant Yadav,Mumbai Indians,,,28235,Shikhar Dhawan,1,6.54
ipl20,200106,1254070,2nd innings,138,108,0,16/1,0,12,1.6,4,0,0,False,,28235,Shikhar Dhawan,Delhi Capitals,447587,Jayant Yadav,Mumbai Indians,,,267192,Steven Smith,4,8.0
ipl20,200201,1254070,2nd innings,138,107,0,16/1,0,13,2.1,0,0,0,False,,267192,Steven Smith,Delhi Capitals,277912,Trent Boult,Mumbai Indians,,,28235,Shikhar Dhawan,0,7.38
ipl20,200202,1254070,2nd innings,138,106,0,20/1,0,14,2.2,4,0,0,False,,267192,Steven Smith,Delhi Capitals,277912,Trent Boult,Mumbai Indians,,,28235,Shikhar Dhawan,4,8.57
ipl20,200203,1254070,2nd innings,138,105,0,20/1,0,15,2.3,0,0,0,False,,267192,Steven Smith,Delhi Capitals,277912,Trent Boult,Mumbai Indians,,,28235,Shikhar Dhawan,0,8.0
ipl20,200204,1254070,2nd innings,138,104,0,21/1,0,16,2.4,1,0,0,False,,267192,Steven Smith,Delhi Capitals,277912,Trent Boult,Mumbai Indians,,,28235,Shikhar Dhawan,1,7.87
ipl20,200205,1254070,2nd innings,138,103,0,22/1,0,17,2.5,1,0,1,False,,28235,Shikhar Dhawan,Delhi Capitals,277912,Trent Boult,Mumbai Indians,,,267192,Steven Smith,1,7.76
ipl20,200206,1254070,2nd innings,138,102,0,22/1,0,18,2.6,0,0,0,False,,267192,Steven Smith,Delhi Capitals,277912,Trent Boult,Mumbai Indians,,,28235,Shikhar Dhawan,0,7.33
ipl20,200301,1254070,2nd innings,138,101,0,23/1,0,19,3.1,1,0,0,False,,28235,Shikhar Dhawan,Delhi Capitals,447587,Jayant Yadav,Mumbai Indians,,,267192,Steven Smith,1,7.26
ipl20,200302,1254070,2nd innings,138,100,0,23/1,0,20,3.2,0,0,0,False,,267192,Steven Smith,Delhi Capitals,447587,Jayant Yadav,Mumbai Indians,,,28235,Shikhar Dhawan,0,6.9
ipl20,200303,1254070,2nd innings,138,99,0,23/1,0,21,3.3,0,0,0,False,,267192,Steven Smith,Delhi Capitals,447587,Jayant Yadav,Mumbai Indians,,,28235,Shikhar Dhawan,0,6.57
ipl20,200304,1254070,2nd innings,138,98,0,23/1,0,22,3.4,0,0,0,False,,267192,Steven Smith,Delhi Capitals,447587,Jayant Yadav,Mumbai Indians,,,28235,Shikhar Dhawan,0,6.27
ipl20,200305,1254070,2nd innings,138,97,0,27/1,0,23,3.5,4,0,0,False,,267192,Steven Smith,Delhi Capitals,447587,Jayant Yadav,Mumbai Indians,,,28235,Shikhar Dhawan,4,7.04
ipl20,200306,1254070,2nd innings,138,96,0,28/1,0,24,3.6,1,0,0,False,,267192,Steven Smith,Delhi Capitals,447587,Jayant Yadav,Mumbai Indians,,,28235,Shikhar Dhawan,1,7.0
ipl20,200401,1254070,2nd innings,138,95,0,28/1,0,25,4.1,0,0,0,False,,267192,Steven Smith,Delhi Capitals,625383,Jasprit Bumrah,Mumbai Indians,,,28235,Shikhar Dhawan,0,6.72
ipl20,200402,1254070,2nd innings,138,94,0,29/1,0,26,4.2,1,0,0,False,,267192,Steven Smith,Delhi Capitals,625383,Jasprit Bumrah,Mumbai Indians,,,28235,Shikhar Dhawan,1,6.69
ipl20,200403,1254070,2nd innings,138,93,0,29/1,0,27,4.3,0,0,0,False,,28235,Shikhar Dhawan,Delhi Capitals,625383,Jasprit Bumrah,Mumbai Indians,,,267192,Steven Smith,0,6.44
ipl20,200404,1254070,2nd innings,138,92,0,30/1,0,28,4.4,1,0,0,False,,28235,Shikhar Dhawan,Delhi Capitals,625383,Jasprit Bumrah,Mumbai Indians,,,267192,Steven Smith,1,6.42
ipl20,200405,1254070,2nd innings,138,91,0,32/1,0,29,4.5,2,0,0,False,,267192,Steven Smith,Delhi Capitals,625383,Jasprit Bumrah,Mumbai Indians,,,28235,Shikhar Dhawan,2,6.62
ipl20,200406,1254070,2nd innings,138,91,0,34/1,0,29,4.5,2,2,2,False,,267192,Steven Smith,Delhi Capitals,625383,Jasprit Bumrah,Mumbai Indians,,,28235,Shikhar Dhawan,2,7.03
ipl20,200407,1254070,2nd innings,138,90,0,34/1,0,30,4.6,0,0,0,False,,28235,Shikhar Dhawan,Delhi Capitals,625383,Jasprit Bumrah,Mumbai Indians,,,267192,Steven Smith,0,6.8
ipl20,200501,1254070,2nd innings,138,89,0,35/1,0,31,5.1,1,0,0,False,,267192,Steven Smith,Delhi Capitals,471342,Krunal Pandya,Mumbai Indians,,,28235,Shikhar Dhawan,1,6.77
ipl20,200502,1254070,2nd innings,138,88,0,36/1,0,32,5.2,1,0,0,False,,28235,Shikhar Dhawan,Delhi Capitals,471342,Krunal Pandya,Mumbai Indians,,,267192,Steven Smith,1,6.75
ipl20,200503,1254070,2nd innings,138,87,0,37/1,0,33,5.3,1,0,0,False,,267192,Steven Smith,Delhi Capitals,471342,Krunal Pandya,Mumbai Indians,,,28235,Shikhar Dhawan,1,6.72
ipl20,200504,1254070,2nd innings,138,86,0,37/1,0,34,5.4,0,0,0,False,,28235,Shikhar Dhawan,Delhi Capitals,471342,Krunal Pandya,Mumbai Indians,,,267192,Steven Smith,0,6.52
ipl20,200505,1254070,2nd innings,138,85,0,38/1,0,35,5.5,1,0,0,False,,28235,Shikhar Dhawan,Delhi Capitals,471342,Krunal Pandya,Mumbai Indians,,,267192,Steven Smith,1,6.51
ipl20,200506,1254070,2nd innings,138,84,0,39/1,0,36,5.6,1,0,0,False,,267192,Steven Smith,Delhi Capitals,471342,Krunal Pandya,Mumbai Indians,,,28235,Shikhar Dhawan,1,6.5
ipl20,200601,1254070,2nd innings,138,83,0,40/1,0,37,6.1,1,0,0,False,,267192,Steven Smith,Delhi Capitals,1064812,Rahul Chahar,Mumbai Indians,,,28235,Shikhar Dhawan,1,6.48
ipl20,200602,1254070,2nd innings,138,82,0,41/1,0,38,6.2,1,0,0,False,,28235,Shikhar Dhawan,Delhi Capitals,1064812,Rahul Chahar,Mumbai Indians,,,267192,Steven Smith,1,6.47
ipl20,200603,1254070,2nd innings,138,81,0,43/1,0,39,6.3,2,0,0,False,,267192,Steven Smith,Delhi Capitals,1064812,Rahul Chahar,Mumbai Indians,,,28235,Shikhar Dhawan,2,6.61
ipl20,200604,1254070,2nd innings,138,80,0,44/1,0,40,6.4,1,0,0,False,,267192,Steven Smith,Delhi Capitals,1064812,Rahul Chahar,Mumbai Indians,,,28235,Shikhar Dhawan,1,6.6
ipl20,200605,1254070,2nd innings,138,79,0,46/1,0,41,6.5,2,0,0,False,,28235,Shikhar Dhawan,Delhi Capitals,1064812,Rahul Chahar,Mumbai Indians,,,267192,Steven Smith,2,6.73
ipl20,200606,1254070,2nd innings,138,78,0,47/1,0,42,6.6,1,0,1,False,,28235,Shikhar Dhawan,Delhi Capitals,1064812,Rahul Chahar,Mumbai Indians,,,267192,Steven Smith,1,6.71
ipl20,200701,1254070,2nd innings,138,77,0,47/1,0,43,7.1,0,0,0,False,,28235,Shikhar Dhawan,Delhi Capitals,447587,Jayant Yadav,Mumbai Indians,,,267192,Steven Smith,0,6.55
ipl20,200702,1254070,2nd innings,138,76,0,47/1,0,44,7.2,0,0,0,False,,28235,Shikhar Dhawan,Delhi Capitals,447587,Jayant Yadav,Mumbai Indians,,,267192,Steven Smith,0,6.4
ipl20,200703,1254070,2nd innings,138,75,0,49/1,0,45,7.3,2,0,0,False,,28235,Shikhar Dhawan,Delhi Capitals,447587,Jayant Yadav,Mumbai Indians,,,267192,Steven Smith,2,6.53
ipl20,200704,1254070,2nd innings,138,74,0,50/1,0,46,7.4,1,0,0,False,,28235,Shikhar Dhawan,Delhi Capitals,447587,Jayant Yadav,Mumbai Indians,,,267192,Steven Smith,1,6.52
ipl20,200705,1254070,2nd innings,138,73,0,51/1,0,47,7.5,1,0,0,False,,267192,Steven Smith,Delhi Capitals,447587,Jayant Yadav,Mumbai Indians,,,28235,Shikhar Dhawan,1,6.51
ipl20,200706,1254070,2nd innings,138,72,0,52/1,0,48,7.6,1,0,0,False,,28235,Shikhar Dhawan,Delhi Capitals,447587,Jayant Yadav,Mumbai Indians,,,267192,Steven Smith,1,6.5
ipl20,200801,1254070,2nd innings,138,71,0,53/1,0,49,8.1,1,0,0,False,,28235,Shikhar Dhawan,Delhi Capitals,471342,Krunal Pandya,Mumbai Indians,,,267192,Steven Smith,1,6.48
ipl20,200802,1254070,2nd innings,138,70,0,57/1,0,50,8.2,4,0,0,False,,267192,Steven Smith,Delhi Capitals,471342,Krunal Pandya,Mumbai Indians,,,28235,Shikhar Dhawan,4,6.84
ipl20,200803,1254070,2nd innings,138,69,0,57/1,0,51,8.3,0,0,0,False,,267192,Steven Smith,Delhi Capitals,471342,Krunal Pandya,Mumbai Indians,,,28235,Shikhar Dhawan,0,6.7
ipl20,200804,1254070,2nd innings,138,68,0,61/1,0,52,8.4,4,0,0,False,,267192,Steven Smith,Delhi Capitals,471342,Krunal Pandya,Mumbai Indians,,,28235,Shikhar Dhawan,4,7.03
ipl20,200805,1254070,2nd innings,138,67,0,63/1,0,53,8.5,2,0,0,False,,267192,Steven Smith,Delhi Capitals,471342,Krunal Pandya,Mumbai Indians,,,28235,Shikhar Dhawan,2,7.13
ipl20,200806,1254070,2nd innings,138,66,0,64/1,0,54,8.6,1,0,0,False,,267192,Steven Smith,Delhi Capitals,471342,Krunal Pandya,Mumbai Indians,,,28235,Shikhar Dhawan,1,7.11
ipl20,200901,1254070,2nd innings,138,65,0,64/1,0,55,9.1,0,0,0,False,,267192,Steven Smith,Delhi Capitals,230559,Kieron Pollard,Mumbai Indians,,,28235,Shikhar Dhawan,0,6.98
ipl20,200902,1254070,2nd innings,138,64,0,64/2,2,56,9.2,0,0,0,True,leg before wicket,267192,Steven Smith,Delhi Capitals,230559,Kieron Pollard,Mumbai Indians,230559,Kieron Pollard,28235,Shikhar Dhawan,0,6.85
ipl20,200903,1254070,2nd innings,138,63,0,66/2,0,57,9.3,2,0,0,False,,930189,Lalit Yadav,Delhi Capitals,230559,Kieron Pollard,Mumbai Indians,,,28235,Shikhar Dhawan,2,6.94
ipl20,200904,1254070,2nd innings,138,62,0,67/2,0,58,9.4,1,0,0,False,,930189,Lalit Yadav,Delhi Capitals,230559,Kieron Pollard,Mumbai Indians,,,28235,Shikhar Dhawan,1,6.93
ipl20,200905,1254070,2nd innings,138,61,0,67/2,0,59,9.5,0,0,0,False,,28235,Shikhar Dhawan,Delhi Capitals,230559,Kieron Pollard,Mumbai Indians,,,930189,Lalit Yadav,0,6.81
ipl20,200906,1254070,2nd innings,138,60,0,68/2,0,60,9.6,1,0,0,False,,28235,Shikhar Dhawan,Delhi Capitals,230559,Kieron Pollard,Mumbai Indians,,,930189,Lalit Yadav,1,6.8
ipl20,201001,1254070,2nd innings,138,59,0,72/2,0,61,10.1,4,0,0,False,,28235,Shikhar Dhawan,Delhi Capitals,1064812,Rahul Chahar,Mumbai Indians,,,930189,Lalit Yadav,4,7.08
ipl20,201002,1254070,2nd innings,138,58,0,73/2,0,62,10.2,1,0,0,False,,28235,Shikhar Dhawan,Delhi Capitals,1064812,Rahul Chahar,Mumbai Indians,,,930189,Lalit Yadav,1,7.06
ipl20,201003,1254070,2nd innings,138,57,0,73/2,0,63,10.3,0,0,0,False,,930189,Lalit Yadav,Delhi Capitals,1064812,Rahul Chahar,Mumbai Indians,,,28235,Shikhar Dhawan,0,6.95
ipl20,201004,1254070,2nd innings,138,56,0,74/2,0,64,10.4,1,0,0,False,,930189,Lalit Yadav,Delhi Capitals,1064812,Rahul Chahar,Mumbai Indians,,,28235,Shikhar Dhawan,1,6.93
ipl20,201005,1254070,2nd innings,138,55,0,75/2,0,65,10.5,1,0,0,False,,28235,Shikhar Dhawan,Delhi Capitals,1064812,Rahul Chahar,Mumbai Indians,,,930189,Lalit Yadav,1,6.92
ipl20,201006,1254070,2nd innings,138,54,0,76/2,0,66,10.6,1,0,0,False,,930189,Lalit Yadav,Delhi Capitals,1064812,Rahul Chahar,Mumbai Indians,,,28235,Shikhar Dhawan,1,6.9
ipl20,201101,1254070,2nd innings,138,53,0,77/2,0,67,11.1,1,0,0,False,,930189,Lalit Yadav,Delhi Capitals,625383,Jasprit Bumrah,Mumbai Indians,,,28235,Shikhar Dhawan,1,6.89
ipl20,201102,1254070,2nd innings,138,52,0,81/2,0,68,11.2,4,0,0,False,,28235,Shikhar Dhawan,Delhi Capitals,625383,Jasprit Bumrah,Mumbai Indians,,,930189,Lalit Yadav,4,7.14
ipl20,201103,1254070,2nd innings,138,51,0,82/2,0,69,11.3,1,0,0,False,,28235,Shikhar Dhawan,Delhi Capitals,625383,Jasprit Bumrah,Mumbai Indians,,,930189,Lalit Yadav,1,7.13
ipl20,201104,1254070,2nd innings,138,50,0,83/2,0,70,11.4,1,0,0,False,,930189,Lalit Yadav,Delhi Capitals,625383,Jasprit Bumrah,Mumbai Indians,,,28235,Shikhar Dhawan,1,7.11
ipl20,201105,1254070,2nd innings,138,49,0,83/2,0,71,11.5,0,0,0,False,,28235,Shikhar Dhawan,Delhi Capitals,625383,Jasprit Bumrah,Mumbai Indians,,,930189,Lalit Yadav,0,7.01
ipl20,201106,1254070,2nd innings,138,48,0,83/2,0,72,11.6,0,0,0,False,,28235,Shikhar Dhawan,Delhi Capitals,625383,Jasprit Bumrah,Mumbai Indians,,,930189,Lalit Yadav,0,6.91
ipl20,201201,1254070,2nd innings,138,47,0,84/2,0,73,12.1,1,0,0,False,,930189,Lalit Yadav,Delhi Capitals,1064812,Rahul Chahar,Mumbai Indians,,,28235,Shikhar Dhawan,1,6.9
ipl20,201202,1254070,2nd innings,138,46,0,84/2,0,74,12.2,0,0,0,False,,28235,Shikhar Dhawan,Delhi Capitals,1064812,Rahul Chahar,Mumbai Indians,,,930189,Lalit Yadav,0,6.81
ipl20,201203,1254070,2nd innings,138,45,0,85/2,0,75,12.3,1,0,0,False,,28235,Shikhar Dhawan,Delhi Capitals,1064812,Rahul Chahar,Mumbai Indians,,,930189,Lalit Yadav,1,6.8
ipl20,201204,1254070,2nd innings,138,44,0,85/2,0,76,12.4,0,0,0,False,,930189,Lalit Yadav,Delhi Capitals,1064812,Rahul Chahar,Mumbai Indians,,,28235,Shikhar Dhawan,0,6.71
ipl20,201205,1254070,2nd innings,138,43,0,85/2,0,77,12.5,0,0,0,False,,930189,Lalit Yadav,Delhi Capitals,1064812,Rahul Chahar,Mumbai Indians,,,28235,Shikhar Dhawan,0,6.62
ipl20,201206,1254070,2nd innings,138,42,0,86/2,0,78,12.6,1,0,0,False,,930189,Lalit Yadav,Delhi Capitals,1064812,Rahul Chahar,Mumbai Indians,,,28235,Shikhar Dhawan,1,6.61
ipl20,201301,1254070,2nd innings,138,41,0,87/2,0,79,13.1,1,0,1,False,,930189,Lalit Yadav,Delhi Capitals,447587,Jayant Yadav,Mumbai Indians,,,28235,Shikhar Dhawan,1,6.6
ipl20,201302,1254070,2nd innings,138,40,0,88/2,0,80,13.2,1,0,0,False,,28235,Shikhar Dhawan,Delhi Capitals,447587,Jayant Yadav,Mumbai Indians,,,930189,Lalit Yadav,1,6.6
ipl20,201303,1254070,2nd innings,138,39,0,89/2,0,81,13.3,1,0,0,False,,930189,Lalit Yadav,Delhi Capitals,447587,Jayant Yadav,Mumbai Indians,,,28235,Shikhar Dhawan,1,6.59
ipl20,201304,1254070,2nd innings,138,38,0,89/2,0,82,13.4,0,0,0,False,,28235,Shikhar Dhawan,Delhi Capitals,447587,Jayant Yadav,Mumbai Indians,,,930189,Lalit Yadav,0,6.51
ipl20,201305,1254070,2nd innings,138,37,0,89/2,0,83,13.5,0,0,0,False,,28235,Shikhar Dhawan,Delhi Capitals,447587,Jayant Yadav,Mumbai Indians,,,930189,Lalit Yadav,0,6.43
ipl20,201306,1254070,2nd innings,138,36,0,90/2,0,84,13.6,1,0,0,False,,28235,Shikhar Dhawan,Delhi Capitals,447587,Jayant Yadav,Mumbai Indians,,,930189,Lalit Yadav,1,6.42
ipl20,201401,1254070,2nd innings,138,35,0,96/2,0,85,14.1,6,0,0,False,,28235,Shikhar Dhawan,Delhi Capitals,1064812,Rahul Chahar,Mumbai Indians,,,930189,Lalit Yadav,6,6.77
ipl20,201402,1254070,2nd innings,138,34,0,100/2,0,86,14.2,4,0,0,False,,28235,Shikhar Dhawan,Delhi Capitals,1064812,Rahul Chahar,Mumbai Indians,,,930189,Lalit Yadav,4,6.97
ipl20,201403,1254070,2nd innings,138,33,0,100/2,0,87,14.3,0,0,0,False,,28235,Shikhar Dhawan,Delhi Capitals,1064812,Rahul Chahar,Mumbai Indians,,,930189,Lalit Yadav,0,6.89
ipl20,201404,1254070,2nd innings,138,32,0,100/2,0,88,14.4,0,0,0,False,,28235,Shikhar Dhawan,Delhi Capitals,1064812,Rahul Chahar,Mumbai Indians,,,930189,Lalit Yadav,0,6.81
ipl20,201405,1254070,2nd innings,138,31,0,100/3,3,89,14.5,0,0,0,True,caught,28235,Shikhar Dhawan,Delhi Capitals,1064812,Rahul Chahar,Mumbai Indians,28235,Shikhar Dhawan,930189,Lalit Yadav,0,6.74
ipl20,201406,1254070,2nd innings,138,31,0,101/3,0,89,14.5,1,1,1,False,,930189,Lalit Yadav,Delhi Capitals,1064812,Rahul Chahar,Mumbai Indians,,,931581,Rishabh Pant,1,6.8
ipl20,201407,1254070,2nd innings,138,30,0,101/3,0,90,14.6,0,0,0,False,,930189,Lalit Yadav,Delhi Capitals,1064812,Rahul Chahar,Mumbai Indians,,,931581,Rishabh Pant,0,6.73
ipl20,201501,1254070,2nd innings,138,29,0,101/3,0,91,15.1,0,0,0,False,,931581,Rishabh Pant,Delhi Capitals,277912,Trent Boult,Mumbai Indians,,,930189,Lalit Yadav,0,6.65
ipl20,201502,1254070,2nd innings,138,28,0,101/3,0,92,15.2,0,0,0,False,,931581,Rishabh Pant,Delhi Capitals,277912,Trent Boult,Mumbai Indians,,,930189,Lalit Yadav,0,6.58
ipl20,201503,1254070,2nd innings,138,27,0,101/3,0,93,15.3,0,0,0,False,,931581,Rishabh Pant,Delhi Capitals,277912,Trent Boult,Mumbai Indians,,,930189,Lalit Yadav,0,6.51
ipl20,201504,1254070,2nd innings,138,26,0,105/3,0,94,15.4,4,0,0,False,,931581,Rishabh Pant,Delhi Capitals,277912,Trent Boult,Mumbai Indians,,,930189,Lalit Yadav,4,6.7
ipl20,201505,1254070,2nd innings,138,25,0,106/3,0,95,15.5,1,0,0,False,,931581,Rishabh Pant,Delhi Capitals,277912,Trent Boult,Mumbai Indians,,,930189,Lalit Yadav,1,6.69
ipl20,201506,1254070,2nd innings,138,24,0,107/3,0,96,15.6,1,0,0,False,,930189,Lalit Yadav,Delhi Capitals,277912,Trent Boult,Mumbai Indians,,,931581,Rishabh Pant,1,6.68
ipl20,201601,1254070,2nd innings,138,23,0,111/3,0,97,16.1,4,0,0,False,,930189,Lalit Yadav,Delhi Capitals,625383,Jasprit Bumrah,Mumbai Indians,,,931581,Rishabh Pant,4,6.86
ipl20,201602,1254070,2nd innings,138,22,0,112/3,0,98,16.2,1,0,0,False,,930189,Lalit Yadav,Delhi Capitals,625383,Jasprit Bumrah,Mumbai Indians,,,931581,Rishabh Pant,1,6.85
ipl20,201603,1254070,2nd innings,138,22,0,113/3,0,98,16.2,1,1,1,False,,931581,Rishabh Pant,Delhi Capitals,625383,Jasprit Bumrah,Mumbai Indians,,,930189,Lalit Yadav,1,6.91
ipl20,201604,1254070,2nd innings,138,21,0,115/3,0,99,16.3,2,0,0,False,,931581,Rishabh Pant,Delhi Capitals,625383,Jasprit Bumrah,Mumbai Indians,,,930189,Lalit Yadav,2,6.96
ipl20,201605,1254070,2nd innings,138,20,0,115/3,0,100,16.4,0,0,0,False,,931581,Rishabh Pant,Delhi Capitals,625383,Jasprit Bumrah,Mumbai Indians,,,930189,Lalit Yadav,0,6.9
ipl20,201606,1254070,2nd innings,138,19,0,115/4,4,101,16.5,0,0,0,True,caught,931581,Rishabh Pant,Delhi Capitals,625383,Jasprit Bumrah,Mumbai Indians,471342,Krunal Pandya,930189,Lalit Yadav,0,6.83
ipl20,201607,1254070,2nd innings,138,18,0,116/4,0,102,16.6,1,0,0,False,,930189,Lalit Yadav,Delhi Capitals,625383,Jasprit Bumrah,Mumbai Indians,,,670025,Shimron Hetmyer,1,6.82
ipl20,201701,1254070,2nd innings,138,17,0,116/4,0,103,17.1,0,0,0,False,,930189,Lalit Yadav,Delhi Capitals,277912,Trent Boult,Mumbai Indians,,,670025,Shimron Hetmyer,0,6.75
ipl20,201702,1254070,2nd innings,138,16,0,117/4,0,104,17.2,1,0,0,False,,930189,Lalit Yadav,Delhi Capitals,277912,Trent Boult,Mumbai Indians,,,670025,Shimron Hetmyer,1,6.75
ipl20,201703,1254070,2nd innings,138,15,0,121/4,0,105,17.3,4,0,0,False,,670025,Shimron Hetmyer,Delhi Capitals,277912,Trent Boult,Mumbai Indians,,,930189,Lalit Yadav,4,6.91
ipl20,201704,1254070,2nd innings,138,14,0,121/4,0,106,17.4,0,0,0,False,,670025,Shimron Hetmyer,Delhi Capitals,277912,Trent Boult,Mumbai Indians,,,930189,Lalit Yadav,0,6.84
ipl20,201705,1254070,2nd innings,138,13,0,122/4,0,107,17.5,1,0,0,False,,670025,Shimron Hetmyer,Delhi Capitals,277912,Trent Boult,Mumbai Indians,,,930189,Lalit Yadav,1,6.84
ipl20,201706,1254070,2nd innings,138,12,0,123/4,0,108,17.6,1,0,0,False,,930189,Lalit Yadav,Delhi Capitals,277912,Trent Boult,Mumbai Indians,,,670025,Shimron Hetmyer,1,6.83
ipl20,201801,1254070,2nd innings,138,12,0,124/4,0,108,18.0,1,1,1,False,,930189,Lalit Yadav,Delhi Capitals,625383,Jasprit Bumrah,Mumbai Indians,,,670025,Shimron Hetmyer,1,6.88
ipl20,201802,1254070,2nd innings,138,11,0,125/4,0,109,18.1,1,0,0,False,,930189,Lalit Yadav,Delhi Capitals,625383,Jasprit Bumrah,Mumbai Indians,,,670025,Shimron Hetmyer,1,6.88
ipl20,201803,1254070,2nd innings,138,10,0,126/4,0,110,18.2,1,0,0,False,,670025,Shimron Hetmyer,Delhi Capitals,625383,Jasprit Bumrah,Mumbai Indians,,,930189,Lalit Yadav,1,6.87
ipl20,201804,1254070,2nd innings,138,10,0,128/4,0,110,18.2,2,1,1,False,,930189,Lalit Yadav,Delhi Capitals,625383,Jasprit Bumrah,Mumbai Indians,,,670025,Shimron Hetmyer,2,6.98
ipl20,201805,1254070,2nd innings,138,9,0,129/4,0,111,18.3,1,0,0,False,,670025,Shimron Hetmyer,Delhi Capitals,625383,Jasprit Bumrah,Mumbai Indians,,,930189,Lalit Yadav,1,6.97
ipl20,201806,1254070,2nd innings,138,8,0,130/4,0,112,18.4,1,0,0,False,,930189,Lalit Yadav,Delhi Capitals,625383,Jasprit Bumrah,Mumbai Indians,,,670025,Shimron Hetmyer,1,6.96
ipl20,201807,1254070,2nd innings,138,7,0,132/4,0,113,18.5,2,0,0,False,,670025,Shimron Hetmyer,Delhi Capitals,625383,Jasprit Bumrah,Mumbai Indians,,,930189,Lalit Yadav,2,7.0
ipl20,201808,1254070,2nd innings,138,6,0,133/4,0,114,18.6,1,0,0,False,,670025,Shimron Hetmyer,Delhi Capitals,625383,Jasprit Bumrah,Mumbai Indians,,,930189,Lalit Yadav,1,7.0
ipl20,201901,1254070,2nd innings,138,5,0,137/4,0,115,19.1,4,0,0,False,,670025,Shimron Hetmyer,Delhi Capitals,230559,Kieron Pollard,Mumbai Indians,,,930189,Lalit Yadav,4,7.14
ipl20,201902,1254070,2nd innings,138,5,0,138/4,0,115,19.1,1,1,1,False,,670025,Shimron Hetmyer,Delhi Capitals,230559,Kieron Pollard,Mumbai Indians,,,930189,Lalit Yadav,1,7.2
