ipl_season,sequence,eventid,innings,target,remainingballs,homescore,awayscore,fallofwickets,ball,over,scorevalue,validball,extras,dismissal,dismissaltype,batsmanid,batsman,batsmanteam,bowlerid,bowler,bowlerteam,otherathleteinvolvedid,otherathleteinvolved,nonstrikerid,nonstriker,runs,runrate
ipl20,100001,1254068,1st innings,0,119,0/0,0,0,1,0.1,0,0,0,False,,422108,KL Rahul,Punjab Kings,247235,Chris Woakes,Delhi Capitals,,,398438,Mayank Agarwal,0,0.0
ipl20,100002,1254068,1st innings,0,118,0/0,0,0,2,0.2,0,0,0,False,,422108,KL Rahul,Punjab Kings,247235,Chris Woakes,Delhi Capitals,,,398438,Mayank Agarwal,0,0.0
ipl20,100003,1254068,1st innings,0,117,0/0,0,0,3,0.3,0,0,0,False,,422108,KL Rahul,Punjab Kings,247235,Chris Woakes,Delhi Capitals,,,398438,Mayank Agarwal,0,0.0
ipl20,100004,1254068,1st innings,0,116,4/0,0,0,4,0.4,4,0,0,False,,422108,KL Rahul,Punjab Kings,247235,Chris Woakes,Delhi Capitals,,,398438,Mayank Agarwal,4,6.0
ipl20,100005,1254068,1st innings,0,115,4/0,0,0,5,0.5,0,0,0,False,,422108,KL Rahul,Punjab Kings,247235,Chris Woakes,Delhi Capitals,,,398438,Mayank Agarwal,0,4.8
ipl20,100006,1254068,1st innings,0,114,5/0,0,0,6,0.6,1,0,0,False,,422108,KL Rahul,Punjab Kings,247235,Chris Woakes,Delhi Capitals,,,398438,Mayank Agarwal,1,5.0
ipl20,100101,1254068,1st innings,0,113,9/0,0,0,7,1.1,4,0,0,False,,422108,KL Rahul,Punjab Kings,573930,Lukman Meriwala,Delhi Capitals,,,398438,Mayank Agarwal,4,7.71
ipl20,100102,1254068,1st innings,0,112,10/0,0,0,8,1.2,1,0,0,False,,422108,KL Rahul,Punjab Kings,573930,Lukman Meriwala,Delhi Capitals,,,398438,Mayank Agarwal,1,7.5
ipl20,100103,1254068,1st innings,0,111,10/0,0,0,9,1.3,0,0,0,False,,398438,Mayank Agarwal,Punjab Kings,573930,Lukman Meriwala,Delhi Capitals,,,422108,KL Rahul,0,6.66
ipl20,100104,1254068,1st innings,0,111,15/0,0,0,9,1.3,5,1,1,False,,398438,Mayank Agarwal,Punjab Kings,573930,Lukman Meriwala,Delhi Capitals,,,422108,KL Rahul,5,10.0
ipl20,100105,1254068,1st innings,0,110,21/0,0,0,10,1.4,6,0,0,False,,398438,Mayank Agarwal,Punjab Kings,573930,Lukman Meriwala,Delhi Capitals,,,422108,KL Rahul,6,12.6
ipl20,100106,1254068,1st innings,0,109,21/0,0,0,11,1.5,0,0,0,False,,398438,Mayank Agarwal,Punjab Kings,573930,Lukman Meriwala,Delhi Capitals,,,422108,KL Rahul,0,11.45
ipl20,100107,1254068,1st innings,0,108,25/0,0,0,12,1.6,4,0,0,False,,398438,Mayank Agarwal,Punjab Kings,573930,Lukman Meriwala,Delhi Capitals,,,422108,KL Rahul,4,12.5
ipl20,100201,1254068,1st innings,0,107,25/0,0,0,13,2.1,0,0,0,False,,422108,KL Rahul,Punjab Kings,247235,Chris Woakes,Delhi Capitals,,,398438,Mayank Agarwal,0,11.53
ipl20,100202,1254068,1st innings,0,106,25/0,0,0,14,2.2,0,0,0,False,,422108,KL Rahul,Punjab Kings,247235,Chris Woakes,Delhi Capitals,,,398438,Mayank Agarwal,0,10.71
ipl20,100203,1254068,1st innings,0,105,26/0,0,0,15,2.3,1,0,0,False,,422108,KL Rahul,Punjab Kings,247235,Chris Woakes,Delhi Capitals,,,398438,Mayank Agarwal,1,10.4
ipl20,100204,1254068,1st innings,0,104,30/0,0,0,16,2.4,4,0,0,False,,398438,Mayank Agarwal,Punjab Kings,247235,Chris Woakes,Delhi Capitals,,,422108,KL Rahul,4,11.25
ipl20,100205,1254068,1st innings,0,103,34/0,0,0,17,2.5,4,0,0,False,,398438,Mayank Agarwal,Punjab Kings,247235,Chris Woakes,Delhi Capitals,,,422108,KL Rahul,4,12.0
ipl20,100206,1254068,1st innings,0,102,35/0,0,0,18,2.6,1,0,1,False,,398438,Mayank Agarwal,Punjab Kings,247235,Chris Woakes,Delhi Capitals,,,422108,KL Rahul,1,11.66
ipl20,100301,1254068,1st innings,0,101,35/0,0,0,19,3.1,0,0,0,False,,398438,Mayank Agarwal,Punjab Kings,573930,Lukman Meriwala,Delhi Capitals,,,422108,KL Rahul,0,11.05
ipl20,100302,1254068,1st innings,0,100,37/0,0,0,20,3.2,2,0,0,False,,398438,Mayank Agarwal,Punjab Kings,573930,Lukman Meriwala,Delhi Capitals,,,422108,KL Rahul,2,11.1
ipl20,100303,1254068,1st innings,0,99,41/0,0,0,21,3.3,4,0,0,False,,398438,Mayank Agarwal,Punjab Kings,573930,Lukman Meriwala,Delhi Capitals,,,422108,KL Rahul,4,11.71
ipl20,100304,1254068,1st innings,0,98,42/0,0,0,22,3.4,1,0,0,False,,398438,Mayank Agarwal,Punjab Kings,573930,Lukman Meriwala,Delhi Capitals,,,422108,KL Rahul,1,11.45
ipl20,100305,1254068,1st innings,0,97,42/0,0,0,23,3.5,0,0,0,False,,422108,KL Rahul,Punjab Kings,573930,Lukman Meriwala,Delhi Capitals,,,398438,Mayank Agarwal,0,10.95
ipl20,100306,1254068,1st innings,0,96,43/0,0,0,24,3.6,1,0,0,False,,422108,KL Rahul,Punjab Kings,573930,Lukman Meriwala,Delhi Capitals,,,398438,Mayank Agarwal,1,10.75
ipl20,100401,1254068,1st innings,0,95,43/0,0,0,25,4.1,0,0,0,False,,422108,KL Rahul,Punjab Kings,26421,Ravichandran Ashwin,Delhi Capitals,,,398438,Mayank Agarwal,0,10.32
ipl20,100402,1254068,1st innings,0,94,44/0,0,0,26,4.2,1,0,0,False,,422108,KL Rahul,Punjab Kings,26421,Ravichandran Ashwin,Delhi Capitals,,,398438,Mayank Agarwal,1,10.15
ipl20,100403,1254068,1st innings,0,93,45/0,0,0,27,4.3,1,0,0,False,,398438,Mayank Agarwal,Punjab Kings,26421,Ravichandran Ashwin,Delhi Capitals,,,422108,KL Rahul,1,10.0
ipl20,100404,1254068,1st innings,0,92,45/0,0,0,28,4.4,0,0,0,False,,422108,KL Rahul,Punjab Kings,26421,Ravichandran Ashwin,Delhi Capitals,,,398438,Mayank Agarwal,0,9.64
ipl20,100405,1254068,1st innings,0,91,49/0,0,0,29,4.5,4,0,0,False,,422108,KL Rahul,Punjab Kings,26421,Ravichandran Ashwin,Delhi Capitals,,,398438,Mayank Agarwal,4,10.13
ipl20,100406,1254068,1st innings,0,90,50/0,0,0,30,4.6,1,0,0,False,,422108,KL Rahul,Punjab Kings,26421,Ravichandran Ashwin,Delhi Capitals,,,398438,Mayank Agarwal,1,10.0
ipl20,100501,1254068,1st innings,0,89,54/0,0,0,31,5.1,4,0,0,False,,422108,KL Rahul,Punjab Kings,550215,Kagiso Rabada,Delhi Capitals,,,398438,Mayank Agarwal,4,10.45
ipl20,100502,1254068,1st innings,0,88,54/0,0,0,32,5.2,0,0,0,False,,422108,KL Rahul,Punjab Kings,550215,Kagiso Rabada,Delhi Capitals,,,398438,Mayank Agarwal,0,10.12
ipl20,100503,1254068,1st innings,0,87,54/0,0,0,33,5.3,0,0,0,False,,422108,KL Rahul,Punjab Kings,550215,Kagiso Rabada,Delhi Capitals,,,398438,Mayank Agarwal,0,9.81
ipl20,100504,1254068,1st innings,0,86,58/0,0,0,34,5.4,4,0,4,False,,422108,KL Rahul,Punjab Kings,550215,Kagiso Rabada,Delhi Capitals,,,398438,Mayank Agarwal,4,10.23
ipl20,100505,1254068,1st innings,0,85,58/0,0,0,35,5.5,0,0,0,False,,422108,KL Rahul,Punjab Kings,550215,Kagiso Rabada,Delhi Capitals,,,398438,Mayank Agarwal,0,9.94
ipl20,100506,1254068,1st innings,0,84,59/0,0,0,36,5.6,1,0,0,False,,422108,KL Rahul,Punjab Kings,550215,Kagiso Rabada,Delhi Capitals,,,398438,Mayank Agarwal,1,9.83
ipl20,100601,1254068,1st innings,0,83,60/0,0,0,37,6.1,1,0,0,False,,422108,KL Rahul,Punjab Kings,26421,Ravichandran Ashwin,Delhi Capitals,,,398438,Mayank Agarwal,1,9.72
ipl20,100602,1254068,1st innings,0,82,61/0,0,0,38,6.2,1,0,0,False,,398438,Mayank Agarwal,Punjab Kings,26421,Ravichandran Ashwin,Delhi Capitals,,,422108,KL Rahul,1,9.63
ipl20,100603,1254068,1st innings,0,81,61/0,0,0,39,6.3,0,0,0,False,,422108,KL Rahul,Punjab Kings,26421,Ravichandran Ashwin,Delhi Capitals,,,398438,Mayank Agarwal,0,9.38
ipl20,100604,1254068,1st innings,0,80,62/0,0,0,40,6.4,1,0,0,False,,422108,KL Rahul,Punjab Kings,26421,Ravichandran Ashwin,Delhi Capitals,,,398438,Mayank Agarwal,1,9.3
ipl20,100605,1254068,1st innings,0,79,63/0,0,0,41,6.5,1,0,0,False,,398438,Mayank Agarwal,Punjab Kings,26421,Ravichandran Ashwin,Delhi Capitals,,,422108,KL Rahul,1,9.21
ipl20,100606,1254068,1st innings,0,78,63/0,0,0,42,6.6,0,0,0,False,,422108,KL Rahul,Punjab Kings,26421,Ravichandran Ashwin,Delhi Capitals,,,398438,Mayank Agarwal,0,9.0
ipl20,100701,1254068,1st innings,0,77,64/0,0,0,43,7.1,1,0,0,False,,398438,Mayank Agarwal,Punjab Kings,930189,Lalit Yadav,Delhi Capitals,,,422108,KL Rahul,1,8.93
ipl20,100702,1254068,1st innings,0,76,68/0,0,0,44,7.2,4,0,0,False,,422108,KL Rahul,Punjab Kings,930189,Lalit Yadav,Delhi Capitals,,,398438,Mayank Agarwal,4,9.27
ipl20,100703,1254068,1st innings,0,75,68/0,0,0,45,7.3,0,0,0,False,,422108,KL Rahul,Punjab Kings,930189,Lalit Yadav,Delhi Capitals,,,398438,Mayank Agarwal,0,9.06
ipl20,100704,1254068,1st innings,0,74,72/0,0,0,46,7.4,4,0,0,False,,422108,KL Rahul,Punjab Kings,930189,Lalit Yadav,Delhi Capitals,,,398438,Mayank Agarwal,4,9.39
ipl20,100705,1254068,1st innings,0,73,73/0,0,0,47,7.5,1,0,0,False,,422108,KL Rahul,Punjab Kings,930189,Lalit Yadav,Delhi Capitals,,,398438,Mayank Agarwal,1,9.31
ipl20,100706,1254068,1st innings,0,72,74/0,0,0,48,7.6,1,0,0,False,,398438,Mayank Agarwal,Punjab Kings,930189,Lalit Yadav,Delhi Capitals,,,422108,KL Rahul,1,9.25
ipl20,100801,1254068,1st innings,0,71,80/0,0,0,49,8.1,6,0,0,False,,398438,Mayank Agarwal,Punjab Kings,26421,Ravichandran Ashwin,Delhi Capitals,,,422108,KL Rahul,6,9.79
ipl20,100802,1254068,1st innings,0,70,80/0,0,0,50,8.2,0,0,0,False,,398438,Mayank Agarwal,Punjab Kings,26421,Ravichandran Ashwin,Delhi Capitals,,,422108,KL Rahul,0,9.6
ipl20,100803,1254068,1st innings,0,69,84/0,0,0,51,8.3,4,0,0,False,,398438,Mayank Agarwal,Punjab Kings,26421,Ravichandran Ashwin,Delhi Capitals,,,422108,KL Rahul,4,9.88
ipl20,100804,1254068,1st innings,0,68,85/0,0,0,52,8.4,1,0,0,False,,398438,Mayank Agarwal,Punjab Kings,26421,Ravichandran Ashwin,Delhi Capitals,,,422108,KL Rahul,1,9.8
ipl20,100805,1254068,1st innings,0,67,86/0,0,0,53,8.5,1,0,0,False,,422108,KL Rahul,Punjab Kings,26421,Ravichandran Ashwin,Delhi Capitals,,,398438,Mayank Agarwal,1,9.73
ipl20,100806,1254068,1st innings,0,66,87/0,0,0,54,8.6,1,0,0,False,,398438,Mayank Agarwal,Punjab Kings,26421,Ravichandran Ashwin,Delhi Capitals,,,422108,KL Rahul,1,9.66
ipl20,100901,1254068,1st innings,0,65,87/0,0,0,55,9.1,0,0,0,False,,398438,Mayank Agarwal,Punjab Kings,694211,Avesh Khan,Delhi Capitals,,,422108,KL Rahul,0,9.49
ipl20,100902,1254068,1st innings,0,64,87/0,0,0,56,9.2,0,0,0,False,,398438,Mayank Agarwal,Punjab Kings,694211,Avesh Khan,Delhi Capitals,,,422108,KL Rahul,0,9.32
ipl20,100903,1254068,1st innings,0,63,91/0,0,0,57,9.3,4,0,0,False,,398438,Mayank Agarwal,Punjab Kings,694211,Avesh Khan,Delhi Capitals,,,422108,KL Rahul,4,9.57
ipl20,100904,1254068,1st innings,0,62,93/0,0,0,58,9.4,2,0,0,False,,398438,Mayank Agarwal,Punjab Kings,694211,Avesh Khan,Delhi Capitals,,,422108,KL Rahul,2,9.62
ipl20,100905,1254068,1st innings,0,61,94/0,0,0,59,9.5,1,0,0,False,,398438,Mayank Agarwal,Punjab Kings,694211,Avesh Khan,Delhi Capitals,,,422108,KL Rahul,1,9.55
ipl20,100906,1254068,1st innings,0,60,94/0,0,0,60,9.6,0,0,0,False,,422108,KL Rahul,Punjab Kings,694211,Avesh Khan,Delhi Capitals,,,398438,Mayank Agarwal,0,9.4
ipl20,101001,1254068,1st innings,0,59,100/0,0,0,61,10.1,6,0,0,False,,398438,Mayank Agarwal,Punjab Kings,550215,Kagiso Rabada,Delhi Capitals,,,422108,KL Rahul,6,9.83
ipl20,101002,1254068,1st innings,0,58,106/0,0,0,62,10.2,6,0,0,False,,398438,Mayank Agarwal,Punjab Kings,550215,Kagiso Rabada,Delhi Capitals,,,422108,KL Rahul,6,10.25
ipl20,101003,1254068,1st innings,0,57,107/0,0,0,63,10.3,1,0,0,False,,398438,Mayank Agarwal,Punjab Kings,550215,Kagiso Rabada,Delhi Capitals,,,422108,KL Rahul,1,10.19
ipl20,101004,1254068,1st innings,0,56,113/0,0,0,64,10.4,6,0,0,False,,422108,KL Rahul,Punjab Kings,550215,Kagiso Rabada,Delhi Capitals,,,398438,Mayank Agarwal,6,10.59
ipl20,101005,1254068,1st innings,0,55,113/0,0,0,65,10.5,0,0,0,False,,422108,KL Rahul,Punjab Kings,550215,Kagiso Rabada,Delhi Capitals,,,398438,Mayank Agarwal,0,10.43
ipl20,101006,1254068,1st innings,0,54,114/0,0,0,66,10.6,1,0,0,False,,422108,KL Rahul,Punjab Kings,550215,Kagiso Rabada,Delhi Capitals,,,398438,Mayank Agarwal,1,10.36
ipl20,101101,1254068,1st innings,0,53,116/0,0,0,67,11.1,2,0,0,False,,422108,KL Rahul,Punjab Kings,694211,Avesh Khan,Delhi Capitals,,,398438,Mayank Agarwal,2,10.38
ipl20,101102,1254068,1st innings,0,52,117/0,0,0,68,11.2,1,0,0,False,,422108,KL Rahul,Punjab Kings,694211,Avesh Khan,Delhi Capitals,,,398438,Mayank Agarwal,1,10.32
ipl20,101103,1254068,1st innings,0,51,118/0,0,0,69,11.3,1,0,0,False,,398438,Mayank Agarwal,Punjab Kings,694211,Avesh Khan,Delhi Capitals,,,422108,KL Rahul,1,10.26
ipl20,101104,1254068,1st innings,0,50,119/0,0,0,70,11.4,1,0,0,False,,422108,KL Rahul,Punjab Kings,694211,Avesh Khan,Delhi Capitals,,,398438,Mayank Agarwal,1,10.2
ipl20,101105,1254068,1st innings,0,49,119/0,0,0,71,11.5,0,0,0,False,,398438,Mayank Agarwal,Punjab Kings,694211,Avesh Khan,Delhi Capitals,,,422108,KL Rahul,0,10.05
ipl20,101106,1254068,1st innings,0,48,120/0,0,0,72,11.6,1,0,0,False,,398438,Mayank Agarwal,Punjab Kings,694211,Avesh Khan,Delhi Capitals,,,422108,KL Rahul,1,10.0
ipl20,101201,1254068,1st innings,0,47,120/0,0,0,73,12.1,0,0,0,False,,398438,Mayank Agarwal,Punjab Kings,573930,Lukman Meriwala,Delhi Capitals,,,422108,KL Rahul,0,9.86
ipl20,101202,1254068,1st innings,0,46,121/0,0,0,74,12.2,1,0,0,False,,398438,Mayank Agarwal,Punjab Kings,573930,Lukman Meriwala,Delhi Capitals,,,422108,KL Rahul,1,9.81
ipl20,101203,1254068,1st innings,0,45,122/0,0,0,75,12.3,1,0,0,False,,422108,KL Rahul,Punjab Kings,573930,Lukman Meriwala,Delhi Capitals,,,398438,Mayank Agarwal,1,9.76
ipl20,101204,1254068,1st innings,0,44,122/1,0,1,76,12.4,0,0,0,True,caught,398438,Mayank Agarwal,Punjab Kings,573930,Lukman Meriwala,Delhi Capitals,28235,Shikhar Dhawan,422108,KL Rahul,0,9.63
ipl20,101205,1254068,1st innings,0,43,123/1,0,0,77,12.5,1,0,0,False,,422108,KL Rahul,Punjab Kings,573930,Lukman Meriwala,Delhi Capitals,,,51880,Chris Gayle,1,9.58
ipl20,101206,1254068,1st innings,0,42,124/1,0,0,78,12.6,1,0,0,False,,51880,Chris Gayle,Punjab Kings,573930,Lukman Meriwala,Delhi Capitals,,,422108,KL Rahul,1,9.53
ipl20,101301,1254068,1st innings,0,41,125/1,0,0,79,13.1,1,0,0,False,,51880,Chris Gayle,Punjab Kings,26421,Ravichandran Ashwin,Delhi Capitals,,,422108,KL Rahul,1,9.49
ipl20,101302,1254068,1st innings,0,40,125/1,0,0,80,13.2,0,0,0,False,,422108,KL Rahul,Punjab Kings,26421,Ravichandran Ashwin,Delhi Capitals,,,51880,Chris Gayle,0,9.37
ipl20,101303,1254068,1st innings,0,39,126/1,0,0,81,13.3,1,0,0,False,,422108,KL Rahul,Punjab Kings,26421,Ravichandran Ashwin,Delhi Capitals,,,51880,Chris Gayle,1,9.33
ipl20,101304,1254068,1st innings,0,38,127/1,0,0,82,13.4,1,0,0,False,,51880,Chris Gayle,Punjab Kings,26421,Ravichandran Ashwin,Delhi Capitals,,,422108,KL Rahul,1,9.29
ipl20,101305,1254068,1st innings,0,37,128/1,0,0,83,13.5,1,0,0,False,,422108,KL Rahul,Punjab Kings,26421,Ravichandran Ashwin,Delhi Capitals,,,51880,Chris Gayle,1,9.25
ipl20,101306,1254068,1st innings,0,36,128/1,0,0,84,13.6,0,0,0,False,,51880,Chris Gayle,Punjab Kings,26421,Ravichandran Ashwin,Delhi Capitals,,,422108,KL Rahul,0,9.14
ipl20,101401,1254068,1st innings,0,35,128/1,0,0,85,14.1,0,0,0,False,,422108,KL Rahul,Punjab Kings,694211,Avesh Khan,Delhi Capitals,,,51880,Chris Gayle,0,9.03
ipl20,101402,1254068,1st innings,0,34,134/1,0,0,86,14.2,6,0,0,False,,422108,KL Rahul,Punjab Kings,694211,Avesh Khan,Delhi Capitals,,,51880,Chris Gayle,6,9.34
ipl20,101403,1254068,1st innings,0,33,135/1,0,0,87,14.3,1,0,0,False,,422108,KL Rahul,Punjab Kings,694211,Avesh Khan,Delhi Capitals,,,51880,Chris Gayle,1,9.31
ipl20,101404,1254068,1st innings,0,32,136/1,0,0,88,14.4,1,0,0,False,,51880,Chris Gayle,Punjab Kings,694211,Avesh Khan,Delhi Capitals,,,422108,KL Rahul,1,9.27
ipl20,101405,1254068,1st innings,0,31,140/1,0,0,89,14.5,4,0,0,False,,422108,KL Rahul,Punjab Kings,694211,Avesh Khan,Delhi Capitals,,,51880,Chris Gayle,4,9.43
ipl20,101406,1254068,1st innings,0,30,140/1,0,0,90,14.6,0,0,0,False,,422108,KL Rahul,Punjab Kings,694211,Avesh Khan,Delhi Capitals,,,51880,Chris Gayle,0,9.33
ipl20,101501,1254068,1st innings,0,29,141/1,0,0,91,15.1,1,0,0,False,,51880,Chris Gayle,Punjab Kings,550215,Kagiso Rabada,Delhi Capitals,,,422108,KL Rahul,1,9.29
ipl20,101502,1254068,1st innings,0,28,141/2,0,2,92,15.2,0,0,0,True,caught,422108,KL Rahul,Punjab Kings,550215,Kagiso Rabada,Delhi Capitals,325012,Marcus Stoinis,51880,Chris Gayle,0,9.19
ipl20,101503,1254068,1st innings,0,27,147/2,0,0,93,15.3,6,0,0,False,,497121,Deepak Hooda,Punjab Kings,550215,Kagiso Rabada,Delhi Capitals,,,51880,Chris Gayle,6,9.48
ipl20,101504,1254068,1st innings,0,26,149/2,0,0,94,15.4,2,0,0,False,,497121,Deepak Hooda,Punjab Kings,550215,Kagiso Rabada,Delhi Capitals,,,51880,Chris Gayle,2,9.51
ipl20,101505,1254068,1st innings,0,25,150/2,0,0,95,15.5,1,0,0,False,,497121,Deepak Hooda,Punjab Kings,550215,Kagiso Rabada,Delhi Capitals,,,51880,Chris Gayle,1,9.47
ipl20,101506,1254068,1st innings,0,24,150/2,0,0,96,15.6,0,0,0,False,,51880,Chris Gayle,Punjab Kings,550215,Kagiso Rabada,Delhi Capitals,,,497121,Deepak Hooda,0,9.37
ipl20,101601,1254068,1st innings,0,24,152/2,0,0,96,16.0,2,1,1,False,,497121,Deepak Hooda,Punjab Kings,247235,Chris Woakes,Delhi Capitals,,,51880,Chris Gayle,2,9.5
ipl20,101602,1254068,1st innings,0,23,158/2,0,0,97,16.1,6,0,0,False,,51880,Chris Gayle,Punjab Kings,247235,Chris Woakes,Delhi Capitals,,,497121,Deepak Hooda,6,9.77
ipl20,101603,1254068,1st innings,0,22,158/3,0,3,98,16.2,0,0,0,True,caught,51880,Chris Gayle,Punjab Kings,247235,Chris Woakes,Delhi Capitals,1201520,Ripal Patel,497121,Deepak Hooda,0,9.67
ipl20,101604,1254068,1st innings,0,21,159/3,0,0,99,16.3,1,0,0,False,,497121,Deepak Hooda,Punjab Kings,247235,Chris Woakes,Delhi Capitals,,,604302,Nicholas Pooran,1,9.63
ipl20,101605,1254068,1st innings,0,20,160/3,0,0,100,16.4,1,0,0,False,,604302,Nicholas Pooran,Punjab Kings,247235,Chris Woakes,Delhi Capitals,,,497121,Deepak Hooda,1,9.6
ipl20,101606,1254068,1st innings,0,19,161/3,0,0,101,16.5,1,0,0,False,,497121,Deepak Hooda,Punjab Kings,247235,Chris Woakes,Delhi Capitals,,,604302,Nicholas Pooran,1,9.56
ipl20,101607,1254068,1st innings,0,18,162/3,0,0,102,16.6,1,0,0,False,,604302,Nicholas Pooran,Punjab Kings,247235,Chris Woakes,Delhi Capitals,,,497121,Deepak Hooda,1,9.52
ipl20,101701,1254068,1st innings,0,17,163/3,0,0,103,17.1,1,0,0,False,,604302,Nicholas Pooran,Punjab Kings,550215,Kagiso Rabada,Delhi Capitals,,,497121,Deepak Hooda,1,9.49
ipl20,101702,1254068,1st innings,0,16,164/3,0,0,104,17.2,1,0,0,False,,497121,Deepak Hooda,Punjab Kings,550215,Kagiso Rabada,Delhi Capitals,,,604302,Nicholas Pooran,1,9.46
ipl20,101703,1254068,1st innings,0,15,164/3,0,0,105,17.3,0,0,0,False,,604302,Nicholas Pooran,Punjab Kings,550215,Kagiso Rabada,Delhi Capitals,,,497121,Deepak Hooda,0,9.37
ipl20,101704,1254068,1st innings,0,14,168/3,0,0,106,17.4,4,0,0,False,,604302,Nicholas Pooran,Punjab Kings,550215,Kagiso Rabada,Delhi Capitals,,,497121,Deepak Hooda,4,9.5
ipl20,101705,1254068,1st innings,0,13,169/3,0,0,107,17.5,1,0,0,False,,604302,Nicholas Pooran,Punjab Kings,550215,Kagiso Rabada,Delhi Capitals,,,497121,Deepak Hooda,1,9.47
ipl20,101706,1254068,1st innings,0,12,170/3,0,0,108,17.6,1,0,0,False,,497121,Deepak Hooda,Punjab Kings,550215,Kagiso Rabada,Delhi Capitals,,,604302,Nicholas Pooran,1,9.44
ipl20,101801,1254068,1st innings,0,11,171/3,0,0,109,18.1,1,0,0,False,,497121,Deepak Hooda,Punjab Kings,694211,Avesh Khan,Delhi Capitals,,,604302,Nicholas Pooran,1,9.41
ipl20,101802,1254068,1st innings,0,10,172/3,0,0,110,18.2,1,0,0,False,,604302,Nicholas Pooran,Punjab Kings,694211,Avesh Khan,Delhi Capitals,,,497121,Deepak Hooda,1,9.38
ipl20,101803,1254068,1st innings,0,9,178/3,0,0,111,18.3,6,0,0,False,,497121,Deepak Hooda,Punjab Kings,694211,Avesh Khan,Delhi Capitals,,,604302,Nicholas Pooran,6,9.62
ipl20,101804,1254068,1st innings,0,8,179/3,0,0,112,18.4,1,0,1,False,,497121,Deepak Hooda,Punjab Kings,694211,Avesh Khan,Delhi Capitals,,,604302,Nicholas Pooran,1,9.58
ipl20,101805,1254068,1st innings,0,7,179/4,0,4,113,18.5,0,0,0,True,caught,604302,Nicholas Pooran,Punjab Kings,694211,Avesh Khan,Delhi Capitals,550215,Kagiso Rabada,497121,Deepak Hooda,0,9.5
ipl20,101806,1254068,1st innings,0,6,179/4,0,0,114,18.6,0,0,0,False,,497121,Deepak Hooda,Punjab Kings,694211,Avesh Khan,Delhi Capitals,,,719719,Shahrukh Khan,0,9.42
ipl20,101901,1254068,1st innings,0,5,183/4,0,0,115,19.1,4,0,0,False,,719719,Shahrukh Khan,Punjab Kings,247235,Chris Woakes,Delhi Capitals,,,497121,Deepak Hooda,4,9.54
ipl20,101902,1254068,1st innings,0,4,183/4,0,0,116,19.2,0,0,0,False,,719719,Shahrukh Khan,Punjab Kings,247235,Chris Woakes,Delhi Capitals,,,497121,Deepak Hooda,0,9.46
ipl20,101903,1254068,1st innings,0,3,187/4,0,0,117,19.3,4,0,0,False,,719719,Shahrukh Khan,Punjab Kings,247235,Chris Woakes,Delhi Capitals,,,497121,Deepak Hooda,4,9.58
ipl20,101904,1254068,1st innings,0,2,193/4,0,0,118,19.4,6,0,0,False,,719719,Shahrukh Khan,Punjab Kings,247235,Chris Woakes,Delhi Capitals,,,497121,Deepak Hooda,6,9.81
ipl20,101905,1254068,1st innings,0,1,194/4,0,0,119,19.5,1,0,0,False,,719719,Shahrukh Khan,Punjab Kings,247235,Chris Woakes,Delhi Capitals,,,497121,Deepak Hooda,1,9.78
ipl20,101906,1254068,1st innings,0,0,195/4,0,0,120,19.6,1,0,0,False,,497121,Deepak Hooda,Punjab Kings,247235,Chris Woakes,Delhi Capitals,,,719719,Shahrukh Khan,1,9.75
ipl20,200001,1254068,2nd innings,196,119,0,0/0,0,1,0.1,0,0,0,False,,1070168,Prithvi Shaw,Delhi Capitals,1125976,Arshdeep Singh,Punjab Kings,,,28235,Shikhar Dhawan,0,0.0
ipl20,200002,1254068,2nd innings,196,118,0,2/0,0,2,0.2,2,0,0,False,,1070168,Prithvi Shaw,Delhi Capitals,1125976,Arshdeep Singh,Punjab Kings,,,28235,Shikhar Dhawan,2,6.0
ipl20,200003,1254068,2nd innings,196,117,0,4/0,0,3,0.3,2,0,0,False,,1070168,Prithvi Shaw,Delhi Capitals,1125976,Arshdeep Singh,Punjab Kings,,,28235,Shikhar Dhawan,2,8.0
ipl20,200004,1254068,2nd innings,196,116,0,5/0,0,4,0.4,1,0,0,False,,1070168,Prithvi Shaw,Delhi Capitals,1125976,Arshdeep Singh,Punjab Kings,,,28235,Shikhar Dhawan,1,7.5
ipl20,200005,1254068,2nd innings,196,115,0,9/0,0,5,0.5,4,0,0,False,,28235,Shikhar Dhawan,Delhi Capitals,1125976,Arshdeep Singh,Punjab Kings,,,1070168,Prithvi Shaw,4,10.8
ipl20,200006,1254068,2nd innings,196,114,0,10/0,0,6,0.6,1,0,0,False,,28235,Shikhar Dhawan,Delhi Capitals,1125976,Arshdeep Singh,Punjab Kings,,,1070168,Prithvi Shaw,1,10.0
ipl20,200101,1254068,2nd innings,196,113,0,10/0,0,7,1.1,0,0,0,False,,28235,Shikhar Dhawan,Delhi Capitals,481896,Mohammed Shami,Punjab Kings,,,1070168,Prithvi Shaw,0,8.57
ipl20,200102,1254068,2nd innings,196,112,0,10/0,0,8,1.2,0,0,0,False,,28235,Shikhar Dhawan,Delhi Capitals,481896,Mohammed Shami,Punjab Kings,,,1070168,Prithvi Shaw,0,7.5
ipl20,200103,1254068,2nd innings,196,111,0,11/0,0,9,1.3,1,0,0,False,,28235,Shikhar Dhawan,Delhi Capitals,481896,Mohammed Shami,Punjab Kings,,,1070168,Prithvi Shaw,1,7.33
ipl20,200104,1254068,2nd innings,196,110,0,15/0,0,10,1.4,4,0,0,False,,1070168,Prithvi Shaw,Delhi Capitals,481896,Mohammed Shami,Punjab Kings,,,28235,Shikhar Dhawan,4,9.0
ipl20,200105,1254068,2nd innings,196,109,0,15/0,0,11,1.5,0,0,0,False,,1070168,Prithvi Shaw,Delhi Capitals,481896,Mohammed Shami,Punjab Kings,,,28235,Shikhar Dhawan,0,8.18
ipl20,200106,1254068,2nd innings,196,108,0,21/0,0,12,1.6,6,0,0,False,,1070168,Prithvi Shaw,Delhi Capitals,481896,Mohammed Shami,Punjab Kings,,,28235,Shikhar Dhawan,6,10.5
ipl20,200201,1254068,2nd innings,196,107,0,22/0,0,13,2.1,1,0,0,False,,28235,Shikhar Dhawan,Delhi Capitals,237199,Jalaj Saxena,Punjab Kings,,,1070168,Prithvi Shaw,1,10.15
ipl20,200202,1254068,2nd innings,196,106,0,26/0,0,14,2.2,4,0,0,False,,1070168,Prithvi Shaw,Delhi Capitals,237199,Jalaj Saxena,Punjab Kings,,,28235,Shikhar Dhawan,4,11.14
ipl20,200203,1254068,2nd innings,196,105,0,26/0,0,15,2.3,0,0,0,False,,1070168,Prithvi Shaw,Delhi Capitals,237199,Jalaj Saxena,Punjab Kings,,,28235,Shikhar Dhawan,0,10.4
ipl20,200204,1254068,2nd innings,196,104,0,27/0,0,16,2.4,1,0,0,False,,1070168,Prithvi Shaw,Delhi Capitals,237199,Jalaj Saxena,Punjab Kings,,,28235,Shikhar Dhawan,1,10.12
ipl20,200205,1254068,2nd innings,196,103,0,27/0,0,17,2.5,0,0,0,False,,28235,Shikhar Dhawan,Delhi Capitals,237199,Jalaj Saxena,Punjab Kings,,,1070168,Prithvi Shaw,0,9.52
ipl20,200206,1254068,2nd innings,196,102,0,31/0,0,18,2.6,4,0,0,False,,28235,Shikhar Dhawan,Delhi Capitals,237199,Jalaj Saxena,Punjab Kings,,,1070168,Prithvi Shaw,4,10.33
ipl20,200301,1254068,2nd innings,196,101,0,31/0,0,19,3.1,0,0,0,False,,1070168,Prithvi Shaw,Delhi Capitals,774223,Jhye Richardson,Punjab Kings,,,28235,Shikhar Dhawan,0,9.78
ipl20,200302,1254068,2nd innings,196,100,0,31/0,0,20,3.2,0,0,0,False,,1070168,Prithvi Shaw,Delhi Capitals,774223,Jhye Richardson,Punjab Kings,,,28235,Shikhar Dhawan,0,9.3
ipl20,200303,1254068,2nd innings,196,99,0,35/0,0,21,3.3,4,0,0,False,,1070168,Prithvi Shaw,Delhi Capitals,774223,Jhye Richardson,Punjab Kings,,,28235,Shikhar Dhawan,4,10.0
ipl20,200304,1254068,2nd innings,196,98,0,36/0,0,22,3.4,1,0,0,False,,1070168,Prithvi Shaw,Delhi Capitals,774223,Jhye Richardson,Punjab Kings,,,28235,Shikhar Dhawan,1,9.81
ipl20,200305,1254068,2nd innings,196,97,0,37/0,0,23,3.5,1,0,0,False,,28235,Shikhar Dhawan,Delhi Capitals,774223,Jhye Richardson,Punjab Kings,,,1070168,Prithvi Shaw,1,9.65
ipl20,200306,1254068,2nd innings,196,96,0,43/0,0,24,3.6,6,0,0,False,,1070168,Prithvi Shaw,Delhi Capitals,774223,Jhye Richardson,Punjab Kings,,,28235,Shikhar Dhawan,6,10.75
ipl20,200401,1254068,2nd innings,196,95,0,47/0,0,25,4.1,4,0,0,False,,28235,Shikhar Dhawan,Delhi Capitals,481896,Mohammed Shami,Punjab Kings,,,1070168,Prithvi Shaw,4,11.28
ipl20,200402,1254068,2nd innings,196,94,0,47/0,0,26,4.2,0,0,0,False,,28235,Shikhar Dhawan,Delhi Capitals,481896,Mohammed Shami,Punjab Kings,,,1070168,Prithvi Shaw,0,10.84
ipl20,200403,1254068,2nd innings,196,93,0,47/0,0,27,4.3,0,0,0,False,,28235,Shikhar Dhawan,Delhi Capitals,481896,Mohammed Shami,Punjab Kings,,,1070168,Prithvi Shaw,0,10.44
ipl20,200404,1254068,2nd innings,196,92,0,49/0,0,28,4.4,2,0,0,False,,28235,Shikhar Dhawan,Delhi Capitals,481896,Mohammed Shami,Punjab Kings,,,1070168,Prithvi Shaw,2,10.5
ipl20,200405,1254068,2nd innings,196,91,0,53/0,0,29,4.5,4,0,0,False,,28235,Shikhar Dhawan,Delhi Capitals,481896,Mohammed Shami,Punjab Kings,,,1070168,Prithvi Shaw,4,10.96
ipl20,200406,1254068,2nd innings,196,90,0,57/0,0,30,4.6,4,0,0,False,,28235,Shikhar Dhawan,Delhi Capitals,481896,Mohammed Shami,Punjab Kings,,,1070168,Prithvi Shaw,4,11.4
ipl20,200501,1254068,2nd innings,196,89,0,58/0,0,31,5.1,1,0,0,False,,1070168,Prithvi Shaw,Delhi Capitals,1125976,Arshdeep Singh,Punjab Kings,,,28235,Shikhar Dhawan,1,11.22
ipl20,200502,1254068,2nd innings,196,88,0,59/0,0,32,5.2,1,0,1,False,,28235,Shikhar Dhawan,Delhi Capitals,1125976,Arshdeep Singh,Punjab Kings,,,1070168,Prithvi Shaw,1,11.06
ipl20,200503,1254068,2nd innings,196,87,0,59/1,1,33,5.3,0,0,0,True,caught,1070168,Prithvi Shaw,Delhi Capitals,1125976,Arshdeep Singh,Punjab Kings,1125976,Arshdeep Singh,28235,Shikhar Dhawan,0,10.72
ipl20,200504,1254068,2nd innings,196,86,0,60/1,0,34,5.4,1,0,0,False,,28235,Shikhar Dhawan,Delhi Capitals,1125976,Arshdeep Singh,Punjab Kings,,,267192,Steven Smith,1,10.58
ipl20,200505,1254068,2nd innings,196,85,0,61/1,0,35,5.5,1,0,0,False,,267192,Steven Smith,Delhi Capitals,1125976,Arshdeep Singh,Punjab Kings,,,28235,Shikhar Dhawan,1,10.45
ipl20,200506,1254068,2nd innings,196,84,0,62/1,0,36,5.6,1,0,0,False,,28235,Shikhar Dhawan,Delhi Capitals,1125976,Arshdeep Singh,Punjab Kings,,,267192,Steven Smith,1,10.33
ipl20,200601,1254068,2nd innings,196,83,0,63/1,0,37,6.1,1,0,0,False,,28235,Shikhar Dhawan,Delhi Capitals,497121,Deepak Hooda,Punjab Kings,,,267192,Steven Smith,1,10.21
ipl20,200602,1254068,2nd innings,196,82,0,64/1,0,38,6.2,1,0,0,False,,267192,Steven Smith,Delhi Capitals,497121,Deepak Hooda,Punjab Kings,,,28235,Shikhar Dhawan,1,10.1
ipl20,200603,1254068,2nd innings,196,81,0,65/1,0,39,6.3,1,0,0,False,,28235,Shikhar Dhawan,Delhi Capitals,497121,Deepak Hooda,Punjab Kings,,,267192,Steven Smith,1,10.0
ipl20,200604,1254068,2nd innings,196,80,0,65/1,0,40,6.4,0,0,0,False,,267192,Steven Smith,Delhi Capitals,497121,Deepak Hooda,Punjab Kings,,,28235,Shikhar Dhawan,0,9.75
ipl20,200605,1254068,2nd innings,196,79,0,66/1,0,41,6.5,1,0,0,False,,267192,Steven Smith,Delhi Capitals,497121,Deepak Hooda,Punjab Kings,,,28235,Shikhar Dhawan,1,9.65
ipl20,200606,1254068,2nd innings,196,78,0,68/1,0,42,6.6,2,0,0,False,,28235,Shikhar Dhawan,Delhi Capitals,497121,Deepak Hooda,Punjab Kings,,,267192,Steven Smith,2,9.71
ipl20,200701,1254068,2nd innings,196,77,0,69/1,0,43,7.1,1,0,0,False,,267192,Steven Smith,Delhi Capitals,237199,Jalaj Saxena,Punjab Kings,,,28235,Shikhar Dhawan,1,9.62
ipl20,200702,1254068,2nd innings,196,76,0,69/1,0,44,7.2,0,0,0,False,,28235,Shikhar Dhawan,Delhi Capitals,237199,Jalaj Saxena,Punjab Kings,,,267192,Steven Smith,0,9.4
ipl20,200703,1254068,2nd innings,196,75,0,69/1,0,45,7.3,0,0,0,False,,28235,Shikhar Dhawan,Delhi Capitals,237199,Jalaj Saxena,Punjab Kings,,,267192,Steven Smith,0,9.2
ipl20,200704,1254068,2nd innings,196,74,0,70/1,0,46,7.4,1,0,0,False,,28235,Shikhar Dhawan,Delhi Capitals,237199,Jalaj Saxena,Punjab Kings,,,267192,Steven Smith,1,9.13
ipl20,200705,1254068,2nd innings,196,73,0,71/1,0,47,7.5,1,0,0,False,,267192,Steven Smith,Delhi Capitals,237199,Jalaj Saxena,Punjab Kings,,,28235,Shikhar Dhawan,1,9.06
ipl20,200706,1254068,2nd innings,196,72,0,75/1,0,48,7.6,4,0,0,False,,28235,Shikhar Dhawan,Delhi Capitals,237199,Jalaj Saxena,Punjab Kings,,,267192,Steven Smith,4,9.37
ipl20,200801,1254068,2nd innings,196,71,0,76/1,0,49,8.1,1,0,0,False,,267192,Steven Smith,Delhi Capitals,497121,Deepak Hooda,Punjab Kings,,,28235,Shikhar Dhawan,1,9.3
ipl20,200802,1254068,2nd innings,196,70,0,77/1,0,50,8.2,1,0,0,False,,28235,Shikhar Dhawan,Delhi Capitals,497121,Deepak Hooda,Punjab Kings,,,267192,Steven Smith,1,9.24
ipl20,200803,1254068,2nd innings,196,69,0,78/1,0,51,8.3,1,0,0,False,,267192,Steven Smith,Delhi Capitals,497121,Deepak Hooda,Punjab Kings,,,28235,Shikhar Dhawan,1,9.17
ipl20,200804,1254068,2nd innings,196,68,0,82/1,0,52,8.4,4,0,0,False,,28235,Shikhar Dhawan,Delhi Capitals,497121,Deepak Hooda,Punjab Kings,,,267192,Steven Smith,4,9.46
ipl20,200805,1254068,2nd innings,196,67,0,86/1,0,53,8.5,4,0,0,False,,28235,Shikhar Dhawan,Delhi Capitals,497121,Deepak Hooda,Punjab Kings,,,267192,Steven Smith,4,9.73
ipl20,200806,1254068,2nd innings,196,66,0,87/1,0,54,8.6,1,0,0,False,,28235,Shikhar Dhawan,Delhi Capitals,497121,Deepak Hooda,Punjab Kings,,,267192,Steven Smith,1,9.66
ipl20,200901,1254068,2nd innings,196,65,0,89/1,0,55,9.1,2,0,0,False,,28235,Shikhar Dhawan,Delhi Capitals,774223,Jhye Richardson,Punjab Kings,,,267192,Steven Smith,2,9.7
ipl20,200902,1254068,2nd innings,196,64,0,90/1,0,56,9.2,1,0,0,False,,28235,Shikhar Dhawan,Delhi Capitals,774223,Jhye Richardson,Punjab Kings,,,267192,Steven Smith,1,9.64
ipl20,200903,1254068,2nd innings,196,63,0,91/1,0,57,9.3,1,0,0,False,,267192,Steven Smith,Delhi Capitals,774223,Jhye Richardson,Punjab Kings,,,28235,Shikhar Dhawan,1,9.57
ipl20,200904,1254068,2nd innings,196,62,0,91/1,0,58,9.4,0,0,0,False,,28235,Shikhar Dhawan,Delhi Capitals,774223,Jhye Richardson,Punjab Kings,,,267192,Steven Smith,0,9.41
ipl20,200905,1254068,2nd innings,196,61,0,97/1,0,59,9.5,6,0,0,False,,28235,Shikhar Dhawan,Delhi Capitals,774223,Jhye Richardson,Punjab Kings,,,267192,Steven Smith,6,9.86
ipl20,200906,1254068,2nd innings,196,60,0,99/1,0,60,9.6,2,0,0,False,,28235,Shikhar Dhawan,Delhi Capitals,774223,Jhye Richardson,Punjab Kings,,,267192,Steven Smith,2,9.9
ipl20,201001,1254068,2nd innings,196,59,0,100/1,0,61,10.1,1,0,1,False,,267192,Steven Smith,Delhi Capitals,961713,Riley Meredith,Punjab Kings,,,28235,Shikhar Dhawan,1,9.83
ipl20,201002,1254068,2nd innings,196,58,0,101/1,0,62,10.2,1,0,0,False,,28235,Shikhar Dhawan,Delhi Capitals,961713,Riley Meredith,Punjab Kings,,,267192,Steven Smith,1,9.77
ipl20,201003,1254068,2nd innings,196,57,0,102/1,0,63,10.3,1,0,0,False,,267192,Steven Smith,Delhi Capitals,961713,Riley Meredith,Punjab Kings,,,28235,Shikhar Dhawan,1,9.71
ipl20,201004,1254068,2nd innings,196,56,0,106/1,0,64,10.4,4,0,0,False,,28235,Shikhar Dhawan,Delhi Capitals,961713,Riley Meredith,Punjab Kings,,,267192,Steven Smith,4,9.93
ipl20,201005,1254068,2nd innings,196,55,0,107/1,0,65,10.5,1,0,0,False,,28235,Shikhar Dhawan,Delhi Capitals,961713,Riley Meredith,Punjab Kings,,,267192,Steven Smith,1,9.87
ipl20,201006,1254068,2nd innings,196,54,0,107/2,2,66,10.6,0,0,0,True,caught,267192,Steven Smith,Delhi Capitals,961713,Riley Meredith,Punjab Kings,267192,Steven Smith,28235,Shikhar Dhawan,0,9.72
ipl20,201101,1254068,2nd innings,196,53,0,109/2,0,67,11.1,2,0,0,False,,28235,Shikhar Dhawan,Delhi Capitals,237199,Jalaj Saxena,Punjab Kings,,,931581,Rishabh Pant,2,9.76
ipl20,201102,1254068,2nd innings,196,52,0,109/2,0,68,11.2,0,0,0,False,,28235,Shikhar Dhawan,Delhi Capitals,237199,Jalaj Saxena,Punjab Kings,,,931581,Rishabh Pant,0,9.61
ipl20,201103,1254068,2nd innings,196,51,0,110/2,0,69,11.3,1,0,0,False,,28235,Shikhar Dhawan,Delhi Capitals,237199,Jalaj Saxena,Punjab Kings,,,931581,Rishabh Pant,1,9.56
ipl20,201104,1254068,2nd innings,196,50,0,112/2,0,70,11.4,2,0,0,False,,931581,Rishabh Pant,Delhi Capitals,237199,Jalaj Saxena,Punjab Kings,,,28235,Shikhar Dhawan,2,9.6
ipl20,201105,1254068,2nd innings,196,49,0,113/2,0,71,11.5,1,0,0,False,,931581,Rishabh Pant,Delhi Capitals,237199,Jalaj Saxena,Punjab Kings,,,28235,Shikhar Dhawan,1,9.54
ipl20,201106,1254068,2nd innings,196,48,0,117/2,0,72,11.6,4,0,0,False,,28235,Shikhar Dhawan,Delhi Capitals,237199,Jalaj Saxena,Punjab Kings,,,931581,Rishabh Pant,4,9.75
ipl20,201201,1254068,2nd innings,196,47,0,117/2,0,73,12.1,0,0,0,False,,931581,Rishabh Pant,Delhi Capitals,481896,Mohammed Shami,Punjab Kings,,,28235,Shikhar Dhawan,0,9.61
ipl20,201202,1254068,2nd innings,196,46,0,118/2,0,74,12.2,1,0,0,False,,931581,Rishabh Pant,Delhi Capitals,481896,Mohammed Shami,Punjab Kings,,,28235,Shikhar Dhawan,1,9.56
ipl20,201203,1254068,2nd innings,196,45,0,124/2,0,75,12.3,6,0,0,False,,28235,Shikhar Dhawan,Delhi Capitals,481896,Mohammed Shami,Punjab Kings,,,931581,Rishabh Pant,6,9.92
ipl20,201204,1254068,2nd innings,196,44,0,125/2,0,76,12.4,1,0,0,False,,28235,Shikhar Dhawan,Delhi Capitals,481896,Mohammed Shami,Punjab Kings,,,931581,Rishabh Pant,1,9.86
ipl20,201205,1254068,2nd innings,196,43,0,125/2,0,77,12.5,0,0,0,False,,931581,Rishabh Pant,Delhi Capitals,481896,Mohammed Shami,Punjab Kings,,,28235,Shikhar Dhawan,0,9.74
ipl20,201206,1254068,2nd innings,196,42,0,125/2,0,78,12.6,0,0,0,False,,931581,Rishabh Pant,Delhi Capitals,481896,Mohammed Shami,Punjab Kings,,,28235,Shikhar Dhawan,0,9.61
ipl20,201301,1254068,2nd innings,196,41,0,129/2,0,79,13.1,4,0,0,False,,28235,Shikhar Dhawan,Delhi Capitals,961713,Riley Meredith,Punjab Kings,,,931581,Rishabh Pant,4,9.79
ipl20,201302,1254068,2nd innings,196,40,0,133/2,0,80,13.2,4,0,0,False,,28235,Shikhar Dhawan,Delhi Capitals,961713,Riley Meredith,Punjab Kings,,,931581,Rishabh Pant,4,9.97
ipl20,201303,1254068,2nd innings,196,39,0,137/2,0,81,13.3,4,0,0,False,,28235,Shikhar Dhawan,Delhi Capitals,961713,Riley Meredith,Punjab Kings,,,931581,Rishabh Pant,4,10.14
ipl20,201304,1254068,2nd innings,196,39,0,142/2,0,81,13.3,5,5,5,False,,28235,Shikhar Dhawan,Delhi Capitals,961713,Riley Meredith,Punjab Kings,,,931581,Rishabh Pant,5,10.51
ipl20,201305,1254068,2nd innings,196,38,0,143/2,0,82,13.4,1,0,0,False,,28235,Shikhar Dhawan,Delhi Capitals,961713,Riley Meredith,Punjab Kings,,,931581,Rishabh Pant,1,10.46
ipl20,201306,1254068,2nd innings,196,37,0,143/2,0,83,13.5,0,0,0,False,,931581,Rishabh Pant,Delhi Capitals,961713,Riley Meredith,Punjab Kings,,,28235,Shikhar Dhawan,0,10.33
ipl20,201307,1254068,2nd innings,196,36,0,143/2,0,84,13.6,0,0,0,False,,931581,Rishabh Pant,Delhi Capitals,961713,Riley Meredith,Punjab Kings,,,28235,Shikhar Dhawan,0,10.21
ipl20,201401,1254068,2nd innings,196,35,0,144/2,0,85,14.1,1,0,0,False,,28235,Shikhar Dhawan,Delhi Capitals,774223,Jhye Richardson,Punjab Kings,,,931581,Rishabh Pant,1,10.16
ipl20,201402,1254068,2nd innings,196,34,0,150/2,0,86,14.2,6,0,0,False,,931581,Rishabh Pant,Delhi Capitals,774223,Jhye Richardson,Punjab Kings,,,28235,Shikhar Dhawan,6,10.46
ipl20,201403,1254068,2nd innings,196,34,0,151/2,0,86,14.2,1,1,1,False,,931581,Rishabh Pant,Delhi Capitals,774223,Jhye Richardson,Punjab Kings,,,28235,Shikhar Dhawan,1,10.53
ipl20,201404,1254068,2nd innings,196,33,0,151/2,0,87,14.3,0,0,0,False,,931581,Rishabh Pant,Delhi Capitals,774223,Jhye Richardson,Punjab Kings,,,28235,Shikhar Dhawan,0,10.41
ipl20,201405,1254068,2nd innings,196,32,0,152/2,0,88,14.4,1,0,0,False,,931581,Rishabh Pant,Delhi Capitals,774223,Jhye Richardson,Punjab Kings,,,28235,Shikhar Dhawan,1,10.36
ipl20,201406,1254068,2nd innings,196,31,0,152/3,3,89,14.5,0,0,0,True,bowled,28235,Shikhar Dhawan,Delhi Capitals,774223,Jhye Richardson,Punjab Kings,28235,Shikhar Dhawan,931581,Rishabh Pant,0,10.24
ipl20,201407,1254068,2nd innings,196,30,0,152/3,0,90,14.6,0,0,0,False,,325012,Marcus Stoinis,Delhi Capitals,774223,Jhye Richardson,Punjab Kings,,,931581,Rishabh Pant,0,10.13
ipl20,201501,1254068,2nd innings,196,29,0,153/3,0,91,15.1,1,0,0,False,,931581,Rishabh Pant,Delhi Capitals,1125976,Arshdeep Singh,Punjab Kings,,,325012,Marcus Stoinis,1,10.08
ipl20,201502,1254068,2nd innings,196,28,0,155/3,0,92,15.2,2,0,0,False,,325012,Marcus Stoinis,Delhi Capitals,1125976,Arshdeep Singh,Punjab Kings,,,931581,Rishabh Pant,2,10.1
ipl20,201503,1254068,2nd innings,196,27,0,156/3,0,93,15.3,1,0,0,False,,325012,Marcus Stoinis,Delhi Capitals,1125976,Arshdeep Singh,Punjab Kings,,,931581,Rishabh Pant,1,10.06
ipl20,201504,1254068,2nd innings,196,26,0,157/3,0,94,15.4,1,0,0,False,,931581,Rishabh Pant,Delhi Capitals,1125976,Arshdeep Singh,Punjab Kings,,,325012,Marcus Stoinis,1,10.02
ipl20,201505,1254068,2nd innings,196,25,0,159/3,0,95,15.5,2,0,0,False,,325012,Marcus Stoinis,Delhi Capitals,1125976,Arshdeep Singh,Punjab Kings,,,931581,Rishabh Pant,2,10.04
ipl20,201506,1254068,2nd innings,196,24,0,160/3,0,96,15.6,1,0,0,False,,325012,Marcus Stoinis,Delhi Capitals,1125976,Arshdeep Singh,Punjab Kings,,,931581,Rishabh Pant,1,10.0
ipl20,201601,1254068,2nd innings,196,23,0,161/3,0,97,16.1,1,0,0,False,,325012,Marcus Stoinis,Delhi Capitals,481896,Mohammed Shami,Punjab Kings,,,931581,Rishabh Pant,1,9.95
ipl20,201602,1254068,2nd innings,196,23,0,163/3,0,97,16.1,2,1,1,False,,931581,Rishabh Pant,Delhi Capitals,481896,Mohammed Shami,Punjab Kings,,,325012,Marcus Stoinis,2,10.08
ipl20,201603,1254068,2nd innings,196,22,0,167/3,0,98,16.2,4,0,0,False,,325012,Marcus Stoinis,Delhi Capitals,481896,Mohammed Shami,Punjab Kings,,,931581,Rishabh Pant,4,10.22
ipl20,201604,1254068,2nd innings,196,22,0,168/3,0,98,16.2,1,1,1,False,,325012,Marcus Stoinis,Delhi Capitals,481896,Mohammed Shami,Punjab Kings,,,931581,Rishabh Pant,1,10.28
ipl20,201605,1254068,2nd innings,196,21,0,174/3,0,99,16.3,6,0,0,False,,325012,Marcus Stoinis,Delhi Capitals,481896,Mohammed Shami,Punjab Kings,,,931581,Rishabh Pant,6,10.54
ipl20,201606,1254068,2nd innings,196,20,0,178/3,0,100,16.4,4,0,0,False,,325012,Marcus Stoinis,Delhi Capitals,481896,Mohammed Shami,Punjab Kings,,,931581,Rishabh Pant,4,10.68
ipl20,201607,1254068,2nd innings,196,19,0,179/3,0,101,16.5,1,0,0,False,,325012,Marcus Stoinis,Delhi Capitals,481896,Mohammed Shami,Punjab Kings,,,931581,Rishabh Pant,1,10.63
ipl20,201608,1254068,2nd innings,196,18,0,180/3,0,102,16.6,1,0,0,False,,931581,Rishabh Pant,Delhi Capitals,481896,Mohammed Shami,Punjab Kings,,,325012,Marcus Stoinis,1,10.58
ipl20,201701,1254068,2nd innings,196,17,0,180/4,4,103,17.1,0,0,0,True,caught,931581,Rishabh Pant,Delhi Capitals,774223,Jhye Richardson,Punjab Kings,497121,Deepak Hooda,325012,Marcus Stoinis,0,10.48
ipl20,201702,1254068,2nd innings,196,16,0,181/4,0,104,17.2,1,0,0,False,,325012,Marcus Stoinis,Delhi Capitals,774223,Jhye Richardson,Punjab Kings,,,930189,Lalit Yadav,1,10.44
ipl20,201703,1254068,2nd innings,196,15,0,181/4,0,105,17.3,0,0,0,False,,930189,Lalit Yadav,Delhi Capitals,774223,Jhye Richardson,Punjab Kings,,,325012,Marcus Stoinis,0,10.34
ipl20,201704,1254068,2nd innings,196,14,0,185/4,0,106,17.4,4,0,0,False,,930189,Lalit Yadav,Delhi Capitals,774223,Jhye Richardson,Punjab Kings,,,325012,Marcus Stoinis,4,10.47
ipl20,201705,1254068,2nd innings,196,13,0,187/4,0,107,17.5,2,0,0,False,,930189,Lalit Yadav,Delhi Capitals,774223,Jhye Richardson,Punjab Kings,,,325012,Marcus Stoinis,2,10.48
ipl20,201706,1254068,2nd innings,196,12,0,188/4,0,108,17.6,1,0,0,False,,930189,Lalit Yadav,Delhi Capitals,774223,Jhye Richardson,Punjab Kings,,,325012,Marcus Stoinis,1,10.44
ipl20,201801,1254068,2nd innings,196,12,0,193/4,0,108,18.0,5,1,1,False,,930189,Lalit Yadav,Delhi Capitals,961713,Riley Meredith,Punjab Kings,,,325012,Marcus Stoinis,5,10.72
ipl20,201802,1254068,2nd innings,196,11,0,194/4,0,109,18.1,1,0,0,False,,930189,Lalit Yadav,Delhi Capitals,961713,Riley Meredith,Punjab Kings,,,325012,Marcus Stoinis,1,10.67
ipl20,201803,1254068,2nd innings,196,10,0,198/4,0,110,18.2,4,0,0,False,,325012,Marcus Stoinis,Delhi Capitals,961713,Riley Meredith,Punjab Kings,,,930189,Lalit Yadav,4,10.8
