ipl_season,sequence,eventid,innings,target,remainingballs,homescore,awayscore,fallofwickets,ball,over,scorevalue,validball,extras,dismissal,dismissaltype,batsmanid,batsman,batsmanteam,bowlerid,bowler,bowlerteam,otherathleteinvolvedid,otherathleteinvolved,nonstrikerid,nonstriker,runs,runrate
ipl20,100001,1254061,1st innings,0,119,0/0,0,0,1,0.1,0,0,0,False,,422108,KL Rahul,Punjab Kings,1131754,Chetan Sakariya,Rajasthan Royals,,,398438,Mayank Agarwal,0,0.0
ipl20,100002,1254061,1st innings,0,118,1/0,0,0,2,0.2,1,0,0,False,,422108,KL Rahul,Punjab Kings,1131754,Chetan Sakariya,Rajasthan Royals,,,398438,Mayank Agarwal,1,3.0
ipl20,100003,1254061,1st innings,0,117,5/0,0,0,3,0.3,4,0,0,False,,398438,Mayank Agarwal,Punjab Kings,1131754,Chetan Sakariya,Rajasthan Royals,,,422108,KL Rahul,4,10.0
ipl20,100004,1254061,1st innings,0,116,5/0,0,0,4,0.4,0,0,0,False,,398438,Mayank Agarwal,Punjab Kings,1131754,Chetan Sakariya,Rajasthan Royals,,,422108,KL Rahul,0,7.5
ipl20,100005,1254061,1st innings,0,115,6/0,0,0,5,0.5,1,0,0,False,,398438,Mayank Agarwal,Punjab Kings,1131754,Chetan Sakariya,Rajasthan Royals,,,422108,KL Rahul,1,7.2
ipl20,100006,1254061,1st innings,0,114,10/0,0,0,6,0.6,4,0,0,False,,422108,KL Rahul,Punjab Kings,1131754,Chetan Sakariya,Rajasthan Royals,,,398438,Mayank Agarwal,4,10.0
ipl20,100101,1254061,1st innings,0,113,12/0,0,0,7,1.1,2,0,0,False,,398438,Mayank Agarwal,Punjab Kings,330902,Mustafizur Rahman,Rajasthan Royals,,,422108,KL Rahul,2,10.28
ipl20,100102,1254061,1st innings,0,112,12/0,0,0,8,1.2,0,0,0,False,,398438,Mayank Agarwal,Punjab Kings,330902,Mustafizur Rahman,Rajasthan Royals,,,422108,KL Rahul,0,9.0
ipl20,100103,1254061,1st innings,0,111,13/0,0,0,9,1.3,1,0,0,False,,398438,Mayank Agarwal,Punjab Kings,330902,Mustafizur Rahman,Rajasthan Royals,,,422108,KL Rahul,1,8.66
ipl20,100104,1254061,1st innings,0,110,14/0,0,0,10,1.4,1,0,0,False,,422108,KL Rahul,Punjab Kings,330902,Mustafizur Rahman,Rajasthan Royals,,,398438,Mayank Agarwal,1,8.4
ipl20,100105,1254061,1st innings,0,110,15/0,0,0,10,1.4,1,1,1,False,,398438,Mayank Agarwal,Punjab Kings,330902,Mustafizur Rahman,Rajasthan Royals,,,422108,KL Rahul,1,9.0
ipl20,100106,1254061,1st innings,0,109,17/0,0,0,11,1.5,2,0,0,False,,398438,Mayank Agarwal,Punjab Kings,330902,Mustafizur Rahman,Rajasthan Royals,,,422108,KL Rahul,2,9.27
ipl20,100107,1254061,1st innings,0,108,21/0,0,0,12,1.6,4,0,0,False,,398438,Mayank Agarwal,Punjab Kings,330902,Mustafizur Rahman,Rajasthan Royals,,,422108,KL Rahul,4,10.5
ipl20,100201,1254061,1st innings,0,107,21/0,0,0,13,2.1,0,0,0,False,,422108,KL Rahul,Punjab Kings,1131754,Chetan Sakariya,Rajasthan Royals,,,398438,Mayank Agarwal,0,9.69
ipl20,100202,1254061,1st innings,0,106,21/0,0,0,14,2.2,0,0,0,False,,422108,KL Rahul,Punjab Kings,1131754,Chetan Sakariya,Rajasthan Royals,,,398438,Mayank Agarwal,0,9.0
ipl20,100203,1254061,1st innings,0,105,22/0,0,0,15,2.3,1,0,0,False,,422108,KL Rahul,Punjab Kings,1131754,Chetan Sakariya,Rajasthan Royals,,,398438,Mayank Agarwal,1,8.8
ipl20,100204,1254061,1st innings,0,104,22/1,0,1,16,2.4,0,0,0,True,caught,398438,Mayank Agarwal,Punjab Kings,1131754,Chetan Sakariya,Rajasthan Royals,1131754,Chetan Sakariya,422108,KL Rahul,0,8.25
ipl20,100205,1254061,1st innings,0,103,22/1,0,0,17,2.5,0,0,0,False,,51880,Chris Gayle,Punjab Kings,1131754,Chetan Sakariya,Rajasthan Royals,,,422108,KL Rahul,0,7.76
ipl20,100206,1254061,1st innings,0,102,22/1,0,0,18,2.6,0,0,0,False,,51880,Chris Gayle,Punjab Kings,1131754,Chetan Sakariya,Rajasthan Royals,,,422108,KL Rahul,0,7.33
ipl20,100301,1254061,1st innings,0,101,26/1,0,0,19,3.1,4,0,0,False,,422108,KL Rahul,Punjab Kings,439952,Chris Morris,Rajasthan Royals,,,51880,Chris Gayle,4,8.21
ipl20,100302,1254061,1st innings,0,100,28/1,0,0,20,3.2,2,0,0,False,,422108,KL Rahul,Punjab Kings,439952,Chris Morris,Rajasthan Royals,,,51880,Chris Gayle,2,8.4
ipl20,100303,1254061,1st innings,0,99,28/1,0,0,21,3.3,0,0,0,False,,422108,KL Rahul,Punjab Kings,439952,Chris Morris,Rajasthan Royals,,,51880,Chris Gayle,0,8.0
ipl20,100304,1254061,1st innings,0,98,28/1,0,0,22,3.4,0,0,0,False,,422108,KL Rahul,Punjab Kings,439952,Chris Morris,Rajasthan Royals,,,51880,Chris Gayle,0,7.63
ipl20,100305,1254061,1st innings,0,98,29/1,0,0,22,3.4,1,1,1,False,,422108,KL Rahul,Punjab Kings,439952,Chris Morris,Rajasthan Royals,,,51880,Chris Gayle,1,7.9
ipl20,100306,1254061,1st innings,0,97,30/1,0,0,23,3.5,1,0,0,False,,422108,KL Rahul,Punjab Kings,439952,Chris Morris,Rajasthan Royals,,,51880,Chris Gayle,1,7.82
ipl20,100307,1254061,1st innings,0,96,31/1,0,0,24,3.6,1,0,0,False,,51880,Chris Gayle,Punjab Kings,439952,Chris Morris,Rajasthan Royals,,,422108,KL Rahul,1,7.75
ipl20,100401,1254061,1st innings,0,95,31/1,0,0,25,4.1,0,0,0,False,,51880,Chris Gayle,Punjab Kings,330902,Mustafizur Rahman,Rajasthan Royals,,,422108,KL Rahul,0,7.44
ipl20,100402,1254061,1st innings,0,94,32/1,0,0,26,4.2,1,0,0,False,,51880,Chris Gayle,Punjab Kings,330902,Mustafizur Rahman,Rajasthan Royals,,,422108,KL Rahul,1,7.38
ipl20,100403,1254061,1st innings,0,93,33/1,0,0,27,4.3,1,0,0,False,,422108,KL Rahul,Punjab Kings,330902,Mustafizur Rahman,Rajasthan Royals,,,51880,Chris Gayle,1,7.33
ipl20,100404,1254061,1st innings,0,93,34/1,0,0,27,4.3,1,1,1,False,,51880,Chris Gayle,Punjab Kings,330902,Mustafizur Rahman,Rajasthan Royals,,,422108,KL Rahul,1,7.55
ipl20,100405,1254061,1st innings,0,92,38/1,0,0,28,4.4,4,0,0,False,,51880,Chris Gayle,Punjab Kings,330902,Mustafizur Rahman,Rajasthan Royals,,,422108,KL Rahul,4,8.14
ipl20,100406,1254061,1st innings,0,91,38/1,0,0,29,4.5,0,0,0,False,,51880,Chris Gayle,Punjab Kings,330902,Mustafizur Rahman,Rajasthan Royals,,,422108,KL Rahul,0,7.86
ipl20,100407,1254061,1st innings,0,90,39/1,0,0,30,4.6,1,0,0,False,,51880,Chris Gayle,Punjab Kings,330902,Mustafizur Rahman,Rajasthan Royals,,,422108,KL Rahul,1,7.8
ipl20,100501,1254061,1st innings,0,89,39/1,0,0,31,5.1,0,0,0,False,,51880,Chris Gayle,Punjab Kings,439952,Chris Morris,Rajasthan Royals,,,422108,KL Rahul,0,7.54
ipl20,100502,1254061,1st innings,0,88,39/1,0,0,32,5.2,0,0,0,False,,51880,Chris Gayle,Punjab Kings,439952,Chris Morris,Rajasthan Royals,,,422108,KL Rahul,0,7.31
ipl20,100503,1254061,1st innings,0,87,41/1,0,0,33,5.3,2,0,0,False,,51880,Chris Gayle,Punjab Kings,439952,Chris Morris,Rajasthan Royals,,,422108,KL Rahul,2,7.45
ipl20,100504,1254061,1st innings,0,86,41/1,0,0,34,5.4,0,0,0,False,,51880,Chris Gayle,Punjab Kings,439952,Chris Morris,Rajasthan Royals,,,422108,KL Rahul,0,7.23
ipl20,100505,1254061,1st innings,0,85,45/1,0,0,35,5.5,4,0,0,False,,51880,Chris Gayle,Punjab Kings,439952,Chris Morris,Rajasthan Royals,,,422108,KL Rahul,4,7.71
ipl20,100506,1254061,1st innings,0,84,46/1,0,0,36,5.6,1,0,0,False,,51880,Chris Gayle,Punjab Kings,439952,Chris Morris,Rajasthan Royals,,,422108,KL Rahul,1,7.66
ipl20,100601,1254061,1st innings,0,83,47/1,0,0,37,6.1,1,0,0,False,,51880,Chris Gayle,Punjab Kings,344580,Shreyas Gopal,Rajasthan Royals,,,422108,KL Rahul,1,7.62
ipl20,100602,1254061,1st innings,0,82,47/1,0,0,38,6.2,0,0,0,False,,422108,KL Rahul,Punjab Kings,344580,Shreyas Gopal,Rajasthan Royals,,,51880,Chris Gayle,0,7.42
ipl20,100603,1254061,1st innings,0,81,51/1,0,0,39,6.3,4,0,0,False,,422108,KL Rahul,Punjab Kings,344580,Shreyas Gopal,Rajasthan Royals,,,51880,Chris Gayle,4,7.84
ipl20,100604,1254061,1st innings,0,80,52/1,0,0,40,6.4,1,0,0,False,,422108,KL Rahul,Punjab Kings,344580,Shreyas Gopal,Rajasthan Royals,,,51880,Chris Gayle,1,7.8
ipl20,100605,1254061,1st innings,0,79,56/1,0,0,41,6.5,4,0,0,False,,51880,Chris Gayle,Punjab Kings,344580,Shreyas Gopal,Rajasthan Royals,,,422108,KL Rahul,4,8.19
ipl20,100606,1254061,1st innings,0,78,58/1,0,0,42,6.6,2,0,0,False,,51880,Chris Gayle,Punjab Kings,344580,Shreyas Gopal,Rajasthan Royals,,,422108,KL Rahul,2,8.28
ipl20,100701,1254061,1st innings,0,77,62/1,0,0,43,7.1,4,0,0,False,,422108,KL Rahul,Punjab Kings,311158,Ben Stokes,Rajasthan Royals,,,51880,Chris Gayle,4,8.65
ipl20,100702,1254061,1st innings,0,76,63/1,0,0,44,7.2,1,0,0,False,,422108,KL Rahul,Punjab Kings,311158,Ben Stokes,Rajasthan Royals,,,51880,Chris Gayle,1,8.59
ipl20,100703,1254061,1st innings,0,75,69/1,0,0,45,7.3,6,0,0,False,,51880,Chris Gayle,Punjab Kings,311158,Ben Stokes,Rajasthan Royals,,,422108,KL Rahul,6,9.2
ipl20,100704,1254061,1st innings,0,74,69/1,0,0,46,7.4,0,0,0,False,,51880,Chris Gayle,Punjab Kings,311158,Ben Stokes,Rajasthan Royals,,,422108,KL Rahul,0,9.0
ipl20,100705,1254061,1st innings,0,73,69/1,0,0,47,7.5,0,0,0,False,,51880,Chris Gayle,Punjab Kings,311158,Ben Stokes,Rajasthan Royals,,,422108,KL Rahul,0,8.8
ipl20,100706,1254061,1st innings,0,72,70/1,0,0,48,7.6,1,0,0,False,,51880,Chris Gayle,Punjab Kings,311158,Ben Stokes,Rajasthan Royals,,,422108,KL Rahul,1,8.75
ipl20,100801,1254061,1st innings,0,71,71/1,0,0,49,8.1,1,0,0,False,,51880,Chris Gayle,Punjab Kings,423838,Rahul Tewatia,Rajasthan Royals,,,422108,KL Rahul,1,8.69
ipl20,100802,1254061,1st innings,0,70,72/1,0,0,50,8.2,1,0,0,False,,422108,KL Rahul,Punjab Kings,423838,Rahul Tewatia,Rajasthan Royals,,,51880,Chris Gayle,1,8.64
ipl20,100803,1254061,1st innings,0,69,72/1,0,0,51,8.3,0,0,0,False,,51880,Chris Gayle,Punjab Kings,423838,Rahul Tewatia,Rajasthan Royals,,,422108,KL Rahul,0,8.47
ipl20,100804,1254061,1st innings,0,68,76/1,0,0,52,8.4,4,0,0,False,,51880,Chris Gayle,Punjab Kings,423838,Rahul Tewatia,Rajasthan Royals,,,422108,KL Rahul,4,8.76
ipl20,100805,1254061,1st innings,0,67,76/1,0,0,53,8.5,0,0,0,False,,51880,Chris Gayle,Punjab Kings,423838,Rahul Tewatia,Rajasthan Royals,,,422108,KL Rahul,0,8.6
ipl20,100806,1254061,1st innings,0,66,82/1,0,0,54,8.6,6,0,0,False,,51880,Chris Gayle,Punjab Kings,423838,Rahul Tewatia,Rajasthan Royals,,,422108,KL Rahul,6,9.11
ipl20,100901,1254061,1st innings,0,65,86/1,0,0,55,9.1,4,0,0,False,,422108,KL Rahul,Punjab Kings,1079434,Riyan Parag,Rajasthan Royals,,,51880,Chris Gayle,4,9.38
ipl20,100902,1254061,1st innings,0,64,87/1,0,0,56,9.2,1,0,0,False,,422108,KL Rahul,Punjab Kings,1079434,Riyan Parag,Rajasthan Royals,,,51880,Chris Gayle,1,9.32
ipl20,100903,1254061,1st innings,0,63,88/1,0,0,57,9.3,1,0,0,False,,51880,Chris Gayle,Punjab Kings,1079434,Riyan Parag,Rajasthan Royals,,,422108,KL Rahul,1,9.26
ipl20,100904,1254061,1st innings,0,62,89/1,0,0,58,9.4,1,0,0,False,,422108,KL Rahul,Punjab Kings,1079434,Riyan Parag,Rajasthan Royals,,,51880,Chris Gayle,1,9.2
ipl20,100905,1254061,1st innings,0,61,89/2,0,2,59,9.5,0,0,0,True,caught,51880,Chris Gayle,Punjab Kings,1079434,Riyan Parag,Rajasthan Royals,311158,Ben Stokes,422108,KL Rahul,0,9.05
ipl20,100906,1254061,1st innings,0,60,89/2,0,0,60,9.6,0,0,0,False,,497121,Deepak Hooda,Punjab Kings,1079434,Riyan Parag,Rajasthan Royals,,,422108,KL Rahul,0,8.9
ipl20,101001,1254061,1st innings,0,59,91/2,0,0,61,10.1,2,0,0,False,,422108,KL Rahul,Punjab Kings,423838,Rahul Tewatia,Rajasthan Royals,,,497121,Deepak Hooda,2,8.95
ipl20,101002,1254061,1st innings,0,58,92/2,0,0,62,10.2,1,0,0,False,,422108,KL Rahul,Punjab Kings,423838,Rahul Tewatia,Rajasthan Royals,,,497121,Deepak Hooda,1,8.9
ipl20,101003,1254061,1st innings,0,57,93/2,0,0,63,10.3,1,0,0,False,,497121,Deepak Hooda,Punjab Kings,423838,Rahul Tewatia,Rajasthan Royals,,,422108,KL Rahul,1,8.85
ipl20,101004,1254061,1st innings,0,56,95/2,0,0,64,10.4,2,0,0,False,,422108,KL Rahul,Punjab Kings,423838,Rahul Tewatia,Rajasthan Royals,,,497121,Deepak Hooda,2,8.9
ipl20,101005,1254061,1st innings,0,55,101/2,0,0,65,10.5,6,0,0,False,,422108,KL Rahul,Punjab Kings,423838,Rahul Tewatia,Rajasthan Royals,,,497121,Deepak Hooda,6,9.32
ipl20,101006,1254061,1st innings,0,54,102/2,0,0,66,10.6,1,0,0,False,,422108,KL Rahul,Punjab Kings,423838,Rahul Tewatia,Rajasthan Royals,,,497121,Deepak Hooda,1,9.27
ipl20,101101,1254061,1st innings,0,53,103/2,0,0,67,11.1,1,0,0,False,,422108,KL Rahul,Punjab Kings,344580,Shreyas Gopal,Rajasthan Royals,,,497121,Deepak Hooda,1,9.22
ipl20,101102,1254061,1st innings,0,52,104/2,0,0,68,11.2,1,0,0,False,,497121,Deepak Hooda,Punjab Kings,344580,Shreyas Gopal,Rajasthan Royals,,,422108,KL Rahul,1,9.17
ipl20,101103,1254061,1st innings,0,51,105/2,0,0,69,11.3,1,0,0,False,,422108,KL Rahul,Punjab Kings,344580,Shreyas Gopal,Rajasthan Royals,,,497121,Deepak Hooda,1,9.13
ipl20,101104,1254061,1st innings,0,50,105/2,0,0,70,11.4,0,0,0,False,,497121,Deepak Hooda,Punjab Kings,344580,Shreyas Gopal,Rajasthan Royals,,,422108,KL Rahul,0,9.0
ipl20,101105,1254061,1st innings,0,49,109/2,0,0,71,11.5,4,0,0,False,,497121,Deepak Hooda,Punjab Kings,344580,Shreyas Gopal,Rajasthan Royals,,,422108,KL Rahul,4,9.21
ipl20,101106,1254061,1st innings,0,48,110/2,0,0,72,11.6,1,0,0,False,,497121,Deepak Hooda,Punjab Kings,344580,Shreyas Gopal,Rajasthan Royals,,,422108,KL Rahul,1,9.16
ipl20,101201,1254061,1st innings,0,47,111/2,0,0,73,12.1,1,0,0,False,,497121,Deepak Hooda,Punjab Kings,714451,Shivam Dube,Rajasthan Royals,,,422108,KL Rahul,1,9.12
ipl20,101202,1254061,1st innings,0,46,117/2,0,0,74,12.2,6,0,0,False,,422108,KL Rahul,Punjab Kings,714451,Shivam Dube,Rajasthan Royals,,,497121,Deepak Hooda,6,9.48
ipl20,101203,1254061,1st innings,0,45,118/2,0,0,75,12.3,1,0,0,False,,422108,KL Rahul,Punjab Kings,714451,Shivam Dube,Rajasthan Royals,,,497121,Deepak Hooda,1,9.44
ipl20,101204,1254061,1st innings,0,44,124/2,0,0,76,12.4,6,0,0,False,,497121,Deepak Hooda,Punjab Kings,714451,Shivam Dube,Rajasthan Royals,,,422108,KL Rahul,6,9.78
ipl20,101205,1254061,1st innings,0,43,124/2,0,0,77,12.5,0,0,0,False,,497121,Deepak Hooda,Punjab Kings,714451,Shivam Dube,Rajasthan Royals,,,422108,KL Rahul,0,9.66
ipl20,101206,1254061,1st innings,0,42,130/2,0,0,78,12.6,6,0,0,False,,497121,Deepak Hooda,Punjab Kings,714451,Shivam Dube,Rajasthan Royals,,,422108,KL Rahul,6,10.0
ipl20,101301,1254061,1st innings,0,41,131/2,0,0,79,13.1,1,0,0,False,,422108,KL Rahul,Punjab Kings,344580,Shreyas Gopal,Rajasthan Royals,,,497121,Deepak Hooda,1,9.94
ipl20,101302,1254061,1st innings,0,40,137/2,0,0,80,13.2,6,0,0,False,,497121,Deepak Hooda,Punjab Kings,344580,Shreyas Gopal,Rajasthan Royals,,,422108,KL Rahul,6,10.27
ipl20,101303,1254061,1st innings,0,39,143/2,0,0,81,13.3,6,0,0,False,,497121,Deepak Hooda,Punjab Kings,344580,Shreyas Gopal,Rajasthan Royals,,,422108,KL Rahul,6,10.59
ipl20,101304,1254061,1st innings,0,38,143/2,0,0,82,13.4,0,0,0,False,,497121,Deepak Hooda,Punjab Kings,344580,Shreyas Gopal,Rajasthan Royals,,,422108,KL Rahul,0,10.46
ipl20,101305,1254061,1st innings,0,37,149/2,0,0,83,13.5,6,0,0,False,,497121,Deepak Hooda,Punjab Kings,344580,Shreyas Gopal,Rajasthan Royals,,,422108,KL Rahul,6,10.77
ipl20,101306,1254061,1st innings,0,36,150/2,0,0,84,13.6,1,0,0,False,,497121,Deepak Hooda,Punjab Kings,344580,Shreyas Gopal,Rajasthan Royals,,,422108,KL Rahul,1,10.71
ipl20,101401,1254061,1st innings,0,35,151/2,0,0,85,14.1,1,0,0,False,,497121,Deepak Hooda,Punjab Kings,330902,Mustafizur Rahman,Rajasthan Royals,,,422108,KL Rahul,1,10.65
ipl20,101402,1254061,1st innings,0,34,153/2,0,0,86,14.2,2,0,0,False,,422108,KL Rahul,Punjab Kings,330902,Mustafizur Rahman,Rajasthan Royals,,,497121,Deepak Hooda,2,10.67
ipl20,101403,1254061,1st innings,0,33,153/2,0,0,87,14.3,0,0,0,False,,422108,KL Rahul,Punjab Kings,330902,Mustafizur Rahman,Rajasthan Royals,,,497121,Deepak Hooda,0,10.55
ipl20,101404,1254061,1st innings,0,32,159/2,0,0,88,14.4,6,0,0,False,,422108,KL Rahul,Punjab Kings,330902,Mustafizur Rahman,Rajasthan Royals,,,497121,Deepak Hooda,6,10.84
ipl20,101405,1254061,1st innings,0,31,160/2,0,0,89,14.5,1,0,0,False,,422108,KL Rahul,Punjab Kings,330902,Mustafizur Rahman,Rajasthan Royals,,,497121,Deepak Hooda,1,10.78
ipl20,101406,1254061,1st innings,0,30,161/2,0,0,90,14.6,1,0,0,False,,497121,Deepak Hooda,Punjab Kings,330902,Mustafizur Rahman,Rajasthan Royals,,,422108,KL Rahul,1,10.73
ipl20,101501,1254061,1st innings,0,29,167/2,0,0,91,15.1,6,0,0,False,,497121,Deepak Hooda,Punjab Kings,439952,Chris Morris,Rajasthan Royals,,,422108,KL Rahul,6,11.01
ipl20,101502,1254061,1st innings,0,28,169/2,0,0,92,15.2,2,0,0,False,,497121,Deepak Hooda,Punjab Kings,439952,Chris Morris,Rajasthan Royals,,,422108,KL Rahul,2,11.02
ipl20,101503,1254061,1st innings,0,27,170/2,0,0,93,15.3,1,0,0,False,,497121,Deepak Hooda,Punjab Kings,439952,Chris Morris,Rajasthan Royals,,,422108,KL Rahul,1,10.96
ipl20,101504,1254061,1st innings,0,26,170/2,0,0,94,15.4,0,0,0,False,,422108,KL Rahul,Punjab Kings,439952,Chris Morris,Rajasthan Royals,,,497121,Deepak Hooda,0,10.85
ipl20,101505,1254061,1st innings,0,25,171/2,0,0,95,15.5,1,0,0,False,,422108,KL Rahul,Punjab Kings,439952,Chris Morris,Rajasthan Royals,,,497121,Deepak Hooda,1,10.8
ipl20,101506,1254061,1st innings,0,24,172/2,0,0,96,15.6,1,0,0,False,,497121,Deepak Hooda,Punjab Kings,439952,Chris Morris,Rajasthan Royals,,,422108,KL Rahul,1,10.75
ipl20,101601,1254061,1st innings,0,23,172/2,0,0,97,16.1,0,0,0,False,,497121,Deepak Hooda,Punjab Kings,1131754,Chetan Sakariya,Rajasthan Royals,,,422108,KL Rahul,0,10.63
ipl20,101602,1254061,1st innings,0,22,173/2,0,0,98,16.2,1,0,0,False,,497121,Deepak Hooda,Punjab Kings,1131754,Chetan Sakariya,Rajasthan Royals,,,422108,KL Rahul,1,10.59
ipl20,101603,1254061,1st innings,0,21,174/2,0,0,99,16.3,1,0,0,False,,422108,KL Rahul,Punjab Kings,1131754,Chetan Sakariya,Rajasthan Royals,,,497121,Deepak Hooda,1,10.54
ipl20,101604,1254061,1st innings,0,20,174/2,0,0,100,16.4,0,0,0,False,,497121,Deepak Hooda,Punjab Kings,1131754,Chetan Sakariya,Rajasthan Royals,,,422108,KL Rahul,0,10.44
ipl20,101605,1254061,1st innings,0,19,178/2,0,0,101,16.5,4,0,0,False,,497121,Deepak Hooda,Punjab Kings,1131754,Chetan Sakariya,Rajasthan Royals,,,422108,KL Rahul,4,10.57
ipl20,101606,1254061,1st innings,0,19,183/2,0,0,101,16.5,5,1,1,False,,497121,Deepak Hooda,Punjab Kings,1131754,Chetan Sakariya,Rajasthan Royals,,,422108,KL Rahul,5,10.87
ipl20,101607,1254061,1st innings,0,18,187/2,0,0,102,16.6,4,0,0,False,,497121,Deepak Hooda,Punjab Kings,1131754,Chetan Sakariya,Rajasthan Royals,,,422108,KL Rahul,4,11.0
ipl20,101701,1254061,1st innings,0,17,193/2,0,0,103,17.1,6,0,0,False,,422108,KL Rahul,Punjab Kings,439952,Chris Morris,Rajasthan Royals,,,497121,Deepak Hooda,6,11.24
ipl20,101702,1254061,1st innings,0,16,194/2,0,0,104,17.2,1,0,0,False,,422108,KL Rahul,Punjab Kings,439952,Chris Morris,Rajasthan Royals,,,497121,Deepak Hooda,1,11.19
ipl20,101703,1254061,1st innings,0,15,194/3,0,3,105,17.3,0,0,0,True,caught,497121,Deepak Hooda,Punjab Kings,439952,Chris Morris,Rajasthan Royals,439952,Chris Morris,422108,KL Rahul,0,11.08
ipl20,101704,1254061,1st innings,0,14,200/3,0,0,106,17.4,6,0,0,False,,422108,KL Rahul,Punjab Kings,439952,Chris Morris,Rajasthan Royals,,,604302,Nicholas Pooran,6,11.32
ipl20,101705,1254061,1st innings,0,13,201/3,0,0,107,17.5,1,0,0,False,,422108,KL Rahul,Punjab Kings,439952,Chris Morris,Rajasthan Royals,,,604302,Nicholas Pooran,1,11.27
ipl20,101706,1254061,1st innings,0,12,201/4,0,4,108,17.6,0,0,0,True,caught,604302,Nicholas Pooran,Punjab Kings,439952,Chris Morris,Rajasthan Royals,1131754,Chetan Sakariya,422108,KL Rahul,0,11.16
ipl20,101801,1254061,1st innings,0,11,202/4,0,0,109,18.1,1,0,0,False,,422108,KL Rahul,Punjab Kings,330902,Mustafizur Rahman,Rajasthan Royals,,,719719,Shahrukh Khan,1,11.11
ipl20,101802,1254061,1st innings,0,10,203/4,0,0,110,18.2,1,0,0,False,,719719,Shahrukh Khan,Punjab Kings,330902,Mustafizur Rahman,Rajasthan Royals,,,422108,KL Rahul,1,11.07
ipl20,101803,1254061,1st innings,0,10,204/4,0,0,110,18.2,1,1,1,False,,422108,KL Rahul,Punjab Kings,330902,Mustafizur Rahman,Rajasthan Royals,,,719719,Shahrukh Khan,1,11.12
ipl20,101804,1254061,1st innings,0,10,205/4,0,0,110,18.2,1,1,1,False,,422108,KL Rahul,Punjab Kings,330902,Mustafizur Rahman,Rajasthan Royals,,,719719,Shahrukh Khan,1,11.18
ipl20,101805,1254061,1st innings,0,9,209/4,0,0,111,18.3,4,0,0,False,,422108,KL Rahul,Punjab Kings,330902,Mustafizur Rahman,Rajasthan Royals,,,719719,Shahrukh Khan,4,11.29
ipl20,101806,1254061,1st innings,0,8,211/4,0,0,112,18.4,2,0,0,False,,422108,KL Rahul,Punjab Kings,330902,Mustafizur Rahman,Rajasthan Royals,,,719719,Shahrukh Khan,2,11.3
ipl20,101807,1254061,1st innings,0,7,212/4,0,0,113,18.5,1,0,0,False,,422108,KL Rahul,Punjab Kings,330902,Mustafizur Rahman,Rajasthan Royals,,,719719,Shahrukh Khan,1,11.25
ipl20,101808,1254061,1st innings,0,6,216/4,0,0,114,18.6,4,0,0,False,,719719,Shahrukh Khan,Punjab Kings,330902,Mustafizur Rahman,Rajasthan Royals,,,422108,KL Rahul,4,11.36
ipl20,101901,1254061,1st innings,0,5,220/4,0,0,115,19.1,4,0,0,False,,422108,KL Rahul,Punjab Kings,1131754,Chetan Sakariya,Rajasthan Royals,,,719719,Shahrukh Khan,4,11.47
ipl20,101902,1254061,1st innings,0,4,220/5,0,5,116,19.2,0,0,0,True,caught,422108,KL Rahul,Punjab Kings,1131754,Chetan Sakariya,Rajasthan Royals,1131754,Chetan Sakariya,719719,Shahrukh Khan,0,11.37
ipl20,101903,1254061,1st innings,0,3,220/5,0,0,117,19.3,0,0,0,False,,719719,Shahrukh Khan,Punjab Kings,1131754,Chetan Sakariya,Rajasthan Royals,,,774223,Jhye Richardson,0,11.28
ipl20,101904,1254061,1st innings,0,2,221/5,0,0,118,19.4,1,0,0,False,,719719,Shahrukh Khan,Punjab Kings,1131754,Chetan Sakariya,Rajasthan Royals,,,774223,Jhye Richardson,1,11.23
ipl20,101905,1254061,1st innings,0,1,221/5,0,0,119,19.5,0,0,0,False,,774223,Jhye Richardson,Punjab Kings,1131754,Chetan Sakariya,Rajasthan Royals,,,719719,Shahrukh Khan,0,11.14
ipl20,101906,1254061,1st innings,0,0,221/6,0,6,120,19.6,0,0,0,True,caught,774223,Jhye Richardson,Punjab Kings,1131754,Chetan Sakariya,Rajasthan Royals,1131754,Chetan Sakariya,719719,Shahrukh Khan,0,11.05
ipl20,200001,1254061,2nd innings,222,119,0,0/0,0,1,0.1,0,0,0,False,,311158,Ben Stokes,Rajasthan Royals,481896,Mohammed Shami,Punjab Kings,,,532856,Manan Vohra,0,0.0
ipl20,200002,1254061,2nd innings,222,118,0,0/0,0,2,0.2,0,0,0,False,,311158,Ben Stokes,Rajasthan Royals,481896,Mohammed Shami,Punjab Kings,,,532856,Manan Vohra,0,0.0
ipl20,200003,1254061,2nd innings,222,117,0,0/1,1,3,0.3,0,0,0,True,caught,311158,Ben Stokes,Rajasthan Royals,481896,Mohammed Shami,Punjab Kings,311158,Ben Stokes,532856,Manan Vohra,0,0.0
ipl20,200004,1254061,2nd innings,222,116,0,0/1,0,4,0.4,0,0,0,False,,425943,Sanju Samson,Rajasthan Royals,481896,Mohammed Shami,Punjab Kings,,,532856,Manan Vohra,0,0.0
ipl20,200005,1254061,2nd innings,222,115,0,4/1,0,5,0.5,4,0,0,False,,425943,Sanju Samson,Rajasthan Royals,481896,Mohammed Shami,Punjab Kings,,,532856,Manan Vohra,4,4.8
ipl20,200006,1254061,2nd innings,222,114,0,4/1,0,6,0.6,0,0,0,False,,425943,Sanju Samson,Rajasthan Royals,481896,Mohammed Shami,Punjab Kings,,,532856,Manan Vohra,0,4.0
ipl20,200101,1254061,2nd innings,222,114,0,5/1,0,6,1.0,1,1,1,False,,532856,Manan Vohra,Rajasthan Royals,774223,Jhye Richardson,Punjab Kings,,,425943,Sanju Samson,1,5.0
ipl20,200102,1254061,2nd innings,222,113,0,11/1,0,7,1.1,6,0,0,False,,532856,Manan Vohra,Rajasthan Royals,774223,Jhye Richardson,Punjab Kings,,,425943,Sanju Samson,6,9.42
ipl20,200103,1254061,2nd innings,222,112,0,11/1,0,8,1.2,0,0,0,False,,532856,Manan Vohra,Rajasthan Royals,774223,Jhye Richardson,Punjab Kings,,,425943,Sanju Samson,0,8.25
ipl20,200104,1254061,2nd innings,222,111,0,11/1,0,9,1.3,0,0,0,False,,532856,Manan Vohra,Rajasthan Royals,774223,Jhye Richardson,Punjab Kings,,,425943,Sanju Samson,0,7.33
ipl20,200105,1254061,2nd innings,222,110,0,15/1,0,10,1.4,4,0,0,False,,532856,Manan Vohra,Rajasthan Royals,774223,Jhye Richardson,Punjab Kings,,,425943,Sanju Samson,4,9.0
ipl20,200106,1254061,2nd innings,222,109,0,15/1,0,11,1.5,0,0,0,False,,532856,Manan Vohra,Rajasthan Royals,774223,Jhye Richardson,Punjab Kings,,,425943,Sanju Samson,0,8.18
ipl20,200107,1254061,2nd innings,222,108,0,17/1,0,12,1.6,2,0,0,False,,532856,Manan Vohra,Rajasthan Royals,774223,Jhye Richardson,Punjab Kings,,,425943,Sanju Samson,2,8.5
ipl20,200201,1254061,2nd innings,222,107,0,17/1,0,13,2.1,0,0,0,False,,425943,Sanju Samson,Rajasthan Royals,481896,Mohammed Shami,Punjab Kings,,,532856,Manan Vohra,0,7.84
ipl20,200202,1254061,2nd innings,222,106,0,17/1,0,14,2.2,0,0,0,False,,425943,Sanju Samson,Rajasthan Royals,481896,Mohammed Shami,Punjab Kings,,,532856,Manan Vohra,0,7.28
ipl20,200203,1254061,2nd innings,222,105,0,17/1,0,15,2.3,0,0,0,False,,425943,Sanju Samson,Rajasthan Royals,481896,Mohammed Shami,Punjab Kings,,,532856,Manan Vohra,0,6.8
ipl20,200204,1254061,2nd innings,222,104,0,21/1,0,16,2.4,4,0,0,False,,425943,Sanju Samson,Rajasthan Royals,481896,Mohammed Shami,Punjab Kings,,,532856,Manan Vohra,4,7.87
ipl20,200205,1254061,2nd innings,222,103,0,21/1,0,17,2.5,0,0,0,False,,425943,Sanju Samson,Rajasthan Royals,481896,Mohammed Shami,Punjab Kings,,,532856,Manan Vohra,0,7.41
ipl20,200206,1254061,2nd innings,222,102,0,25/1,0,18,2.6,4,0,0,False,,425943,Sanju Samson,Rajasthan Royals,481896,Mohammed Shami,Punjab Kings,,,532856,Manan Vohra,4,8.33
ipl20,200301,1254061,2nd innings,222,101,0,25/1,0,19,3.1,0,0,0,False,,532856,Manan Vohra,Rajasthan Royals,1125976,Arshdeep Singh,Punjab Kings,,,425943,Sanju Samson,0,7.89
ipl20,200302,1254061,2nd innings,222,100,0,25/2,2,20,3.2,0,0,0,True,caught,532856,Manan Vohra,Rajasthan Royals,1125976,Arshdeep Singh,Punjab Kings,1125976,Arshdeep Singh,425943,Sanju Samson,0,7.5
ipl20,200303,1254061,2nd innings,222,99,0,26/2,0,21,3.3,1,0,0,False,,308967,Jos Buttler,Rajasthan Royals,1125976,Arshdeep Singh,Punjab Kings,,,425943,Sanju Samson,1,7.42
ipl20,200304,1254061,2nd innings,222,98,0,26/2,0,22,3.4,0,0,0,False,,425943,Sanju Samson,Rajasthan Royals,1125976,Arshdeep Singh,Punjab Kings,,,308967,Jos Buttler,0,7.09
ipl20,200305,1254061,2nd innings,222,97,0,26/2,0,23,3.5,0,0,0,False,,425943,Sanju Samson,Rajasthan Royals,1125976,Arshdeep Singh,Punjab Kings,,,308967,Jos Buttler,0,6.78
ipl20,200306,1254061,2nd innings,222,96,0,30/2,0,24,3.6,4,0,0,False,,425943,Sanju Samson,Rajasthan Royals,1125976,Arshdeep Singh,Punjab Kings,,,308967,Jos Buttler,4,7.5
ipl20,200401,1254061,2nd innings,222,95,0,34/2,0,25,4.1,4,0,0,False,,308967,Jos Buttler,Rajasthan Royals,961713,Riley Meredith,Punjab Kings,,,425943,Sanju Samson,4,8.16
ipl20,200402,1254061,2nd innings,222,94,0,38/2,0,26,4.2,4,0,0,False,,308967,Jos Buttler,Rajasthan Royals,961713,Riley Meredith,Punjab Kings,,,425943,Sanju Samson,4,8.76
ipl20,200403,1254061,2nd innings,222,93,0,42/2,0,27,4.3,4,0,0,False,,308967,Jos Buttler,Rajasthan Royals,961713,Riley Meredith,Punjab Kings,,,425943,Sanju Samson,4,9.33
ipl20,200404,1254061,2nd innings,222,92,0,46/2,0,28,4.4,4,0,0,False,,308967,Jos Buttler,Rajasthan Royals,961713,Riley Meredith,Punjab Kings,,,425943,Sanju Samson,4,9.85
ipl20,200405,1254061,2nd innings,222,91,0,47/2,0,29,4.5,1,0,0,False,,308967,Jos Buttler,Rajasthan Royals,961713,Riley Meredith,Punjab Kings,,,425943,Sanju Samson,1,9.72
ipl20,200406,1254061,2nd innings,222,90,0,48/2,0,30,4.6,1,0,0,False,,425943,Sanju Samson,Rajasthan Royals,961713,Riley Meredith,Punjab Kings,,,308967,Jos Buttler,1,9.6
ipl20,200501,1254061,2nd innings,222,89,0,52/2,0,31,5.1,4,0,0,False,,425943,Sanju Samson,Rajasthan Royals,1125976,Arshdeep Singh,Punjab Kings,,,308967,Jos Buttler,4,10.06
ipl20,200502,1254061,2nd innings,222,88,0,53/2,0,32,5.2,1,0,0,False,,425943,Sanju Samson,Rajasthan Royals,1125976,Arshdeep Singh,Punjab Kings,,,308967,Jos Buttler,1,9.93
ipl20,200503,1254061,2nd innings,222,87,0,53/2,0,33,5.3,0,0,0,False,,308967,Jos Buttler,Rajasthan Royals,1125976,Arshdeep Singh,Punjab Kings,,,425943,Sanju Samson,0,9.63
ipl20,200504,1254061,2nd innings,222,86,0,54/2,0,34,5.4,1,0,0,False,,308967,Jos Buttler,Rajasthan Royals,1125976,Arshdeep Singh,Punjab Kings,,,425943,Sanju Samson,1,9.52
ipl20,200505,1254061,2nd innings,222,85,0,58/2,0,35,5.5,4,0,0,False,,425943,Sanju Samson,Rajasthan Royals,1125976,Arshdeep Singh,Punjab Kings,,,308967,Jos Buttler,4,9.94
ipl20,200506,1254061,2nd innings,222,84,0,59/2,0,36,5.6,1,0,0,False,,425943,Sanju Samson,Rajasthan Royals,1125976,Arshdeep Singh,Punjab Kings,,,308967,Jos Buttler,1,9.83
ipl20,200601,1254061,2nd innings,222,84,0,61/2,0,36,6.0,2,1,1,False,,425943,Sanju Samson,Rajasthan Royals,528067,Murugan Ashwin,Punjab Kings,,,308967,Jos Buttler,2,10.16
ipl20,200602,1254061,2nd innings,222,83,0,65/2,0,37,6.1,4,0,0,False,,308967,Jos Buttler,Rajasthan Royals,528067,Murugan Ashwin,Punjab Kings,,,425943,Sanju Samson,4,10.54
ipl20,200603,1254061,2nd innings,222,82,0,66/2,0,38,6.2,1,0,0,False,,308967,Jos Buttler,Rajasthan Royals,528067,Murugan Ashwin,Punjab Kings,,,425943,Sanju Samson,1,10.42
ipl20,200604,1254061,2nd innings,222,81,0,66/2,0,39,6.3,0,0,0,False,,425943,Sanju Samson,Rajasthan Royals,528067,Murugan Ashwin,Punjab Kings,,,308967,Jos Buttler,0,10.15
ipl20,200605,1254061,2nd innings,222,80,0,66/2,0,40,6.4,0,0,0,False,,425943,Sanju Samson,Rajasthan Royals,528067,Murugan Ashwin,Punjab Kings,,,308967,Jos Buttler,0,9.9
ipl20,200606,1254061,2nd innings,222,79,0,67/2,0,41,6.5,1,0,1,False,,425943,Sanju Samson,Rajasthan Royals,528067,Murugan Ashwin,Punjab Kings,,,308967,Jos Buttler,1,9.8
ipl20,200607,1254061,2nd innings,222,78,0,68/2,0,42,6.6,1,0,1,False,,308967,Jos Buttler,Rajasthan Royals,528067,Murugan Ashwin,Punjab Kings,,,425943,Sanju Samson,1,9.71
ipl20,200701,1254061,2nd innings,222,77,0,69/2,0,43,7.1,1,0,0,False,,308967,Jos Buttler,Rajasthan Royals,774223,Jhye Richardson,Punjab Kings,,,425943,Sanju Samson,1,9.62
ipl20,200702,1254061,2nd innings,222,76,0,70/2,0,44,7.2,1,0,0,False,,425943,Sanju Samson,Rajasthan Royals,774223,Jhye Richardson,Punjab Kings,,,308967,Jos Buttler,1,9.54
ipl20,200703,1254061,2nd innings,222,75,0,70/3,3,45,7.3,0,0,0,True,bowled,308967,Jos Buttler,Rajasthan Royals,774223,Jhye Richardson,Punjab Kings,308967,Jos Buttler,425943,Sanju Samson,0,9.33
ipl20,200704,1254061,2nd innings,222,74,0,74/3,0,46,7.4,4,0,0,False,,714451,Shivam Dube,Rajasthan Royals,774223,Jhye Richardson,Punjab Kings,,,425943,Sanju Samson,4,9.65
ipl20,200705,1254061,2nd innings,222,73,0,76/3,0,47,7.5,2,0,0,False,,714451,Shivam Dube,Rajasthan Royals,774223,Jhye Richardson,Punjab Kings,,,425943,Sanju Samson,2,9.7
ipl20,200706,1254061,2nd innings,222,72,0,78/3,0,48,7.6,2,0,0,False,,714451,Shivam Dube,Rajasthan Royals,774223,Jhye Richardson,Punjab Kings,,,425943,Sanju Samson,2,9.75
ipl20,200801,1254061,2nd innings,222,71,0,84/3,0,49,8.1,6,0,0,False,,425943,Sanju Samson,Rajasthan Royals,961713,Riley Meredith,Punjab Kings,,,714451,Shivam Dube,6,10.28
ipl20,200802,1254061,2nd innings,222,70,0,84/3,0,50,8.2,0,0,0,False,,425943,Sanju Samson,Rajasthan Royals,961713,Riley Meredith,Punjab Kings,,,714451,Shivam Dube,0,10.08
ipl20,200803,1254061,2nd innings,222,69,0,85/3,0,51,8.3,1,0,0,False,,425943,Sanju Samson,Rajasthan Royals,961713,Riley Meredith,Punjab Kings,,,714451,Shivam Dube,1,10.0
ipl20,200804,1254061,2nd innings,222,68,0,85/3,0,52,8.4,0,0,0,False,,714451,Shivam Dube,Rajasthan Royals,961713,Riley Meredith,Punjab Kings,,,425943,Sanju Samson,0,9.8
ipl20,200805,1254061,2nd innings,222,67,0,86/3,0,53,8.5,1,0,0,False,,714451,Shivam Dube,Rajasthan Royals,961713,Riley Meredith,Punjab Kings,,,425943,Sanju Samson,1,9.73
ipl20,200806,1254061,2nd innings,222,66,0,87/3,0,54,8.6,1,0,0,False,,425943,Sanju Samson,Rajasthan Royals,961713,Riley Meredith,Punjab Kings,,,714451,Shivam Dube,1,9.66
ipl20,200901,1254061,2nd innings,222,65,0,88/3,0,55,9.1,1,0,0,False,,425943,Sanju Samson,Rajasthan Royals,528067,Murugan Ashwin,Punjab Kings,,,714451,Shivam Dube,1,9.6
ipl20,200902,1254061,2nd innings,222,64,0,89/3,0,56,9.2,1,0,0,False,,714451,Shivam Dube,Rajasthan Royals,528067,Murugan Ashwin,Punjab Kings,,,425943,Sanju Samson,1,9.53
ipl20,200903,1254061,2nd innings,222,64,0,90/3,0,56,9.2,1,1,1,False,,425943,Sanju Samson,Rajasthan Royals,528067,Murugan Ashwin,Punjab Kings,,,714451,Shivam Dube,1,9.64
ipl20,200904,1254061,2nd innings,222,64,0,91/3,0,56,9.2,1,1,1,False,,425943,Sanju Samson,Rajasthan Royals,528067,Murugan Ashwin,Punjab Kings,,,714451,Shivam Dube,1,9.75
ipl20,200905,1254061,2nd innings,222,63,0,92/3,0,57,9.3,1,0,0,False,,425943,Sanju Samson,Rajasthan Royals,528067,Murugan Ashwin,Punjab Kings,,,714451,Shivam Dube,1,9.68
ipl20,200906,1254061,2nd innings,222,62,0,93/3,0,58,9.4,1,0,0,False,,714451,Shivam Dube,Rajasthan Royals,528067,Murugan Ashwin,Punjab Kings,,,425943,Sanju Samson,1,9.62
ipl20,200907,1254061,2nd innings,222,61,0,93/3,0,59,9.5,0,0,0,False,,425943,Sanju Samson,Rajasthan Royals,528067,Murugan Ashwin,Punjab Kings,,,714451,Shivam Dube,0,9.45
ipl20,200908,1254061,2nd innings,222,60,0,95/3,0,60,9.6,2,0,0,False,,425943,Sanju Samson,Rajasthan Royals,528067,Murugan Ashwin,Punjab Kings,,,714451,Shivam Dube,2,9.5
ipl20,201001,1254061,2nd innings,222,59,0,96/3,0,61,10.1,1,0,0,False,,714451,Shivam Dube,Rajasthan Royals,961713,Riley Meredith,Punjab Kings,,,425943,Sanju Samson,1,9.44
ipl20,201002,1254061,2nd innings,222,58,0,102/3,0,62,10.2,6,0,0,False,,425943,Sanju Samson,Rajasthan Royals,961713,Riley Meredith,Punjab Kings,,,714451,Shivam Dube,6,9.87
ipl20,201003,1254061,2nd innings,222,57,0,104/3,0,63,10.3,2,0,0,False,,425943,Sanju Samson,Rajasthan Royals,961713,Riley Meredith,Punjab Kings,,,714451,Shivam Dube,2,9.9
ipl20,201004,1254061,2nd innings,222,56,0,108/3,0,64,10.4,4,0,0,False,,425943,Sanju Samson,Rajasthan Royals,961713,Riley Meredith,Punjab Kings,,,714451,Shivam Dube,4,10.12
ipl20,201005,1254061,2nd innings,222,55,0,108/3,0,65,10.5,0,0,0,False,,425943,Sanju Samson,Rajasthan Royals,961713,Riley Meredith,Punjab Kings,,,714451,Shivam Dube,0,9.96
ipl20,201006,1254061,2nd innings,222,54,0,109/3,0,66,10.6,1,0,0,False,,425943,Sanju Samson,Rajasthan Royals,961713,Riley Meredith,Punjab Kings,,,714451,Shivam Dube,1,9.9
ipl20,201101,1254061,2nd innings,222,53,0,110/3,0,67,11.1,1,0,0,False,,425943,Sanju Samson,Rajasthan Royals,528067,Murugan Ashwin,Punjab Kings,,,714451,Shivam Dube,1,9.85
ipl20,201102,1254061,2nd innings,222,52,0,110/3,0,68,11.2,0,0,0,False,,714451,Shivam Dube,Rajasthan Royals,528067,Murugan Ashwin,Punjab Kings,,,425943,Sanju Samson,0,9.7
ipl20,201103,1254061,2nd innings,222,51,0,114/3,0,69,11.3,4,0,0,False,,714451,Shivam Dube,Rajasthan Royals,528067,Murugan Ashwin,Punjab Kings,,,425943,Sanju Samson,4,9.91
ipl20,201104,1254061,2nd innings,222,50,0,115/3,0,70,11.4,1,0,0,False,,714451,Shivam Dube,Rajasthan Royals,528067,Murugan Ashwin,Punjab Kings,,,425943,Sanju Samson,1,9.85
ipl20,201105,1254061,2nd innings,222,49,0,116/3,0,71,11.5,1,0,0,False,,425943,Sanju Samson,Rajasthan Royals,528067,Murugan Ashwin,Punjab Kings,,,714451,Shivam Dube,1,9.8
ipl20,201106,1254061,2nd innings,222,48,0,117/3,0,72,11.6,1,0,0,False,,714451,Shivam Dube,Rajasthan Royals,528067,Murugan Ashwin,Punjab Kings,,,425943,Sanju Samson,1,9.75
ipl20,201201,1254061,2nd innings,222,47,0,121/3,0,73,12.1,4,0,0,False,,714451,Shivam Dube,Rajasthan Royals,1125976,Arshdeep Singh,Punjab Kings,,,425943,Sanju Samson,4,9.94
ipl20,201202,1254061,2nd innings,222,46,0,122/3,0,74,12.2,1,0,0,False,,714451,Shivam Dube,Rajasthan Royals,1125976,Arshdeep Singh,Punjab Kings,,,425943,Sanju Samson,1,9.89
ipl20,201203,1254061,2nd innings,222,45,0,123/3,0,75,12.3,1,0,0,False,,425943,Sanju Samson,Rajasthan Royals,1125976,Arshdeep Singh,Punjab Kings,,,714451,Shivam Dube,1,9.84
ipl20,201204,1254061,2nd innings,222,44,0,123/4,4,76,12.4,0,0,0,True,caught,714451,Shivam Dube,Rajasthan Royals,1125976,Arshdeep Singh,Punjab Kings,1125976,Arshdeep Singh,425943,Sanju Samson,0,9.71
ipl20,201205,1254061,2nd innings,222,43,0,124/4,0,77,12.5,1,0,0,False,,425943,Sanju Samson,Rajasthan Royals,1125976,Arshdeep Singh,Punjab Kings,,,1079434,Riyan Parag,1,9.66
ipl20,201206,1254061,2nd innings,222,42,0,128/4,0,78,12.6,4,0,0,False,,1079434,Riyan Parag,Rajasthan Royals,1125976,Arshdeep Singh,Punjab Kings,,,425943,Sanju Samson,4,9.84
ipl20,201301,1254061,2nd innings,222,41,0,128/4,0,79,13.1,0,0,0,False,,425943,Sanju Samson,Rajasthan Royals,481896,Mohammed Shami,Punjab Kings,,,1079434,Riyan Parag,0,9.72
ipl20,201302,1254061,2nd innings,222,40,0,132/4,0,80,13.2,4,0,0,False,,425943,Sanju Samson,Rajasthan Royals,481896,Mohammed Shami,Punjab Kings,,,1079434,Riyan Parag,4,9.9
ipl20,201303,1254061,2nd innings,222,39,0,133/4,0,81,13.3,1,0,0,False,,425943,Sanju Samson,Rajasthan Royals,481896,Mohammed Shami,Punjab Kings,,,1079434,Riyan Parag,1,9.85
ipl20,201304,1254061,2nd innings,222,38,0,139/4,0,82,13.4,6,0,0,False,,1079434,Riyan Parag,Rajasthan Royals,481896,Mohammed Shami,Punjab Kings,,,425943,Sanju Samson,6,10.17
ipl20,201305,1254061,2nd innings,222,37,0,140/4,0,83,13.5,1,0,0,False,,1079434,Riyan Parag,Rajasthan Royals,481896,Mohammed Shami,Punjab Kings,,,425943,Sanju Samson,1,10.12
ipl20,201306,1254061,2nd innings,222,36,0,141/4,0,84,13.6,1,0,0,False,,425943,Sanju Samson,Rajasthan Royals,481896,Mohammed Shami,Punjab Kings,,,1079434,Riyan Parag,1,10.07
ipl20,201401,1254061,2nd innings,222,35,0,142/4,0,85,14.1,1,0,0,False,,425943,Sanju Samson,Rajasthan Royals,774223,Jhye Richardson,Punjab Kings,,,1079434,Riyan Parag,1,10.02
ipl20,201402,1254061,2nd innings,222,34,0,143/4,0,86,14.2,1,0,0,False,,1079434,Riyan Parag,Rajasthan Royals,774223,Jhye Richardson,Punjab Kings,,,425943,Sanju Samson,1,9.97
ipl20,201403,1254061,2nd innings,222,33,0,147/4,0,87,14.3,4,0,0,False,,425943,Sanju Samson,Rajasthan Royals,774223,Jhye Richardson,Punjab Kings,,,1079434,Riyan Parag,4,10.13
ipl20,201404,1254061,2nd innings,222,32,0,153/4,0,88,14.4,6,0,0,False,,425943,Sanju Samson,Rajasthan Royals,774223,Jhye Richardson,Punjab Kings,,,1079434,Riyan Parag,6,10.43
ipl20,201405,1254061,2nd innings,222,31,0,154/4,0,89,14.5,1,0,0,False,,425943,Sanju Samson,Rajasthan Royals,774223,Jhye Richardson,Punjab Kings,,,1079434,Riyan Parag,1,10.38
ipl20,201406,1254061,2nd innings,222,30,0,154/4,0,90,14.6,0,0,0,False,,1079434,Riyan Parag,Rajasthan Royals,774223,Jhye Richardson,Punjab Kings,,,425943,Sanju Samson,0,10.26
ipl20,201501,1254061,2nd innings,222,29,0,160/4,0,91,15.1,6,0,0,False,,425943,Sanju Samson,Rajasthan Royals,528067,Murugan Ashwin,Punjab Kings,,,1079434,Riyan Parag,6,10.54
ipl20,201502,1254061,2nd innings,222,28,0,161/4,0,92,15.2,1,0,0,False,,425943,Sanju Samson,Rajasthan Royals,528067,Murugan Ashwin,Punjab Kings,,,1079434,Riyan Parag,1,10.5
ipl20,201503,1254061,2nd innings,222,27,0,161/4,0,93,15.3,0,0,0,False,,1079434,Riyan Parag,Rajasthan Royals,528067,Murugan Ashwin,Punjab Kings,,,425943,Sanju Samson,0,10.38
ipl20,201504,1254061,2nd innings,222,26,0,167/4,0,94,15.4,6,0,0,False,,1079434,Riyan Parag,Rajasthan Royals,528067,Murugan Ashwin,Punjab Kings,,,425943,Sanju Samson,6,10.65
ipl20,201505,1254061,2nd innings,222,25,0,173/4,0,95,15.5,6,0,0,False,,1079434,Riyan Parag,Rajasthan Royals,528067,Murugan Ashwin,Punjab Kings,,,425943,Sanju Samson,6,10.92
ipl20,201506,1254061,2nd innings,222,24,0,174/4,0,96,15.6,1,0,0,False,,1079434,Riyan Parag,Rajasthan Royals,528067,Murugan Ashwin,Punjab Kings,,,425943,Sanju Samson,1,10.87
ipl20,201601,1254061,2nd innings,222,24,0,175/4,0,96,16.0,1,1,1,False,,1079434,Riyan Parag,Rajasthan Royals,481896,Mohammed Shami,Punjab Kings,,,425943,Sanju Samson,1,10.93
ipl20,201602,1254061,2nd innings,222,23,0,175/4,0,97,16.1,0,0,0,False,,1079434,Riyan Parag,Rajasthan Royals,481896,Mohammed Shami,Punjab Kings,,,425943,Sanju Samson,0,10.82
ipl20,201603,1254061,2nd innings,222,22,0,175/5,5,98,16.2,0,0,0,True,caught,1079434,Riyan Parag,Rajasthan Royals,481896,Mohammed Shami,Punjab Kings,422108,KL Rahul,425943,Sanju Samson,0,10.71
ipl20,201604,1254061,2nd innings,222,21,0,175/5,0,99,16.3,0,0,0,False,,423838,Rahul Tewatia,Rajasthan Royals,481896,Mohammed Shami,Punjab Kings,,,425943,Sanju Samson,0,10.6
ipl20,201605,1254061,2nd innings,222,21,0,176/5,0,99,16.3,1,1,1,False,,423838,Rahul Tewatia,Rajasthan Royals,481896,Mohammed Shami,Punjab Kings,,,425943,Sanju Samson,1,10.66
ipl20,201606,1254061,2nd innings,222,20,0,177/5,0,100,16.4,1,0,0,False,,423838,Rahul Tewatia,Rajasthan Royals,481896,Mohammed Shami,Punjab Kings,,,425943,Sanju Samson,1,10.62
ipl20,201607,1254061,2nd innings,222,19,0,181/5,0,101,16.5,4,0,0,False,,425943,Sanju Samson,Rajasthan Royals,481896,Mohammed Shami,Punjab Kings,,,423838,Rahul Tewatia,4,10.75
ipl20,201608,1254061,2nd innings,222,18,0,182/5,0,102,16.6,1,0,0,False,,425943,Sanju Samson,Rajasthan Royals,481896,Mohammed Shami,Punjab Kings,,,423838,Rahul Tewatia,1,10.7
ipl20,201701,1254061,2nd innings,222,17,0,186/5,0,103,17.1,4,0,0,False,,425943,Sanju Samson,Rajasthan Royals,774223,Jhye Richardson,Punjab Kings,,,423838,Rahul Tewatia,4,10.83
ipl20,201702,1254061,2nd innings,222,16,0,192/5,0,104,17.2,6,0,0,False,,425943,Sanju Samson,Rajasthan Royals,774223,Jhye Richardson,Punjab Kings,,,423838,Rahul Tewatia,6,11.07
ipl20,201703,1254061,2nd innings,222,15,0,196/5,0,105,17.3,4,0,0,False,,425943,Sanju Samson,Rajasthan Royals,774223,Jhye Richardson,Punjab Kings,,,423838,Rahul Tewatia,4,11.2
ipl20,201704,1254061,2nd innings,222,14,0,198/5,0,106,17.4,2,0,0,False,,425943,Sanju Samson,Rajasthan Royals,774223,Jhye Richardson,Punjab Kings,,,423838,Rahul Tewatia,2,11.2
ipl20,201705,1254061,2nd innings,222,14,0,199/5,0,106,17.4,1,1,1,False,,425943,Sanju Samson,Rajasthan Royals,774223,Jhye Richardson,Punjab Kings,,,423838,Rahul Tewatia,1,11.26
ipl20,201706,1254061,2nd innings,222,13,0,200/5,0,107,17.5,1,0,0,False,,425943,Sanju Samson,Rajasthan Royals,774223,Jhye Richardson,Punjab Kings,,,423838,Rahul Tewatia,1,11.21
ipl20,201707,1254061,2nd innings,222,12,0,201/5,0,108,17.6,1,0,0,False,,423838,Rahul Tewatia,Rajasthan Royals,774223,Jhye Richardson,Punjab Kings,,,425943,Sanju Samson,1,11.16
ipl20,201801,1254061,2nd innings,222,11,0,201/6,6,109,18.1,0,0,0,True,caught,423838,Rahul Tewatia,Rajasthan Royals,961713,Riley Meredith,Punjab Kings,422108,KL Rahul,425943,Sanju Samson,0,11.06
ipl20,201802,1254061,2nd innings,222,10,0,201/6,0,110,18.2,0,0,0,False,,439952,Chris Morris,Rajasthan Royals,961713,Riley Meredith,Punjab Kings,,,425943,Sanju Samson,0,10.96
ipl20,201803,1254061,2nd innings,222,9,0,202/6,0,111,18.3,1,0,0,False,,439952,Chris Morris,Rajasthan Royals,961713,Riley Meredith,Punjab Kings,,,425943,Sanju Samson,1,10.91
ipl20,201804,1254061,2nd innings,222,8,0,208/6,0,112,18.4,6,0,0,False,,425943,Sanju Samson,Rajasthan Royals,961713,Riley Meredith,Punjab Kings,,,439952,Chris Morris,6,11.14
ipl20,201805,1254061,2nd innings,222,7,0,209/6,0,113,18.5,1,0,0,False,,425943,Sanju Samson,Rajasthan Royals,961713,Riley Meredith,Punjab Kings,,,439952,Chris Morris,1,11.09
ipl20,201806,1254061,2nd innings,222,6,0,209/6,0,114,18.6,0,0,0,False,,439952,Chris Morris,Rajasthan Royals,961713,Riley Meredith,Punjab Kings,,,425943,Sanju Samson,0,11.0
ipl20,201901,1254061,2nd innings,222,5,0,209/6,0,115,19.1,0,0,0,False,,425943,Sanju Samson,Rajasthan Royals,1125976,Arshdeep Singh,Punjab Kings,,,439952,Chris Morris,0,10.9
ipl20,201902,1254061,2nd innings,222,4,0,210/6,0,116,19.2,1,0,0,False,,425943,Sanju Samson,Rajasthan Royals,1125976,Arshdeep Singh,Punjab Kings,,,439952,Chris Morris,1,10.86
ipl20,201903,1254061,2nd innings,222,3,0,211/6,0,117,19.3,1,0,0,False,,439952,Chris Morris,Rajasthan Royals,1125976,Arshdeep Singh,Punjab Kings,,,425943,Sanju Samson,1,10.82
ipl20,201904,1254061,2nd innings,222,2,0,217/6,0,118,19.4,6,0,0,False,,425943,Sanju Samson,Rajasthan Royals,1125976,Arshdeep Singh,Punjab Kings,,,439952,Chris Morris,6,11.03
ipl20,201905,1254061,2nd innings,222,1,0,217/6,0,119,19.5,0,0,0,False,,425943,Sanju Samson,Rajasthan Royals,1125976,Arshdeep Singh,Punjab Kings,,,439952,Chris Morris,0,10.94
ipl20,201906,1254061,2nd innings,222,0,0,217/7,7,120,19.6,0,0,0,True,caught,425943,Sanju Samson,Rajasthan Royals,1125976,Arshdeep Singh,Punjab Kings,1125976,Arshdeep Singh,439952,Chris Morris,0,10.85
