ipl_season,sequence,eventid,innings,target,remainingballs,homescore,awayscore,fallofwickets,ball,over,scorevalue,validball,extras,dismissal,dismissaltype,batsmanid,batsman,batsmanteam,bowlerid,bowler,bowlerteam,otherathleteinvolvedid,otherathleteinvolved,nonstrikerid,nonstriker,runs,runrate
ipl20,100001,1254065,1st innings,0,119,0/0,0,0,1,0.1,0,0,0,False,,422108,KL Rahul,Punjab Kings,447261,Deepak Chahar,Chennai Super Kings,,,398438,Mayank Agarwal,0,0.0
ipl20,100002,1254065,1st innings,0,118,1/0,0,0,2,0.2,1,0,0,False,,422108,KL Rahul,Punjab Kings,447261,Deepak Chahar,Chennai Super Kings,,,398438,Mayank Agarwal,1,3.0
ipl20,100003,1254065,1st innings,0,117,1/0,0,0,3,0.3,0,0,0,False,,398438,Mayank Agarwal,Punjab Kings,447261,Deepak Chahar,Chennai Super Kings,,,422108,KL Rahul,0,2.0
ipl20,100004,1254065,1st innings,0,116,1/1,0,1,4,0.4,0,0,0,True,bowled,398438,Mayank Agarwal,Punjab Kings,447261,Deepak Chahar,Chennai Super Kings,398438,Mayank Agarwal,422108,KL Rahul,0,1.5
ipl20,100005,1254065,1st innings,0,115,1/1,0,0,5,0.5,0,0,0,False,,51880,Chris Gayle,Punjab Kings,447261,Deepak Chahar,Chennai Super Kings,,,422108,KL Rahul,0,1.2
ipl20,100006,1254065,1st innings,0,114,2/1,0,0,6,0.6,1,0,0,False,,51880,Chris Gayle,Punjab Kings,447261,Deepak Chahar,Chennai Super Kings,,,422108,KL Rahul,1,2.0
ipl20,100101,1254065,1st innings,0,113,3/1,0,0,7,1.1,1,0,0,False,,51880,Chris Gayle,Punjab Kings,662973,Sam Curran,Chennai Super Kings,,,422108,KL Rahul,1,2.57
ipl20,100102,1254065,1st innings,0,112,3/1,0,0,8,1.2,0,0,0,False,,422108,KL Rahul,Punjab Kings,662973,Sam Curran,Chennai Super Kings,,,51880,Chris Gayle,0,2.25
ipl20,100103,1254065,1st innings,0,111,3/1,0,0,9,1.3,0,0,0,False,,422108,KL Rahul,Punjab Kings,662973,Sam Curran,Chennai Super Kings,,,51880,Chris Gayle,0,2.0
ipl20,100104,1254065,1st innings,0,110,3/1,0,0,10,1.4,0,0,0,False,,422108,KL Rahul,Punjab Kings,662973,Sam Curran,Chennai Super Kings,,,51880,Chris Gayle,0,1.8
ipl20,100105,1254065,1st innings,0,109,7/1,0,0,11,1.5,4,0,0,False,,422108,KL Rahul,Punjab Kings,662973,Sam Curran,Chennai Super Kings,,,51880,Chris Gayle,4,3.81
ipl20,100106,1254065,1st innings,0,108,7/1,0,0,12,1.6,0,0,0,False,,422108,KL Rahul,Punjab Kings,662973,Sam Curran,Chennai Super Kings,,,51880,Chris Gayle,0,3.5
ipl20,100201,1254065,1st innings,0,107,11/1,0,0,13,2.1,4,0,0,False,,51880,Chris Gayle,Punjab Kings,447261,Deepak Chahar,Chennai Super Kings,,,422108,KL Rahul,4,5.07
ipl20,100202,1254065,1st innings,0,106,15/1,0,0,14,2.2,4,0,0,False,,51880,Chris Gayle,Punjab Kings,447261,Deepak Chahar,Chennai Super Kings,,,422108,KL Rahul,4,6.42
ipl20,100203,1254065,1st innings,0,105,15/1,0,0,15,2.3,0,0,0,False,,51880,Chris Gayle,Punjab Kings,447261,Deepak Chahar,Chennai Super Kings,,,422108,KL Rahul,0,6.0
ipl20,100204,1254065,1st innings,0,104,15/1,0,0,16,2.4,0,0,0,False,,51880,Chris Gayle,Punjab Kings,447261,Deepak Chahar,Chennai Super Kings,,,422108,KL Rahul,0,5.62
ipl20,100205,1254065,1st innings,0,103,15/2,0,2,17,2.5,0,0,0,True,run out,51880,Chris Gayle,Punjab Kings,447261,Deepak Chahar,Chennai Super Kings,422108,KL Rahul,422108,KL Rahul,0,5.29
ipl20,100206,1254065,1st innings,0,103,16/2,0,0,17,2.5,1,1,1,False,,497121,Deepak Hooda,Punjab Kings,447261,Deepak Chahar,Chennai Super Kings,,,51880,Chris Gayle,1,5.64
ipl20,100207,1254065,1st innings,0,102,17/2,0,0,18,2.6,1,0,0,False,,497121,Deepak Hooda,Punjab Kings,447261,Deepak Chahar,Chennai Super Kings,,,51880,Chris Gayle,1,5.66
ipl20,100301,1254065,1st innings,0,101,17/2,0,0,19,3.1,0,0,0,False,,497121,Deepak Hooda,Punjab Kings,662973,Sam Curran,Chennai Super Kings,,,51880,Chris Gayle,0,5.36
ipl20,100302,1254065,1st innings,0,100,17/2,0,0,20,3.2,0,0,0,False,,497121,Deepak Hooda,Punjab Kings,662973,Sam Curran,Chennai Super Kings,,,51880,Chris Gayle,0,5.1
ipl20,100303,1254065,1st innings,0,99,17/2,0,0,21,3.3,0,0,0,False,,497121,Deepak Hooda,Punjab Kings,662973,Sam Curran,Chennai Super Kings,,,51880,Chris Gayle,0,4.85
ipl20,100304,1254065,1st innings,0,98,17/2,0,0,22,3.4,0,0,0,False,,497121,Deepak Hooda,Punjab Kings,662973,Sam Curran,Chennai Super Kings,,,51880,Chris Gayle,0,4.63
ipl20,100305,1254065,1st innings,0,97,18/2,0,0,23,3.5,1,0,0,False,,497121,Deepak Hooda,Punjab Kings,662973,Sam Curran,Chennai Super Kings,,,51880,Chris Gayle,1,4.69
ipl20,100306,1254065,1st innings,0,96,18/2,0,0,24,3.6,0,0,0,False,,51880,Chris Gayle,Punjab Kings,662973,Sam Curran,Chennai Super Kings,,,497121,Deepak Hooda,0,4.5
ipl20,100401,1254065,1st innings,0,95,19/2,0,0,25,4.1,1,0,0,False,,497121,Deepak Hooda,Punjab Kings,447261,Deepak Chahar,Chennai Super Kings,,,51880,Chris Gayle,1,4.56
ipl20,100402,1254065,1st innings,0,94,19/3,0,3,26,4.2,0,0,0,True,caught,51880,Chris Gayle,Punjab Kings,447261,Deepak Chahar,Chennai Super Kings,234675,Ravindra Jadeja,497121,Deepak Hooda,0,4.38
ipl20,100403,1254065,1st innings,0,93,19/3,0,0,27,4.3,0,0,0,False,,604302,Nicholas Pooran,Punjab Kings,447261,Deepak Chahar,Chennai Super Kings,,,497121,Deepak Hooda,0,4.22
ipl20,100404,1254065,1st innings,0,92,19/4,0,4,28,4.4,0,0,0,True,caught,604302,Nicholas Pooran,Punjab Kings,447261,Deepak Chahar,Chennai Super Kings,447261,Deepak Chahar,497121,Deepak Hooda,0,4.07
ipl20,100405,1254065,1st innings,0,91,19/4,0,0,29,4.5,0,0,0,False,,719719,Shahrukh Khan,Punjab Kings,447261,Deepak Chahar,Chennai Super Kings,,,497121,Deepak Hooda,0,3.93
ipl20,100406,1254065,1st innings,0,90,19/4,0,0,30,4.6,0,0,0,False,,719719,Shahrukh Khan,Punjab Kings,447261,Deepak Chahar,Chennai Super Kings,,,497121,Deepak Hooda,0,3.8
ipl20,100501,1254065,1st innings,0,89,19/4,0,0,31,5.1,0,0,0,False,,497121,Deepak Hooda,Punjab Kings,475281,Shardul Thakur,Chennai Super Kings,,,719719,Shahrukh Khan,0,3.67
ipl20,100502,1254065,1st innings,0,88,23/4,0,0,32,5.2,4,0,0,False,,497121,Deepak Hooda,Punjab Kings,475281,Shardul Thakur,Chennai Super Kings,,,719719,Shahrukh Khan,4,4.31
ipl20,100503,1254065,1st innings,0,87,25/4,0,0,33,5.3,2,0,0,False,,497121,Deepak Hooda,Punjab Kings,475281,Shardul Thakur,Chennai Super Kings,,,719719,Shahrukh Khan,2,4.54
ipl20,100504,1254065,1st innings,0,86,25/4,0,0,34,5.4,0,0,0,False,,497121,Deepak Hooda,Punjab Kings,475281,Shardul Thakur,Chennai Super Kings,,,719719,Shahrukh Khan,0,4.41
ipl20,100505,1254065,1st innings,0,85,25/4,0,0,35,5.5,0,0,0,False,,497121,Deepak Hooda,Punjab Kings,475281,Shardul Thakur,Chennai Super Kings,,,719719,Shahrukh Khan,0,4.28
ipl20,100506,1254065,1st innings,0,84,26/4,0,0,36,5.6,1,0,0,False,,497121,Deepak Hooda,Punjab Kings,475281,Shardul Thakur,Chennai Super Kings,,,719719,Shahrukh Khan,1,4.33
ipl20,100601,1254065,1st innings,0,83,26/4,0,0,37,6.1,0,0,0,False,,497121,Deepak Hooda,Punjab Kings,447261,Deepak Chahar,Chennai Super Kings,,,719719,Shahrukh Khan,0,4.21
ipl20,100602,1254065,1st innings,0,82,26/5,0,5,38,6.2,0,0,0,True,caught,497121,Deepak Hooda,Punjab Kings,447261,Deepak Chahar,Chennai Super Kings,44828,Faf du Plessis,719719,Shahrukh Khan,0,4.1
ipl20,100603,1254065,1st innings,0,81,26/5,0,0,39,6.3,0,0,0,False,,774223,Jhye Richardson,Punjab Kings,447261,Deepak Chahar,Chennai Super Kings,,,719719,Shahrukh Khan,0,4.0
ipl20,100604,1254065,1st innings,0,80,26/5,0,0,40,6.4,0,0,0,False,,774223,Jhye Richardson,Punjab Kings,447261,Deepak Chahar,Chennai Super Kings,,,719719,Shahrukh Khan,0,3.9
ipl20,100605,1254065,1st innings,0,79,26/5,0,0,41,6.5,0,0,0,False,,774223,Jhye Richardson,Punjab Kings,447261,Deepak Chahar,Chennai Super Kings,,,719719,Shahrukh Khan,0,3.8
ipl20,100606,1254065,1st innings,0,78,26/5,0,0,42,6.6,0,0,0,False,,774223,Jhye Richardson,Punjab Kings,447261,Deepak Chahar,Chennai Super Kings,,,719719,Shahrukh Khan,0,3.71
ipl20,100701,1254065,1st innings,0,77,26/5,0,0,43,7.1,0,0,0,False,,719719,Shahrukh Khan,Punjab Kings,234675,Ravindra Jadeja,Chennai Super Kings,,,774223,Jhye Richardson,0,3.62
ipl20,100702,1254065,1st innings,0,76,26/5,0,0,44,7.2,0,0,0,False,,719719,Shahrukh Khan,Punjab Kings,234675,Ravindra Jadeja,Chennai Super Kings,,,774223,Jhye Richardson,0,3.54
ipl20,100703,1254065,1st innings,0,75,27/5,0,0,45,7.3,1,0,0,False,,719719,Shahrukh Khan,Punjab Kings,234675,Ravindra Jadeja,Chennai Super Kings,,,774223,Jhye Richardson,1,3.6
ipl20,100704,1254065,1st innings,0,74,28/5,0,0,46,7.4,1,0,0,False,,774223,Jhye Richardson,Punjab Kings,234675,Ravindra Jadeja,Chennai Super Kings,,,719719,Shahrukh Khan,1,3.65
ipl20,100705,1254065,1st innings,0,73,28/5,0,0,47,7.5,0,0,0,False,,719719,Shahrukh Khan,Punjab Kings,234675,Ravindra Jadeja,Chennai Super Kings,,,774223,Jhye Richardson,0,3.57
ipl20,100706,1254065,1st innings,0,72,34/5,0,0,48,7.6,6,0,0,False,,719719,Shahrukh Khan,Punjab Kings,234675,Ravindra Jadeja,Chennai Super Kings,,,774223,Jhye Richardson,6,4.25
ipl20,100801,1254065,1st innings,0,71,38/5,0,0,49,8.1,4,0,0,False,,774223,Jhye Richardson,Punjab Kings,475281,Shardul Thakur,Chennai Super Kings,,,719719,Shahrukh Khan,4,4.65
ipl20,100802,1254065,1st innings,0,70,39/5,0,0,50,8.2,1,0,0,False,,774223,Jhye Richardson,Punjab Kings,475281,Shardul Thakur,Chennai Super Kings,,,719719,Shahrukh Khan,1,4.68
ipl20,100803,1254065,1st innings,0,69,40/5,0,0,51,8.3,1,0,0,False,,719719,Shahrukh Khan,Punjab Kings,475281,Shardul Thakur,Chennai Super Kings,,,774223,Jhye Richardson,1,4.7
ipl20,100804,1254065,1st innings,0,68,41/5,0,0,52,8.4,1,0,0,False,,774223,Jhye Richardson,Punjab Kings,475281,Shardul Thakur,Chennai Super Kings,,,719719,Shahrukh Khan,1,4.73
ipl20,100805,1254065,1st innings,0,67,41/5,0,0,53,8.5,0,0,0,False,,719719,Shahrukh Khan,Punjab Kings,475281,Shardul Thakur,Chennai Super Kings,,,774223,Jhye Richardson,0,4.64
ipl20,100806,1254065,1st innings,0,66,45/5,0,0,54,8.6,4,0,0,False,,719719,Shahrukh Khan,Punjab Kings,475281,Shardul Thakur,Chennai Super Kings,,,774223,Jhye Richardson,4,5.0
ipl20,100901,1254065,1st innings,0,65,45/5,0,0,55,9.1,0,0,0,False,,774223,Jhye Richardson,Punjab Kings,234675,Ravindra Jadeja,Chennai Super Kings,,,719719,Shahrukh Khan,0,4.9
ipl20,100902,1254065,1st innings,0,64,45/5,0,0,56,9.2,0,0,0,False,,774223,Jhye Richardson,Punjab Kings,234675,Ravindra Jadeja,Chennai Super Kings,,,719719,Shahrukh Khan,0,4.82
ipl20,100903,1254065,1st innings,0,63,46/5,0,0,57,9.3,1,0,0,False,,774223,Jhye Richardson,Punjab Kings,234675,Ravindra Jadeja,Chennai Super Kings,,,719719,Shahrukh Khan,1,4.84
ipl20,100904,1254065,1st innings,0,62,46/5,0,0,58,9.4,0,0,0,False,,719719,Shahrukh Khan,Punjab Kings,234675,Ravindra Jadeja,Chennai Super Kings,,,774223,Jhye Richardson,0,4.75
ipl20,100905,1254065,1st innings,0,61,47/5,0,0,59,9.5,1,0,0,False,,719719,Shahrukh Khan,Punjab Kings,234675,Ravindra Jadeja,Chennai Super Kings,,,774223,Jhye Richardson,1,4.77
ipl20,100906,1254065,1st innings,0,61,48/5,0,0,59,9.5,1,1,1,False,,774223,Jhye Richardson,Punjab Kings,234675,Ravindra Jadeja,Chennai Super Kings,,,719719,Shahrukh Khan,1,4.88
ipl20,100907,1254065,1st innings,0,60,48/5,0,0,60,9.6,0,0,0,False,,774223,Jhye Richardson,Punjab Kings,234675,Ravindra Jadeja,Chennai Super Kings,,,719719,Shahrukh Khan,0,4.8
ipl20,101001,1254065,1st innings,0,59,48/5,0,0,61,10.1,0,0,0,False,,719719,Shahrukh Khan,Punjab Kings,8917,Moeen Ali,Chennai Super Kings,,,774223,Jhye Richardson,0,4.72
ipl20,101002,1254065,1st innings,0,58,49/5,0,0,62,10.2,1,0,0,False,,719719,Shahrukh Khan,Punjab Kings,8917,Moeen Ali,Chennai Super Kings,,,774223,Jhye Richardson,1,4.74
ipl20,101003,1254065,1st innings,0,57,50/5,0,0,63,10.3,1,0,0,False,,774223,Jhye Richardson,Punjab Kings,8917,Moeen Ali,Chennai Super Kings,,,719719,Shahrukh Khan,1,4.76
ipl20,101004,1254065,1st innings,0,56,51/5,0,0,64,10.4,1,0,0,False,,719719,Shahrukh Khan,Punjab Kings,8917,Moeen Ali,Chennai Super Kings,,,774223,Jhye Richardson,1,4.78
ipl20,101005,1254065,1st innings,0,55,51/5,0,0,65,10.5,0,0,0,False,,774223,Jhye Richardson,Punjab Kings,8917,Moeen Ali,Chennai Super Kings,,,719719,Shahrukh Khan,0,4.7
ipl20,101006,1254065,1st innings,0,54,52/5,0,0,66,10.6,1,0,0,False,,774223,Jhye Richardson,Punjab Kings,8917,Moeen Ali,Chennai Super Kings,,,719719,Shahrukh Khan,1,4.72
ipl20,101101,1254065,1st innings,0,53,52/5,0,0,67,11.1,0,0,0,False,,774223,Jhye Richardson,Punjab Kings,234675,Ravindra Jadeja,Chennai Super Kings,,,719719,Shahrukh Khan,0,4.65
ipl20,101102,1254065,1st innings,0,52,52/5,0,0,68,11.2,0,0,0,False,,774223,Jhye Richardson,Punjab Kings,234675,Ravindra Jadeja,Chennai Super Kings,,,719719,Shahrukh Khan,0,4.58
ipl20,101103,1254065,1st innings,0,51,52/5,0,0,69,11.3,0,0,0,False,,774223,Jhye Richardson,Punjab Kings,234675,Ravindra Jadeja,Chennai Super Kings,,,719719,Shahrukh Khan,0,4.52
ipl20,101104,1254065,1st innings,0,50,56/5,0,0,70,11.4,4,0,0,False,,774223,Jhye Richardson,Punjab Kings,234675,Ravindra Jadeja,Chennai Super Kings,,,719719,Shahrukh Khan,4,4.8
ipl20,101105,1254065,1st innings,0,49,56/5,0,0,71,11.5,0,0,0,False,,774223,Jhye Richardson,Punjab Kings,234675,Ravindra Jadeja,Chennai Super Kings,,,719719,Shahrukh Khan,0,4.73
ipl20,101106,1254065,1st innings,0,48,57/5,0,0,72,11.6,1,0,0,False,,774223,Jhye Richardson,Punjab Kings,234675,Ravindra Jadeja,Chennai Super Kings,,,719719,Shahrukh Khan,1,4.75
ipl20,101201,1254065,1st innings,0,47,57/6,0,6,73,12.1,0,0,0,True,bowled,774223,Jhye Richardson,Punjab Kings,8917,Moeen Ali,Chennai Super Kings,8917,Moeen Ali,719719,Shahrukh Khan,0,4.68
ipl20,101202,1254065,1st innings,0,46,58/6,0,0,74,12.2,1,0,0,False,,528067,Murugan Ashwin,Punjab Kings,8917,Moeen Ali,Chennai Super Kings,,,719719,Shahrukh Khan,1,4.7
ipl20,101203,1254065,1st innings,0,45,59/6,0,0,75,12.3,1,0,0,False,,719719,Shahrukh Khan,Punjab Kings,8917,Moeen Ali,Chennai Super Kings,,,528067,Murugan Ashwin,1,4.72
ipl20,101204,1254065,1st innings,0,44,60/6,0,0,76,12.4,1,0,0,False,,528067,Murugan Ashwin,Punjab Kings,8917,Moeen Ali,Chennai Super Kings,,,719719,Shahrukh Khan,1,4.73
ipl20,101205,1254065,1st innings,0,43,60/6,0,0,77,12.5,0,0,0,False,,719719,Shahrukh Khan,Punjab Kings,8917,Moeen Ali,Chennai Super Kings,,,528067,Murugan Ashwin,0,4.67
ipl20,101206,1254065,1st innings,0,42,61/6,0,0,78,12.6,1,0,0,False,,719719,Shahrukh Khan,Punjab Kings,8917,Moeen Ali,Chennai Super Kings,,,528067,Murugan Ashwin,1,4.69
ipl20,101301,1254065,1st innings,0,41,62/6,0,0,79,13.1,1,0,0,False,,719719,Shahrukh Khan,Punjab Kings,234675,Ravindra Jadeja,Chennai Super Kings,,,528067,Murugan Ashwin,1,4.7
ipl20,101302,1254065,1st innings,0,40,62/6,0,0,80,13.2,0,0,0,False,,528067,Murugan Ashwin,Punjab Kings,234675,Ravindra Jadeja,Chennai Super Kings,,,719719,Shahrukh Khan,0,4.65
ipl20,101303,1254065,1st innings,0,39,63/6,0,0,81,13.3,1,0,0,False,,528067,Murugan Ashwin,Punjab Kings,234675,Ravindra Jadeja,Chennai Super Kings,,,719719,Shahrukh Khan,1,4.66
ipl20,101304,1254065,1st innings,0,38,64/6,0,0,82,13.4,1,0,0,False,,719719,Shahrukh Khan,Punjab Kings,234675,Ravindra Jadeja,Chennai Super Kings,,,528067,Murugan Ashwin,1,4.68
ipl20,101305,1254065,1st innings,0,37,64/6,0,0,83,13.5,0,0,0,False,,528067,Murugan Ashwin,Punjab Kings,234675,Ravindra Jadeja,Chennai Super Kings,,,719719,Shahrukh Khan,0,4.62
ipl20,101306,1254065,1st innings,0,36,64/6,0,0,84,13.6,0,0,0,False,,528067,Murugan Ashwin,Punjab Kings,234675,Ravindra Jadeja,Chennai Super Kings,,,719719,Shahrukh Khan,0,4.57
ipl20,101401,1254065,1st innings,0,35,70/6,0,0,85,14.1,6,0,0,False,,719719,Shahrukh Khan,Punjab Kings,8917,Moeen Ali,Chennai Super Kings,,,528067,Murugan Ashwin,6,4.94
ipl20,101402,1254065,1st innings,0,34,71/6,0,0,86,14.2,1,0,0,False,,719719,Shahrukh Khan,Punjab Kings,8917,Moeen Ali,Chennai Super Kings,,,528067,Murugan Ashwin,1,4.95
ipl20,101403,1254065,1st innings,0,33,72/6,0,0,87,14.3,1,0,0,False,,528067,Murugan Ashwin,Punjab Kings,8917,Moeen Ali,Chennai Super Kings,,,719719,Shahrukh Khan,1,4.96
ipl20,101404,1254065,1st innings,0,32,73/6,0,0,88,14.4,1,0,0,False,,719719,Shahrukh Khan,Punjab Kings,8917,Moeen Ali,Chennai Super Kings,,,528067,Murugan Ashwin,1,4.97
ipl20,101405,1254065,1st innings,0,31,73/6,0,0,89,14.5,0,0,0,False,,528067,Murugan Ashwin,Punjab Kings,8917,Moeen Ali,Chennai Super Kings,,,719719,Shahrukh Khan,0,4.92
ipl20,101406,1254065,1st innings,0,30,73/6,0,0,90,14.6,0,0,0,False,,528067,Murugan Ashwin,Punjab Kings,8917,Moeen Ali,Chennai Super Kings,,,719719,Shahrukh Khan,0,4.86
ipl20,101501,1254065,1st innings,0,29,75/6,0,0,91,15.1,2,0,0,False,,719719,Shahrukh Khan,Punjab Kings,475281,Shardul Thakur,Chennai Super Kings,,,528067,Murugan Ashwin,2,4.94
ipl20,101502,1254065,1st innings,0,28,79/6,0,0,92,15.2,4,0,0,False,,719719,Shahrukh Khan,Punjab Kings,475281,Shardul Thakur,Chennai Super Kings,,,528067,Murugan Ashwin,4,5.15
ipl20,101503,1254065,1st innings,0,27,80/6,0,0,93,15.3,1,0,0,False,,719719,Shahrukh Khan,Punjab Kings,475281,Shardul Thakur,Chennai Super Kings,,,528067,Murugan Ashwin,1,5.16
ipl20,101504,1254065,1st innings,0,26,80/6,0,0,94,15.4,0,0,0,False,,528067,Murugan Ashwin,Punjab Kings,475281,Shardul Thakur,Chennai Super Kings,,,719719,Shahrukh Khan,0,5.1
ipl20,101505,1254065,1st innings,0,25,80/6,0,0,95,15.5,0,0,0,False,,528067,Murugan Ashwin,Punjab Kings,475281,Shardul Thakur,Chennai Super Kings,,,719719,Shahrukh Khan,0,5.05
ipl20,101506,1254065,1st innings,0,24,81/6,0,0,96,15.6,1,0,0,False,,528067,Murugan Ashwin,Punjab Kings,475281,Shardul Thakur,Chennai Super Kings,,,719719,Shahrukh Khan,1,5.06
ipl20,101601,1254065,1st innings,0,23,82/6,0,0,97,16.1,1,0,0,False,,528067,Murugan Ashwin,Punjab Kings,51439,Dwayne Bravo,Chennai Super Kings,,,719719,Shahrukh Khan,1,5.07
ipl20,101602,1254065,1st innings,0,22,82/6,0,0,98,16.2,0,0,0,False,,719719,Shahrukh Khan,Punjab Kings,51439,Dwayne Bravo,Chennai Super Kings,,,528067,Murugan Ashwin,0,5.02
ipl20,101603,1254065,1st innings,0,21,86/6,0,0,99,16.3,4,0,0,False,,719719,Shahrukh Khan,Punjab Kings,51439,Dwayne Bravo,Chennai Super Kings,,,528067,Murugan Ashwin,4,5.21
ipl20,101604,1254065,1st innings,0,20,87/6,0,0,100,16.4,1,0,0,False,,719719,Shahrukh Khan,Punjab Kings,51439,Dwayne Bravo,Chennai Super Kings,,,528067,Murugan Ashwin,1,5.22
ipl20,101605,1254065,1st innings,0,19,87/7,0,7,101,16.5,0,0,0,True,caught,528067,Murugan Ashwin,Punjab Kings,51439,Dwayne Bravo,Chennai Super Kings,51439,Dwayne Bravo,719719,Shahrukh Khan,0,5.16
ipl20,101606,1254065,1st innings,0,18,87/7,0,0,102,16.6,0,0,0,False,,481896,Mohammed Shami,Punjab Kings,51439,Dwayne Bravo,Chennai Super Kings,,,719719,Shahrukh Khan,0,5.11
ipl20,101701,1254065,1st innings,0,18,88/7,0,0,102,17.0,1,1,1,False,,719719,Shahrukh Khan,Punjab Kings,475281,Shardul Thakur,Chennai Super Kings,,,481896,Mohammed Shami,1,5.17
ipl20,101702,1254065,1st innings,0,17,89/7,0,0,103,17.1,1,0,0,False,,719719,Shahrukh Khan,Punjab Kings,475281,Shardul Thakur,Chennai Super Kings,,,481896,Mohammed Shami,1,5.18
ipl20,101703,1254065,1st innings,0,16,90/7,0,0,104,17.2,1,0,0,False,,481896,Mohammed Shami,Punjab Kings,475281,Shardul Thakur,Chennai Super Kings,,,719719,Shahrukh Khan,1,5.19
ipl20,101704,1254065,1st innings,0,15,90/7,0,0,105,17.3,0,0,0,False,,719719,Shahrukh Khan,Punjab Kings,475281,Shardul Thakur,Chennai Super Kings,,,481896,Mohammed Shami,0,5.14
ipl20,101705,1254065,1st innings,0,14,90/7,0,0,106,17.4,0,0,0,False,,719719,Shahrukh Khan,Punjab Kings,475281,Shardul Thakur,Chennai Super Kings,,,481896,Mohammed Shami,0,5.09
ipl20,101706,1254065,1st innings,0,13,92/7,0,0,107,17.5,2,0,0,False,,719719,Shahrukh Khan,Punjab Kings,475281,Shardul Thakur,Chennai Super Kings,,,481896,Mohammed Shami,2,5.15
ipl20,101707,1254065,1st innings,0,12,96/7,0,0,108,17.6,4,0,0,False,,719719,Shahrukh Khan,Punjab Kings,475281,Shardul Thakur,Chennai Super Kings,,,481896,Mohammed Shami,4,5.33
ipl20,101801,1254065,1st innings,0,11,97/7,0,0,109,18.1,1,0,0,False,,481896,Mohammed Shami,Punjab Kings,51439,Dwayne Bravo,Chennai Super Kings,,,719719,Shahrukh Khan,1,5.33
ipl20,101802,1254065,1st innings,0,10,98/7,0,0,110,18.2,1,0,0,False,,719719,Shahrukh Khan,Punjab Kings,51439,Dwayne Bravo,Chennai Super Kings,,,481896,Mohammed Shami,1,5.34
ipl20,101803,1254065,1st innings,0,9,98/7,0,0,111,18.3,0,0,0,False,,481896,Mohammed Shami,Punjab Kings,51439,Dwayne Bravo,Chennai Super Kings,,,719719,Shahrukh Khan,0,5.29
ipl20,101804,1254065,1st innings,0,8,98/7,0,0,112,18.4,0,0,0,False,,481896,Mohammed Shami,Punjab Kings,51439,Dwayne Bravo,Chennai Super Kings,,,719719,Shahrukh Khan,0,5.25
ipl20,101805,1254065,1st innings,0,7,100/7,0,0,113,18.5,2,0,0,False,,481896,Mohammed Shami,Punjab Kings,51439,Dwayne Bravo,Chennai Super Kings,,,719719,Shahrukh Khan,2,5.3
ipl20,101806,1254065,1st innings,0,6,100/7,0,0,114,18.6,0,0,0,False,,481896,Mohammed Shami,Punjab Kings,51439,Dwayne Bravo,Chennai Super Kings,,,719719,Shahrukh Khan,0,5.26
ipl20,101901,1254065,1st innings,0,6,101/7,0,0,114,19.0,1,1,1,False,,719719,Shahrukh Khan,Punjab Kings,662973,Sam Curran,Chennai Super Kings,,,481896,Mohammed Shami,1,5.31
ipl20,101902,1254065,1st innings,0,5,101/8,0,8,115,19.1,0,0,0,True,caught,719719,Shahrukh Khan,Punjab Kings,662973,Sam Curran,Chennai Super Kings,234675,Ravindra Jadeja,481896,Mohammed Shami,0,5.26
ipl20,101903,1254065,1st innings,0,4,101/8,0,0,116,19.2,0,0,0,False,,481896,Mohammed Shami,Punjab Kings,662973,Sam Curran,Chennai Super Kings,,,961713,Riley Meredith,0,5.22
ipl20,101904,1254065,1st innings,0,3,103/8,0,0,117,19.3,2,0,0,False,,481896,Mohammed Shami,Punjab Kings,662973,Sam Curran,Chennai Super Kings,,,961713,Riley Meredith,2,5.28
ipl20,101905,1254065,1st innings,0,2,105/8,0,0,118,19.4,2,0,0,False,,481896,Mohammed Shami,Punjab Kings,662973,Sam Curran,Chennai Super Kings,,,961713,Riley Meredith,2,5.33
ipl20,101906,1254065,1st innings,0,1,105/8,0,0,119,19.5,0,0,0,False,,481896,Mohammed Shami,Punjab Kings,662973,Sam Curran,Chennai Super Kings,,,961713,Riley Meredith,0,5.29
ipl20,101907,1254065,1st innings,0,0,106/8,0,0,120,19.6,1,0,0,False,,481896,Mohammed Shami,Punjab Kings,662973,Sam Curran,Chennai Super Kings,,,961713,Riley Meredith,1,5.3
ipl20,200001,1254065,2nd innings,107,119,0,1/0,0,1,0.1,1,0,0,False,,1060380,Ruturaj Gaikwad,Chennai Super Kings,481896,Mohammed Shami,Punjab Kings,,,44828,Faf du Plessis,1,6.0
ipl20,200002,1254065,2nd innings,107,118,0,1/0,0,2,0.2,0,0,0,False,,44828,Faf du Plessis,Chennai Super Kings,481896,Mohammed Shami,Punjab Kings,,,1060380,Ruturaj Gaikwad,0,3.0
ipl20,200003,1254065,2nd innings,107,117,0,2/0,0,3,0.3,1,0,0,False,,44828,Faf du Plessis,Chennai Super Kings,481896,Mohammed Shami,Punjab Kings,,,1060380,Ruturaj Gaikwad,1,4.0
ipl20,200004,1254065,2nd innings,107,116,0,2/0,0,4,0.4,0,0,0,False,,1060380,Ruturaj Gaikwad,Chennai Super Kings,481896,Mohammed Shami,Punjab Kings,,,44828,Faf du Plessis,0,3.0
ipl20,200005,1254065,2nd innings,107,115,0,2/0,0,5,0.5,0,0,0,False,,1060380,Ruturaj Gaikwad,Chennai Super Kings,481896,Mohammed Shami,Punjab Kings,,,44828,Faf du Plessis,0,2.4
ipl20,200006,1254065,2nd innings,107,114,0,2/0,0,6,0.6,0,0,0,False,,1060380,Ruturaj Gaikwad,Chennai Super Kings,481896,Mohammed Shami,Punjab Kings,,,44828,Faf du Plessis,0,2.0
ipl20,200101,1254065,2nd innings,107,113,0,3/0,0,7,1.1,1,0,1,False,,44828,Faf du Plessis,Chennai Super Kings,774223,Jhye Richardson,Punjab Kings,,,1060380,Ruturaj Gaikwad,1,2.57
ipl20,200102,1254065,2nd innings,107,112,0,3/0,0,8,1.2,0,0,0,False,,1060380,Ruturaj Gaikwad,Chennai Super Kings,774223,Jhye Richardson,Punjab Kings,,,44828,Faf du Plessis,0,2.25
ipl20,200103,1254065,2nd innings,107,111,0,3/0,0,9,1.3,0,0,0,False,,1060380,Ruturaj Gaikwad,Chennai Super Kings,774223,Jhye Richardson,Punjab Kings,,,44828,Faf du Plessis,0,2.0
ipl20,200104,1254065,2nd innings,107,110,0,4/0,0,10,1.4,1,0,0,False,,1060380,Ruturaj Gaikwad,Chennai Super Kings,774223,Jhye Richardson,Punjab Kings,,,44828,Faf du Plessis,1,2.4
ipl20,200105,1254065,2nd innings,107,109,0,4/0,0,11,1.5,0,0,0,False,,44828,Faf du Plessis,Chennai Super Kings,774223,Jhye Richardson,Punjab Kings,,,1060380,Ruturaj Gaikwad,0,2.18
ipl20,200106,1254065,2nd innings,107,108,0,4/0,0,12,1.6,0,0,0,False,,44828,Faf du Plessis,Chennai Super Kings,774223,Jhye Richardson,Punjab Kings,,,1060380,Ruturaj Gaikwad,0,2.0
ipl20,200201,1254065,2nd innings,107,107,0,4/0,0,13,2.1,0,0,0,False,,1060380,Ruturaj Gaikwad,Chennai Super Kings,481896,Mohammed Shami,Punjab Kings,,,44828,Faf du Plessis,0,1.84
ipl20,200202,1254065,2nd innings,107,106,0,4/0,0,14,2.2,0,0,0,False,,1060380,Ruturaj Gaikwad,Chennai Super Kings,481896,Mohammed Shami,Punjab Kings,,,44828,Faf du Plessis,0,1.71
ipl20,200203,1254065,2nd innings,107,105,0,5/0,0,15,2.3,1,0,0,False,,1060380,Ruturaj Gaikwad,Chennai Super Kings,481896,Mohammed Shami,Punjab Kings,,,44828,Faf du Plessis,1,2.0
ipl20,200204,1254065,2nd innings,107,104,0,6/0,0,16,2.4,1,0,0,False,,44828,Faf du Plessis,Chennai Super Kings,481896,Mohammed Shami,Punjab Kings,,,1060380,Ruturaj Gaikwad,1,2.25
ipl20,200205,1254065,2nd innings,107,103,0,7/0,0,17,2.5,1,0,0,False,,1060380,Ruturaj Gaikwad,Chennai Super Kings,481896,Mohammed Shami,Punjab Kings,,,44828,Faf du Plessis,1,2.47
ipl20,200206,1254065,2nd innings,107,102,0,8/0,0,18,2.6,1,0,0,False,,44828,Faf du Plessis,Chennai Super Kings,481896,Mohammed Shami,Punjab Kings,,,1060380,Ruturaj Gaikwad,1,2.66
ipl20,200301,1254065,2nd innings,107,101,0,8/0,0,19,3.1,0,0,0,False,,44828,Faf du Plessis,Chennai Super Kings,774223,Jhye Richardson,Punjab Kings,,,1060380,Ruturaj Gaikwad,0,2.52
ipl20,200302,1254065,2nd innings,107,100,0,12/0,0,20,3.2,4,0,0,False,,44828,Faf du Plessis,Chennai Super Kings,774223,Jhye Richardson,Punjab Kings,,,1060380,Ruturaj Gaikwad,4,3.6
ipl20,200303,1254065,2nd innings,107,99,0,12/0,0,21,3.3,0,0,0,False,,44828,Faf du Plessis,Chennai Super Kings,774223,Jhye Richardson,Punjab Kings,,,1060380,Ruturaj Gaikwad,0,3.42
ipl20,200304,1254065,2nd innings,107,98,0,16/0,0,22,3.4,4,0,4,False,,44828,Faf du Plessis,Chennai Super Kings,774223,Jhye Richardson,Punjab Kings,,,1060380,Ruturaj Gaikwad,4,4.36
ipl20,200305,1254065,2nd innings,107,97,0,16/0,0,23,3.5,0,0,0,False,,44828,Faf du Plessis,Chennai Super Kings,774223,Jhye Richardson,Punjab Kings,,,1060380,Ruturaj Gaikwad,0,4.17
ipl20,200306,1254065,2nd innings,107,96,0,22/0,0,24,3.6,6,0,0,False,,44828,Faf du Plessis,Chennai Super Kings,774223,Jhye Richardson,Punjab Kings,,,1060380,Ruturaj Gaikwad,6,5.5
ipl20,200401,1254065,2nd innings,107,95,0,22/0,0,25,4.1,0,0,0,False,,1060380,Ruturaj Gaikwad,Chennai Super Kings,1125976,Arshdeep Singh,Punjab Kings,,,44828,Faf du Plessis,0,5.28
ipl20,200402,1254065,2nd innings,107,94,0,23/0,0,26,4.2,1,0,0,False,,1060380,Ruturaj Gaikwad,Chennai Super Kings,1125976,Arshdeep Singh,Punjab Kings,,,44828,Faf du Plessis,1,5.3
ipl20,200403,1254065,2nd innings,107,93,0,24/0,0,27,4.3,1,0,0,False,,44828,Faf du Plessis,Chennai Super Kings,1125976,Arshdeep Singh,Punjab Kings,,,1060380,Ruturaj Gaikwad,1,5.33
ipl20,200404,1254065,2nd innings,107,92,0,24/0,0,28,4.4,0,0,0,False,,1060380,Ruturaj Gaikwad,Chennai Super Kings,1125976,Arshdeep Singh,Punjab Kings,,,44828,Faf du Plessis,0,5.14
ipl20,200405,1254065,2nd innings,107,91,0,24/0,0,29,4.5,0,0,0,False,,1060380,Ruturaj Gaikwad,Chennai Super Kings,1125976,Arshdeep Singh,Punjab Kings,,,44828,Faf du Plessis,0,4.96
ipl20,200406,1254065,2nd innings,107,90,0,24/1,1,30,4.6,0,0,0,True,caught,1060380,Ruturaj Gaikwad,Chennai Super Kings,1125976,Arshdeep Singh,Punjab Kings,1125976,Arshdeep Singh,44828,Faf du Plessis,0,4.8
ipl20,200501,1254065,2nd innings,107,89,0,24/1,0,31,5.1,0,0,0,False,,8917,Moeen Ali,Chennai Super Kings,961713,Riley Meredith,Punjab Kings,,,44828,Faf du Plessis,0,4.64
ipl20,200502,1254065,2nd innings,107,88,0,28/1,0,32,5.2,4,0,0,False,,8917,Moeen Ali,Chennai Super Kings,961713,Riley Meredith,Punjab Kings,,,44828,Faf du Plessis,4,5.25
ipl20,200503,1254065,2nd innings,107,87,0,28/1,0,33,5.3,0,0,0,False,,8917,Moeen Ali,Chennai Super Kings,961713,Riley Meredith,Punjab Kings,,,44828,Faf du Plessis,0,5.09
ipl20,200504,1254065,2nd innings,107,86,0,28/1,0,34,5.4,0,0,0,False,,8917,Moeen Ali,Chennai Super Kings,961713,Riley Meredith,Punjab Kings,,,44828,Faf du Plessis,0,4.94
ipl20,200505,1254065,2nd innings,107,85,0,28/1,0,35,5.5,0,0,0,False,,8917,Moeen Ali,Chennai Super Kings,961713,Riley Meredith,Punjab Kings,,,44828,Faf du Plessis,0,4.8
ipl20,200506,1254065,2nd innings,107,84,0,32/1,0,36,5.6,4,0,0,False,,8917,Moeen Ali,Chennai Super Kings,961713,Riley Meredith,Punjab Kings,,,44828,Faf du Plessis,4,5.33
ipl20,200601,1254065,2nd innings,107,83,0,32/1,0,37,6.1,0,0,0,False,,44828,Faf du Plessis,Chennai Super Kings,1125976,Arshdeep Singh,Punjab Kings,,,8917,Moeen Ali,0,5.18
ipl20,200602,1254065,2nd innings,107,82,0,32/1,0,38,6.2,0,0,0,False,,44828,Faf du Plessis,Chennai Super Kings,1125976,Arshdeep Singh,Punjab Kings,,,8917,Moeen Ali,0,5.05
ipl20,200603,1254065,2nd innings,107,81,0,33/1,0,39,6.3,1,0,0,False,,44828,Faf du Plessis,Chennai Super Kings,1125976,Arshdeep Singh,Punjab Kings,,,8917,Moeen Ali,1,5.07
ipl20,200604,1254065,2nd innings,107,80,0,33/1,0,40,6.4,0,0,0,False,,8917,Moeen Ali,Chennai Super Kings,1125976,Arshdeep Singh,Punjab Kings,,,44828,Faf du Plessis,0,4.95
ipl20,200605,1254065,2nd innings,107,79,0,33/1,0,41,6.5,0,0,0,False,,8917,Moeen Ali,Chennai Super Kings,1125976,Arshdeep Singh,Punjab Kings,,,44828,Faf du Plessis,0,4.82
ipl20,200606,1254065,2nd innings,107,78,0,37/1,0,42,6.6,4,0,0,False,,8917,Moeen Ali,Chennai Super Kings,1125976,Arshdeep Singh,Punjab Kings,,,44828,Faf du Plessis,4,5.28
ipl20,200701,1254065,2nd innings,107,77,0,38/1,0,43,7.1,1,0,0,False,,44828,Faf du Plessis,Chennai Super Kings,528067,Murugan Ashwin,Punjab Kings,,,8917,Moeen Ali,1,5.3
ipl20,200702,1254065,2nd innings,107,76,0,42/1,0,44,7.2,4,0,0,False,,8917,Moeen Ali,Chennai Super Kings,528067,Murugan Ashwin,Punjab Kings,,,44828,Faf du Plessis,4,5.72
ipl20,200703,1254065,2nd innings,107,75,0,42/1,0,45,7.3,0,0,0,False,,8917,Moeen Ali,Chennai Super Kings,528067,Murugan Ashwin,Punjab Kings,,,44828,Faf du Plessis,0,5.6
ipl20,200704,1254065,2nd innings,107,74,0,44/1,0,46,7.4,2,0,0,False,,8917,Moeen Ali,Chennai Super Kings,528067,Murugan Ashwin,Punjab Kings,,,44828,Faf du Plessis,2,5.73
ipl20,200705,1254065,2nd innings,107,73,0,45/1,0,47,7.5,1,0,0,False,,8917,Moeen Ali,Chennai Super Kings,528067,Murugan Ashwin,Punjab Kings,,,44828,Faf du Plessis,1,5.74
ipl20,200706,1254065,2nd innings,107,72,0,47/1,0,48,7.6,2,0,0,False,,44828,Faf du Plessis,Chennai Super Kings,528067,Murugan Ashwin,Punjab Kings,,,8917,Moeen Ali,2,5.87
ipl20,200801,1254065,2nd innings,107,71,0,51/1,0,49,8.1,4,0,0,False,,8917,Moeen Ali,Chennai Super Kings,961713,Riley Meredith,Punjab Kings,,,44828,Faf du Plessis,4,6.24
ipl20,200802,1254065,2nd innings,107,70,0,51/1,0,50,8.2,0,0,0,False,,8917,Moeen Ali,Chennai Super Kings,961713,Riley Meredith,Punjab Kings,,,44828,Faf du Plessis,0,6.12
ipl20,200803,1254065,2nd innings,107,69,0,52/1,0,51,8.3,1,0,0,False,,8917,Moeen Ali,Chennai Super Kings,961713,Riley Meredith,Punjab Kings,,,44828,Faf du Plessis,1,6.11
ipl20,200804,1254065,2nd innings,107,68,0,52/1,0,52,8.4,0,0,0,False,,44828,Faf du Plessis,Chennai Super Kings,961713,Riley Meredith,Punjab Kings,,,8917,Moeen Ali,0,6.0
ipl20,200805,1254065,2nd innings,107,67,0,53/1,0,53,8.5,1,0,0,False,,44828,Faf du Plessis,Chennai Super Kings,961713,Riley Meredith,Punjab Kings,,,8917,Moeen Ali,1,6.0
ipl20,200806,1254065,2nd innings,107,66,0,53/1,0,54,8.6,0,0,0,False,,8917,Moeen Ali,Chennai Super Kings,961713,Riley Meredith,Punjab Kings,,,44828,Faf du Plessis,0,5.88
ipl20,200901,1254065,2nd innings,107,65,0,57/1,0,55,9.1,4,0,0,False,,44828,Faf du Plessis,Chennai Super Kings,528067,Murugan Ashwin,Punjab Kings,,,8917,Moeen Ali,4,6.21
ipl20,200902,1254065,2nd innings,107,64,0,58/1,0,56,9.2,1,0,0,False,,44828,Faf du Plessis,Chennai Super Kings,528067,Murugan Ashwin,Punjab Kings,,,8917,Moeen Ali,1,6.21
ipl20,200903,1254065,2nd innings,107,64,0,59/1,0,56,9.2,1,1,1,False,,8917,Moeen Ali,Chennai Super Kings,528067,Murugan Ashwin,Punjab Kings,,,44828,Faf du Plessis,1,6.32
ipl20,200904,1254065,2nd innings,107,63,0,61/1,0,57,9.3,2,0,0,False,,8917,Moeen Ali,Chennai Super Kings,528067,Murugan Ashwin,Punjab Kings,,,44828,Faf du Plessis,2,6.42
ipl20,200905,1254065,2nd innings,107,62,0,61/1,0,58,9.4,0,0,0,False,,8917,Moeen Ali,Chennai Super Kings,528067,Murugan Ashwin,Punjab Kings,,,44828,Faf du Plessis,0,6.31
ipl20,200906,1254065,2nd innings,107,61,0,63/1,0,59,9.5,2,0,0,False,,8917,Moeen Ali,Chennai Super Kings,528067,Murugan Ashwin,Punjab Kings,,,44828,Faf du Plessis,2,6.4
ipl20,200907,1254065,2nd innings,107,60,0,64/1,0,60,9.6,1,0,0,False,,8917,Moeen Ali,Chennai Super Kings,528067,Murugan Ashwin,Punjab Kings,,,44828,Faf du Plessis,1,6.4
ipl20,201001,1254065,2nd innings,107,59,0,64/1,0,61,10.1,0,0,0,False,,8917,Moeen Ali,Chennai Super Kings,481896,Mohammed Shami,Punjab Kings,,,44828,Faf du Plessis,0,6.29
ipl20,201002,1254065,2nd innings,107,58,0,68/1,0,62,10.2,4,0,0,False,,8917,Moeen Ali,Chennai Super Kings,481896,Mohammed Shami,Punjab Kings,,,44828,Faf du Plessis,4,6.58
ipl20,201003,1254065,2nd innings,107,57,0,68/1,0,63,10.3,0,0,0,False,,8917,Moeen Ali,Chennai Super Kings,481896,Mohammed Shami,Punjab Kings,,,44828,Faf du Plessis,0,6.47
ipl20,201004,1254065,2nd innings,107,56,0,70/1,0,64,10.4,2,0,0,False,,8917,Moeen Ali,Chennai Super Kings,481896,Mohammed Shami,Punjab Kings,,,44828,Faf du Plessis,2,6.56
ipl20,201005,1254065,2nd innings,107,55,0,70/1,0,65,10.5,0,0,0,False,,8917,Moeen Ali,Chennai Super Kings,481896,Mohammed Shami,Punjab Kings,,,44828,Faf du Plessis,0,6.46
ipl20,201006,1254065,2nd innings,107,54,0,74/1,0,66,10.6,4,0,0,False,,8917,Moeen Ali,Chennai Super Kings,481896,Mohammed Shami,Punjab Kings,,,44828,Faf du Plessis,4,6.72
ipl20,201101,1254065,2nd innings,107,53,0,74/1,0,67,11.1,0,0,0,False,,44828,Faf du Plessis,Chennai Super Kings,774223,Jhye Richardson,Punjab Kings,,,8917,Moeen Ali,0,6.62
ipl20,201102,1254065,2nd innings,107,52,0,74/1,0,68,11.2,0,0,0,False,,44828,Faf du Plessis,Chennai Super Kings,774223,Jhye Richardson,Punjab Kings,,,8917,Moeen Ali,0,6.52
ipl20,201103,1254065,2nd innings,107,51,0,78/1,0,69,11.3,4,0,0,False,,44828,Faf du Plessis,Chennai Super Kings,774223,Jhye Richardson,Punjab Kings,,,8917,Moeen Ali,4,6.78
ipl20,201104,1254065,2nd innings,107,50,0,82/1,0,70,11.4,4,0,0,False,,44828,Faf du Plessis,Chennai Super Kings,774223,Jhye Richardson,Punjab Kings,,,8917,Moeen Ali,4,7.02
ipl20,201105,1254065,2nd innings,107,49,0,83/1,0,71,11.5,1,0,0,False,,44828,Faf du Plessis,Chennai Super Kings,774223,Jhye Richardson,Punjab Kings,,,8917,Moeen Ali,1,7.01
ipl20,201106,1254065,2nd innings,107,48,0,84/1,0,72,11.6,1,0,0,False,,8917,Moeen Ali,Chennai Super Kings,774223,Jhye Richardson,Punjab Kings,,,44828,Faf du Plessis,1,7.0
ipl20,201201,1254065,2nd innings,107,47,0,90/1,0,73,12.1,6,0,0,False,,8917,Moeen Ali,Chennai Super Kings,528067,Murugan Ashwin,Punjab Kings,,,44828,Faf du Plessis,6,7.39
ipl20,201202,1254065,2nd innings,107,46,0,90/1,0,74,12.2,0,0,0,False,,8917,Moeen Ali,Chennai Super Kings,528067,Murugan Ashwin,Punjab Kings,,,44828,Faf du Plessis,0,7.29
ipl20,201203,1254065,2nd innings,107,45,0,90/2,2,75,12.3,0,0,0,True,caught,8917,Moeen Ali,Chennai Super Kings,528067,Murugan Ashwin,Punjab Kings,8917,Moeen Ali,44828,Faf du Plessis,0,7.2
ipl20,201204,1254065,2nd innings,107,44,0,90/2,0,76,12.4,0,0,0,False,,33335,Suresh Raina,Chennai Super Kings,528067,Murugan Ashwin,Punjab Kings,,,44828,Faf du Plessis,0,7.1
ipl20,201205,1254065,2nd innings,107,43,0,94/2,0,77,12.5,4,0,0,False,,33335,Suresh Raina,Chennai Super Kings,528067,Murugan Ashwin,Punjab Kings,,,44828,Faf du Plessis,4,7.32
ipl20,201206,1254065,2nd innings,107,42,0,95/2,0,78,12.6,1,0,0,False,,33335,Suresh Raina,Chennai Super Kings,528067,Murugan Ashwin,Punjab Kings,,,44828,Faf du Plessis,1,7.3
ipl20,201301,1254065,2nd innings,107,42,0,96/2,0,78,13.0,1,1,1,False,,33335,Suresh Raina,Chennai Super Kings,961713,Riley Meredith,Punjab Kings,,,44828,Faf du Plessis,1,7.38
ipl20,201302,1254065,2nd innings,107,41,0,96/2,0,79,13.1,0,0,0,False,,33335,Suresh Raina,Chennai Super Kings,961713,Riley Meredith,Punjab Kings,,,44828,Faf du Plessis,0,7.29
ipl20,201303,1254065,2nd innings,107,40,0,96/2,0,80,13.2,0,0,0,False,,33335,Suresh Raina,Chennai Super Kings,961713,Riley Meredith,Punjab Kings,,,44828,Faf du Plessis,0,7.2
ipl20,201304,1254065,2nd innings,107,39,0,96/2,0,81,13.3,0,0,0,False,,33335,Suresh Raina,Chennai Super Kings,961713,Riley Meredith,Punjab Kings,,,44828,Faf du Plessis,0,7.11
ipl20,201305,1254065,2nd innings,107,38,0,97/2,0,82,13.4,1,0,0,False,,33335,Suresh Raina,Chennai Super Kings,961713,Riley Meredith,Punjab Kings,,,44828,Faf du Plessis,1,7.09
ipl20,201306,1254065,2nd innings,107,37,0,97/2,0,83,13.5,0,0,0,False,,44828,Faf du Plessis,Chennai Super Kings,961713,Riley Meredith,Punjab Kings,,,33335,Suresh Raina,0,7.01
ipl20,201307,1254065,2nd innings,107,36,0,97/2,0,84,13.6,0,0,0,False,,44828,Faf du Plessis,Chennai Super Kings,961713,Riley Meredith,Punjab Kings,,,33335,Suresh Raina,0,6.92
ipl20,201401,1254065,2nd innings,107,35,0,99/2,0,85,14.1,2,0,0,False,,33335,Suresh Raina,Chennai Super Kings,481896,Mohammed Shami,Punjab Kings,,,44828,Faf du Plessis,2,6.98
ipl20,201402,1254065,2nd innings,107,34,0,99/3,3,86,14.2,0,0,0,True,caught,33335,Suresh Raina,Chennai Super Kings,481896,Mohammed Shami,Punjab Kings,33335,Suresh Raina,44828,Faf du Plessis,0,6.9
ipl20,201403,1254065,2nd innings,107,33,0,99/4,4,87,14.3,0,0,0,True,caught,33141,Ambati Rayudu,Chennai Super Kings,481896,Mohammed Shami,Punjab Kings,481896,Mohammed Shami,44828,Faf du Plessis,0,6.82
ipl20,201404,1254065,2nd innings,107,32,0,100/4,0,88,14.4,1,0,0,False,,44828,Faf du Plessis,Chennai Super Kings,481896,Mohammed Shami,Punjab Kings,,,662973,Sam Curran,1,6.81
ipl20,201405,1254065,2nd innings,107,31,0,101/4,0,89,14.5,1,0,0,False,,662973,Sam Curran,Chennai Super Kings,481896,Mohammed Shami,Punjab Kings,,,44828,Faf du Plessis,1,6.8
ipl20,201406,1254065,2nd innings,107,30,0,102/4,0,90,14.6,1,0,0,False,,44828,Faf du Plessis,Chennai Super Kings,481896,Mohammed Shami,Punjab Kings,,,662973,Sam Curran,1,6.8
ipl20,201501,1254065,2nd innings,107,29,0,103/4,0,91,15.1,1,0,0,False,,44828,Faf du Plessis,Chennai Super Kings,961713,Riley Meredith,Punjab Kings,,,662973,Sam Curran,1,6.79
ipl20,201502,1254065,2nd innings,107,28,0,103/4,0,92,15.2,0,0,0,False,,662973,Sam Curran,Chennai Super Kings,961713,Riley Meredith,Punjab Kings,,,44828,Faf du Plessis,0,6.71
ipl20,201503,1254065,2nd innings,107,27,0,103/4,0,93,15.3,0,0,0,False,,662973,Sam Curran,Chennai Super Kings,961713,Riley Meredith,Punjab Kings,,,44828,Faf du Plessis,0,6.64
ipl20,201504,1254065,2nd innings,107,26,0,107/4,0,94,15.4,4,0,0,False,,662973,Sam Curran,Chennai Super Kings,961713,Riley Meredith,Punjab Kings,,,44828,Faf du Plessis,4,6.82
