ipl_season,sequence,eventid,innings,target,remainingballs,homescore,awayscore,fallofwickets,ball,over,scorevalue,validball,extras,dismissal,dismissaltype,batsmanid,batsman,batsmanteam,bowlerid,bowler,bowlerteam,otherathleteinvolvedid,otherathleteinvolved,nonstrikerid,nonstriker,runs,runrate
ipl20,100001,1254097,1st innings,0,119,1/0,0,0,1,0.1,1,0,0,False,,1070168,Prithvi Shaw,Delhi Capitals,330902,Mustafizur Rahman,Rajasthan Royals,,,28235,Shikhar Dhawan,1,6.0
ipl20,100002,1254097,1st innings,0,118,2/0,0,0,2,0.2,1,0,0,False,,28235,Shikhar Dhawan,Delhi Capitals,330902,Mustafizur Rahman,Rajasthan Royals,,,1070168,Prithvi Shaw,1,6.0
ipl20,100003,1254097,1st innings,0,117,2/0,0,0,3,0.3,0,0,0,False,,1070168,Prithvi Shaw,Delhi Capitals,330902,Mustafizur Rahman,Rajasthan Royals,,,28235,Shikhar Dhawan,0,4.0
ipl20,100004,1254097,1st innings,0,116,3/0,0,0,4,0.4,1,0,0,False,,1070168,Prithvi Shaw,Delhi Capitals,330902,Mustafizur Rahman,Rajasthan Royals,,,28235,Shikhar Dhawan,1,4.5
ipl20,100005,1254097,1st innings,0,115,4/0,0,0,5,0.5,1,0,0,False,,28235,Shikhar Dhawan,Delhi Capitals,330902,Mustafizur Rahman,Rajasthan Royals,,,1070168,Prithvi Shaw,1,4.8
ipl20,100006,1254097,1st innings,0,114,6/0,0,0,6,0.6,2,0,0,False,,1070168,Prithvi Shaw,Delhi Capitals,330902,Mustafizur Rahman,Rajasthan Royals,,,28235,Shikhar Dhawan,2,6.0
ipl20,100101,1254097,1st innings,0,113,10/0,0,0,7,1.1,4,0,0,False,,28235,Shikhar Dhawan,Delhi Capitals,853265,Mahipal Lomror,Rajasthan Royals,,,1070168,Prithvi Shaw,4,8.57
ipl20,100102,1254097,1st innings,0,112,10/0,0,0,8,1.2,0,0,0,False,,28235,Shikhar Dhawan,Delhi Capitals,853265,Mahipal Lomror,Rajasthan Royals,,,1070168,Prithvi Shaw,0,7.5
ipl20,100103,1254097,1st innings,0,111,10/0,0,0,9,1.3,0,0,0,False,,28235,Shikhar Dhawan,Delhi Capitals,853265,Mahipal Lomror,Rajasthan Royals,,,1070168,Prithvi Shaw,0,6.66
ipl20,100104,1254097,1st innings,0,110,11/0,0,0,10,1.4,1,0,0,False,,28235,Shikhar Dhawan,Delhi Capitals,853265,Mahipal Lomror,Rajasthan Royals,,,1070168,Prithvi Shaw,1,6.6
ipl20,100105,1254097,1st innings,0,109,11/0,0,0,11,1.5,0,0,0,False,,1070168,Prithvi Shaw,Delhi Capitals,853265,Mahipal Lomror,Rajasthan Royals,,,28235,Shikhar Dhawan,0,6.0
ipl20,100106,1254097,1st innings,0,108,11/0,0,0,12,1.6,0,0,0,False,,1070168,Prithvi Shaw,Delhi Capitals,853265,Mahipal Lomror,Rajasthan Royals,,,28235,Shikhar Dhawan,0,5.5
ipl20,100201,1254097,1st innings,0,107,12/0,0,0,13,2.1,1,0,0,False,,28235,Shikhar Dhawan,Delhi Capitals,1131754,Chetan Sakariya,Rajasthan Royals,,,1070168,Prithvi Shaw,1,5.53
ipl20,100202,1254097,1st innings,0,106,12/0,0,0,14,2.2,0,0,0,False,,1070168,Prithvi Shaw,Delhi Capitals,1131754,Chetan Sakariya,Rajasthan Royals,,,28235,Shikhar Dhawan,0,5.14
ipl20,100203,1254097,1st innings,0,105,12/0,0,0,15,2.3,0,0,0,False,,1070168,Prithvi Shaw,Delhi Capitals,1131754,Chetan Sakariya,Rajasthan Royals,,,28235,Shikhar Dhawan,0,4.8
ipl20,100204,1254097,1st innings,0,104,14/0,0,0,16,2.4,2,0,0,False,,1070168,Prithvi Shaw,Delhi Capitals,1131754,Chetan Sakariya,Rajasthan Royals,,,28235,Shikhar Dhawan,2,5.25
ipl20,100205,1254097,1st innings,0,103,16/0,0,0,17,2.5,2,0,0,False,,1070168,Prithvi Shaw,Delhi Capitals,1131754,Chetan Sakariya,Rajasthan Royals,,,28235,Shikhar Dhawan,2,5.64
ipl20,100206,1254097,1st innings,0,102,18/0,0,0,18,2.6,2,0,0,False,,1070168,Prithvi Shaw,Delhi Capitals,1131754,Chetan Sakariya,Rajasthan Royals,,,28235,Shikhar Dhawan,2,6.0
ipl20,100301,1254097,1st innings,0,101,18/1,0,1,19,3.1,0,0,0,True,bowled,28235,Shikhar Dhawan,Delhi Capitals,1122918,Kartik Tyagi,Rajasthan Royals,1122918,Kartik Tyagi,1070168,Prithvi Shaw,0,5.68
ipl20,100302,1254097,1st innings,0,100,18/1,0,0,20,3.2,0,0,0,False,,642519,Shreyas Iyer,Delhi Capitals,1122918,Kartik Tyagi,Rajasthan Royals,,,1070168,Prithvi Shaw,0,5.4
ipl20,100303,1254097,1st innings,0,99,18/1,0,0,21,3.3,0,0,0,False,,642519,Shreyas Iyer,Delhi Capitals,1122918,Kartik Tyagi,Rajasthan Royals,,,1070168,Prithvi Shaw,0,5.14
ipl20,100304,1254097,1st innings,0,99,19/1,0,0,21,3.3,1,1,1,False,,642519,Shreyas Iyer,Delhi Capitals,1122918,Kartik Tyagi,Rajasthan Royals,,,1070168,Prithvi Shaw,1,5.42
ipl20,100305,1254097,1st innings,0,98,19/1,0,0,22,3.4,0,0,0,False,,642519,Shreyas Iyer,Delhi Capitals,1122918,Kartik Tyagi,Rajasthan Royals,,,1070168,Prithvi Shaw,0,5.18
ipl20,100306,1254097,1st innings,0,97,21/1,0,0,23,3.5,2,0,0,False,,642519,Shreyas Iyer,Delhi Capitals,1122918,Kartik Tyagi,Rajasthan Royals,,,1070168,Prithvi Shaw,2,5.47
ipl20,100307,1254097,1st innings,0,96,21/1,0,0,24,3.6,0,0,0,False,,642519,Shreyas Iyer,Delhi Capitals,1122918,Kartik Tyagi,Rajasthan Royals,,,1070168,Prithvi Shaw,0,5.25
ipl20,100401,1254097,1st innings,0,95,21/2,0,2,25,4.1,0,0,0,True,caught,1070168,Prithvi Shaw,Delhi Capitals,1131754,Chetan Sakariya,Rajasthan Royals,1131754,Chetan Sakariya,642519,Shreyas Iyer,0,5.04
ipl20,100402,1254097,1st innings,0,94,22/2,0,0,26,4.2,1,0,0,False,,931581,Rishabh Pant,Delhi Capitals,1131754,Chetan Sakariya,Rajasthan Royals,,,642519,Shreyas Iyer,1,5.07
ipl20,100403,1254097,1st innings,0,93,23/2,0,0,27,4.3,1,0,0,False,,642519,Shreyas Iyer,Delhi Capitals,1131754,Chetan Sakariya,Rajasthan Royals,,,931581,Rishabh Pant,1,5.11
ipl20,100404,1254097,1st innings,0,92,24/2,0,0,28,4.4,1,0,0,False,,931581,Rishabh Pant,Delhi Capitals,1131754,Chetan Sakariya,Rajasthan Royals,,,642519,Shreyas Iyer,1,5.14
ipl20,100405,1254097,1st innings,0,91,25/2,0,0,29,4.5,1,0,0,False,,642519,Shreyas Iyer,Delhi Capitals,1131754,Chetan Sakariya,Rajasthan Royals,,,931581,Rishabh Pant,1,5.17
ipl20,100406,1254097,1st innings,0,90,25/2,0,0,30,4.6,0,0,0,False,,931581,Rishabh Pant,Delhi Capitals,1131754,Chetan Sakariya,Rajasthan Royals,,,642519,Shreyas Iyer,0,5.0
ipl20,100501,1254097,1st innings,0,89,29/2,0,0,31,5.1,4,0,0,False,,642519,Shreyas Iyer,Delhi Capitals,1122918,Kartik Tyagi,Rajasthan Royals,,,931581,Rishabh Pant,4,5.61
ipl20,100502,1254097,1st innings,0,89,30/2,0,0,31,5.1,1,1,1,False,,642519,Shreyas Iyer,Delhi Capitals,1122918,Kartik Tyagi,Rajasthan Royals,,,931581,Rishabh Pant,1,5.8
ipl20,100503,1254097,1st innings,0,88,31/2,0,0,32,5.2,1,0,0,False,,642519,Shreyas Iyer,Delhi Capitals,1122918,Kartik Tyagi,Rajasthan Royals,,,931581,Rishabh Pant,1,5.81
ipl20,100504,1254097,1st innings,0,87,31/2,0,0,33,5.3,0,0,0,False,,931581,Rishabh Pant,Delhi Capitals,1122918,Kartik Tyagi,Rajasthan Royals,,,642519,Shreyas Iyer,0,5.63
ipl20,100505,1254097,1st innings,0,86,35/2,0,0,34,5.4,4,0,0,False,,931581,Rishabh Pant,Delhi Capitals,1122918,Kartik Tyagi,Rajasthan Royals,,,642519,Shreyas Iyer,4,6.17
ipl20,100506,1254097,1st innings,0,85,35/2,0,0,35,5.5,0,0,0,False,,931581,Rishabh Pant,Delhi Capitals,1122918,Kartik Tyagi,Rajasthan Royals,,,642519,Shreyas Iyer,0,6.0
ipl20,100507,1254097,1st innings,0,84,36/2,0,0,36,5.6,1,0,0,False,,931581,Rishabh Pant,Delhi Capitals,1122918,Kartik Tyagi,Rajasthan Royals,,,642519,Shreyas Iyer,1,6.0
ipl20,100601,1254097,1st innings,0,83,37/2,0,0,37,6.1,1,0,0,False,,931581,Rishabh Pant,Delhi Capitals,379145,Tabraiz Shamsi,Rajasthan Royals,,,642519,Shreyas Iyer,1,6.0
ipl20,100602,1254097,1st innings,0,82,38/2,0,0,38,6.2,1,0,0,False,,642519,Shreyas Iyer,Delhi Capitals,379145,Tabraiz Shamsi,Rajasthan Royals,,,931581,Rishabh Pant,1,6.0
ipl20,100603,1254097,1st innings,0,81,39/2,0,0,39,6.3,1,0,0,False,,931581,Rishabh Pant,Delhi Capitals,379145,Tabraiz Shamsi,Rajasthan Royals,,,642519,Shreyas Iyer,1,6.0
ipl20,100604,1254097,1st innings,0,80,40/2,0,0,40,6.4,1,0,0,False,,642519,Shreyas Iyer,Delhi Capitals,379145,Tabraiz Shamsi,Rajasthan Royals,,,931581,Rishabh Pant,1,6.0
ipl20,100605,1254097,1st innings,0,79,41/2,0,0,41,6.5,1,0,0,False,,931581,Rishabh Pant,Delhi Capitals,379145,Tabraiz Shamsi,Rajasthan Royals,,,642519,Shreyas Iyer,1,6.0
ipl20,100606,1254097,1st innings,0,78,42/2,0,0,42,6.6,1,0,0,False,,642519,Shreyas Iyer,Delhi Capitals,379145,Tabraiz Shamsi,Rajasthan Royals,,,931581,Rishabh Pant,1,6.0
ipl20,100701,1254097,1st innings,0,77,43/2,0,0,43,7.1,1,0,0,False,,642519,Shreyas Iyer,Delhi Capitals,423838,Rahul Tewatia,Rajasthan Royals,,,931581,Rishabh Pant,1,6.0
ipl20,100702,1254097,1st innings,0,76,44/2,0,0,44,7.2,1,0,0,False,,931581,Rishabh Pant,Delhi Capitals,423838,Rahul Tewatia,Rajasthan Royals,,,642519,Shreyas Iyer,1,6.0
ipl20,100703,1254097,1st innings,0,75,45/2,0,0,45,7.3,1,0,0,False,,642519,Shreyas Iyer,Delhi Capitals,423838,Rahul Tewatia,Rajasthan Royals,,,931581,Rishabh Pant,1,6.0
ipl20,100704,1254097,1st innings,0,74,46/2,0,0,46,7.4,1,0,0,False,,931581,Rishabh Pant,Delhi Capitals,423838,Rahul Tewatia,Rajasthan Royals,,,642519,Shreyas Iyer,1,6.0
ipl20,100705,1254097,1st innings,0,73,47/2,0,0,47,7.5,1,0,0,False,,642519,Shreyas Iyer,Delhi Capitals,423838,Rahul Tewatia,Rajasthan Royals,,,931581,Rishabh Pant,1,6.0
ipl20,100706,1254097,1st innings,0,72,47/2,0,0,48,7.6,0,0,0,False,,931581,Rishabh Pant,Delhi Capitals,423838,Rahul Tewatia,Rajasthan Royals,,,642519,Shreyas Iyer,0,5.87
ipl20,100801,1254097,1st innings,0,71,49/2,0,0,49,8.1,2,0,0,False,,642519,Shreyas Iyer,Delhi Capitals,379145,Tabraiz Shamsi,Rajasthan Royals,,,931581,Rishabh Pant,2,6.0
ipl20,100802,1254097,1st innings,0,70,50/2,0,0,50,8.2,1,0,0,False,,642519,Shreyas Iyer,Delhi Capitals,379145,Tabraiz Shamsi,Rajasthan Royals,,,931581,Rishabh Pant,1,6.0
ipl20,100803,1254097,1st innings,0,69,54/2,0,0,51,8.3,4,0,0,False,,931581,Rishabh Pant,Delhi Capitals,379145,Tabraiz Shamsi,Rajasthan Royals,,,642519,Shreyas Iyer,4,6.35
ipl20,100804,1254097,1st innings,0,68,55/2,0,0,52,8.4,1,0,0,False,,931581,Rishabh Pant,Delhi Capitals,379145,Tabraiz Shamsi,Rajasthan Royals,,,642519,Shreyas Iyer,1,6.34
ipl20,100805,1254097,1st innings,0,67,56/2,0,0,53,8.5,1,0,0,False,,642519,Shreyas Iyer,Delhi Capitals,379145,Tabraiz Shamsi,Rajasthan Royals,,,931581,Rishabh Pant,1,6.33
ipl20,100806,1254097,1st innings,0,66,56/2,0,0,54,8.6,0,0,0,False,,931581,Rishabh Pant,Delhi Capitals,379145,Tabraiz Shamsi,Rajasthan Royals,,,642519,Shreyas Iyer,0,6.22
ipl20,100901,1254097,1st innings,0,65,57/2,0,0,55,9.1,1,0,0,False,,642519,Shreyas Iyer,Delhi Capitals,423838,Rahul Tewatia,Rajasthan Royals,,,931581,Rishabh Pant,1,6.21
ipl20,100902,1254097,1st innings,0,64,57/2,0,0,56,9.2,0,0,0,False,,931581,Rishabh Pant,Delhi Capitals,423838,Rahul Tewatia,Rajasthan Royals,,,642519,Shreyas Iyer,0,6.1
ipl20,100903,1254097,1st innings,0,63,58/2,0,0,57,9.3,1,0,0,False,,931581,Rishabh Pant,Delhi Capitals,423838,Rahul Tewatia,Rajasthan Royals,,,642519,Shreyas Iyer,1,6.1
ipl20,100904,1254097,1st innings,0,62,64/2,0,0,58,9.4,6,0,0,False,,642519,Shreyas Iyer,Delhi Capitals,423838,Rahul Tewatia,Rajasthan Royals,,,931581,Rishabh Pant,6,6.62
ipl20,100905,1254097,1st innings,0,61,65/2,0,0,59,9.5,1,0,0,False,,642519,Shreyas Iyer,Delhi Capitals,423838,Rahul Tewatia,Rajasthan Royals,,,931581,Rishabh Pant,1,6.61
ipl20,100906,1254097,1st innings,0,60,66/2,0,0,60,9.6,1,0,0,False,,931581,Rishabh Pant,Delhi Capitals,423838,Rahul Tewatia,Rajasthan Royals,,,642519,Shreyas Iyer,1,6.6
ipl20,101001,1254097,1st innings,0,59,67/2,0,0,61,10.1,1,0,0,False,,931581,Rishabh Pant,Delhi Capitals,379145,Tabraiz Shamsi,Rajasthan Royals,,,642519,Shreyas Iyer,1,6.59
ipl20,101002,1254097,1st innings,0,58,69/2,0,0,62,10.2,2,0,0,False,,642519,Shreyas Iyer,Delhi Capitals,379145,Tabraiz Shamsi,Rajasthan Royals,,,931581,Rishabh Pant,2,6.67
ipl20,101003,1254097,1st innings,0,57,75/2,0,0,63,10.3,6,0,0,False,,642519,Shreyas Iyer,Delhi Capitals,379145,Tabraiz Shamsi,Rajasthan Royals,,,931581,Rishabh Pant,6,7.14
ipl20,101004,1254097,1st innings,0,56,77/2,0,0,64,10.4,2,0,0,False,,642519,Shreyas Iyer,Delhi Capitals,379145,Tabraiz Shamsi,Rajasthan Royals,,,931581,Rishabh Pant,2,7.21
ipl20,101005,1254097,1st innings,0,55,78/2,0,0,65,10.5,1,0,0,False,,642519,Shreyas Iyer,Delhi Capitals,379145,Tabraiz Shamsi,Rajasthan Royals,,,931581,Rishabh Pant,1,7.2
ipl20,101006,1254097,1st innings,0,54,79/2,0,0,66,10.6,1,0,0,False,,931581,Rishabh Pant,Delhi Capitals,379145,Tabraiz Shamsi,Rajasthan Royals,,,642519,Shreyas Iyer,1,7.18
ipl20,101101,1254097,1st innings,0,53,80/2,0,0,67,11.1,1,0,0,False,,931581,Rishabh Pant,Delhi Capitals,330902,Mustafizur Rahman,Rajasthan Royals,,,642519,Shreyas Iyer,1,7.16
ipl20,101102,1254097,1st innings,0,52,81/2,0,0,68,11.2,1,0,0,False,,642519,Shreyas Iyer,Delhi Capitals,330902,Mustafizur Rahman,Rajasthan Royals,,,931581,Rishabh Pant,1,7.14
ipl20,101103,1254097,1st innings,0,51,83/2,0,0,69,11.3,2,0,0,False,,931581,Rishabh Pant,Delhi Capitals,330902,Mustafizur Rahman,Rajasthan Royals,,,642519,Shreyas Iyer,2,7.21
ipl20,101104,1254097,1st innings,0,50,83/3,0,3,70,11.4,0,0,0,True,bowled,931581,Rishabh Pant,Delhi Capitals,330902,Mustafizur Rahman,Rajasthan Royals,330902,Mustafizur Rahman,642519,Shreyas Iyer,0,7.11
ipl20,101105,1254097,1st innings,0,49,83/3,0,0,71,11.5,0,0,0,False,,670025,Shimron Hetmyer,Delhi Capitals,330902,Mustafizur Rahman,Rajasthan Royals,,,642519,Shreyas Iyer,0,7.01
ipl20,101106,1254097,1st innings,0,48,84/3,0,0,72,11.6,1,0,0,False,,670025,Shimron Hetmyer,Delhi Capitals,330902,Mustafizur Rahman,Rajasthan Royals,,,642519,Shreyas Iyer,1,7.0
ipl20,101201,1254097,1st innings,0,47,85/3,0,0,73,12.1,1,0,0,False,,670025,Shimron Hetmyer,Delhi Capitals,379145,Tabraiz Shamsi,Rajasthan Royals,,,642519,Shreyas Iyer,1,6.98
ipl20,101202,1254097,1st innings,0,46,85/3,0,0,74,12.2,0,0,0,False,,642519,Shreyas Iyer,Delhi Capitals,379145,Tabraiz Shamsi,Rajasthan Royals,,,670025,Shimron Hetmyer,0,6.89
ipl20,101203,1254097,1st innings,0,45,86/3,0,0,75,12.3,1,0,0,False,,642519,Shreyas Iyer,Delhi Capitals,379145,Tabraiz Shamsi,Rajasthan Royals,,,670025,Shimron Hetmyer,1,6.88
ipl20,101204,1254097,1st innings,0,44,87/3,0,0,76,12.4,1,0,0,False,,670025,Shimron Hetmyer,Delhi Capitals,379145,Tabraiz Shamsi,Rajasthan Royals,,,642519,Shreyas Iyer,1,6.86
ipl20,101205,1254097,1st innings,0,43,89/3,0,0,77,12.5,2,0,0,False,,642519,Shreyas Iyer,Delhi Capitals,379145,Tabraiz Shamsi,Rajasthan Royals,,,670025,Shimron Hetmyer,2,6.93
ipl20,101206,1254097,1st innings,0,42,90/3,0,0,78,12.6,1,0,0,False,,642519,Shreyas Iyer,Delhi Capitals,379145,Tabraiz Shamsi,Rajasthan Royals,,,670025,Shimron Hetmyer,1,6.92
ipl20,101301,1254097,1st innings,0,41,90/3,0,0,79,13.1,0,0,0,False,,642519,Shreyas Iyer,Delhi Capitals,423838,Rahul Tewatia,Rajasthan Royals,,,670025,Shimron Hetmyer,0,6.83
ipl20,101302,1254097,1st innings,0,40,90/4,0,4,80,13.2,0,0,0,True,stumped,642519,Shreyas Iyer,Delhi Capitals,423838,Rahul Tewatia,Rajasthan Royals,423838,Rahul Tewatia,670025,Shimron Hetmyer,0,6.75
ipl20,101303,1254097,1st innings,0,39,90/4,0,0,81,13.3,0,0,0,False,,930189,Lalit Yadav,Delhi Capitals,423838,Rahul Tewatia,Rajasthan Royals,,,670025,Shimron Hetmyer,0,6.66
ipl20,101304,1254097,1st innings,0,38,90/4,0,0,82,13.4,0,0,0,False,,930189,Lalit Yadav,Delhi Capitals,423838,Rahul Tewatia,Rajasthan Royals,,,670025,Shimron Hetmyer,0,6.58
ipl20,101305,1254097,1st innings,0,37,91/4,0,0,83,13.5,1,0,0,False,,930189,Lalit Yadav,Delhi Capitals,423838,Rahul Tewatia,Rajasthan Royals,,,670025,Shimron Hetmyer,1,6.57
ipl20,101306,1254097,1st innings,0,36,92/4,0,0,84,13.6,1,0,0,False,,670025,Shimron Hetmyer,Delhi Capitals,423838,Rahul Tewatia,Rajasthan Royals,,,930189,Lalit Yadav,1,6.57
ipl20,101401,1254097,1st innings,0,35,94/4,0,0,85,14.1,2,0,0,False,,670025,Shimron Hetmyer,Delhi Capitals,1131754,Chetan Sakariya,Rajasthan Royals,,,930189,Lalit Yadav,2,6.63
ipl20,101402,1254097,1st innings,0,34,98/4,0,0,86,14.2,4,0,0,False,,670025,Shimron Hetmyer,Delhi Capitals,1131754,Chetan Sakariya,Rajasthan Royals,,,930189,Lalit Yadav,4,6.83
ipl20,101403,1254097,1st innings,0,33,98/4,0,0,87,14.3,0,0,0,False,,670025,Shimron Hetmyer,Delhi Capitals,1131754,Chetan Sakariya,Rajasthan Royals,,,930189,Lalit Yadav,0,6.75
ipl20,101404,1254097,1st innings,0,32,102/4,0,0,88,14.4,4,0,0,False,,670025,Shimron Hetmyer,Delhi Capitals,1131754,Chetan Sakariya,Rajasthan Royals,,,930189,Lalit Yadav,4,6.95
ipl20,101405,1254097,1st innings,0,31,103/4,0,0,89,14.5,1,0,0,False,,670025,Shimron Hetmyer,Delhi Capitals,1131754,Chetan Sakariya,Rajasthan Royals,,,930189,Lalit Yadav,1,6.94
ipl20,101406,1254097,1st innings,0,30,104/4,0,0,90,14.6,1,0,0,False,,930189,Lalit Yadav,Delhi Capitals,1131754,Chetan Sakariya,Rajasthan Royals,,,670025,Shimron Hetmyer,1,6.93
ipl20,101501,1254097,1st innings,0,29,105/4,0,0,91,15.1,1,0,1,False,,930189,Lalit Yadav,Delhi Capitals,1122918,Kartik Tyagi,Rajasthan Royals,,,670025,Shimron Hetmyer,1,6.92
ipl20,101502,1254097,1st innings,0,29,106/4,0,0,91,15.1,1,1,1,False,,670025,Shimron Hetmyer,Delhi Capitals,1122918,Kartik Tyagi,Rajasthan Royals,,,930189,Lalit Yadav,1,6.98
ipl20,101503,1254097,1st innings,0,28,110/4,0,0,92,15.2,4,0,0,False,,670025,Shimron Hetmyer,Delhi Capitals,1122918,Kartik Tyagi,Rajasthan Royals,,,930189,Lalit Yadav,4,7.17
ipl20,101504,1254097,1st innings,0,27,114/4,0,0,93,15.3,4,0,0,False,,670025,Shimron Hetmyer,Delhi Capitals,1122918,Kartik Tyagi,Rajasthan Royals,,,930189,Lalit Yadav,4,7.35
ipl20,101505,1254097,1st innings,0,26,115/4,0,0,94,15.4,1,0,0,False,,670025,Shimron Hetmyer,Delhi Capitals,1122918,Kartik Tyagi,Rajasthan Royals,,,930189,Lalit Yadav,1,7.34
ipl20,101506,1254097,1st innings,0,25,116/4,0,0,95,15.5,1,0,0,False,,930189,Lalit Yadav,Delhi Capitals,1122918,Kartik Tyagi,Rajasthan Royals,,,670025,Shimron Hetmyer,1,7.32
ipl20,101507,1254097,1st innings,0,24,120/4,0,0,96,15.6,4,0,0,False,,670025,Shimron Hetmyer,Delhi Capitals,1122918,Kartik Tyagi,Rajasthan Royals,,,930189,Lalit Yadav,4,7.5
ipl20,101601,1254097,1st innings,0,23,121/4,0,0,97,16.1,1,0,0,False,,930189,Lalit Yadav,Delhi Capitals,330902,Mustafizur Rahman,Rajasthan Royals,,,670025,Shimron Hetmyer,1,7.48
ipl20,101602,1254097,1st innings,0,22,121/4,0,0,98,16.2,0,0,0,False,,670025,Shimron Hetmyer,Delhi Capitals,330902,Mustafizur Rahman,Rajasthan Royals,,,930189,Lalit Yadav,0,7.4
ipl20,101603,1254097,1st innings,0,21,121/5,0,5,99,16.3,0,0,0,True,caught,670025,Shimron Hetmyer,Delhi Capitals,330902,Mustafizur Rahman,Rajasthan Royals,1131754,Chetan Sakariya,930189,Lalit Yadav,0,7.33
ipl20,101604,1254097,1st innings,0,20,122/5,0,0,100,16.4,1,0,0,False,,554691,Axar Patel,Delhi Capitals,330902,Mustafizur Rahman,Rajasthan Royals,,,930189,Lalit Yadav,1,7.32
ipl20,101605,1254097,1st innings,0,19,123/5,0,0,101,16.5,1,0,0,False,,930189,Lalit Yadav,Delhi Capitals,330902,Mustafizur Rahman,Rajasthan Royals,,,554691,Axar Patel,1,7.3
ipl20,101606,1254097,1st innings,0,18,124/5,0,0,102,16.6,1,0,0,False,,554691,Axar Patel,Delhi Capitals,330902,Mustafizur Rahman,Rajasthan Royals,,,930189,Lalit Yadav,1,7.29
ipl20,101701,1254097,1st innings,0,17,126/5,0,0,103,17.1,2,0,0,False,,554691,Axar Patel,Delhi Capitals,1122918,Kartik Tyagi,Rajasthan Royals,,,930189,Lalit Yadav,2,7.33
ipl20,101702,1254097,1st innings,0,16,127/5,0,0,104,17.2,1,0,0,False,,554691,Axar Patel,Delhi Capitals,1122918,Kartik Tyagi,Rajasthan Royals,,,930189,Lalit Yadav,1,7.32
ipl20,101703,1254097,1st innings,0,15,128/5,0,0,105,17.3,1,0,0,False,,930189,Lalit Yadav,Delhi Capitals,1122918,Kartik Tyagi,Rajasthan Royals,,,554691,Axar Patel,1,7.31
ipl20,101704,1254097,1st innings,0,15,129/5,0,0,105,17.3,1,1,1,False,,554691,Axar Patel,Delhi Capitals,1122918,Kartik Tyagi,Rajasthan Royals,,,930189,Lalit Yadav,1,7.37
ipl20,101705,1254097,1st innings,0,15,130/5,0,0,105,17.3,1,1,1,False,,554691,Axar Patel,Delhi Capitals,1122918,Kartik Tyagi,Rajasthan Royals,,,930189,Lalit Yadav,1,7.42
ipl20,101706,1254097,1st innings,0,14,131/5,0,0,106,17.4,1,0,0,False,,554691,Axar Patel,Delhi Capitals,1122918,Kartik Tyagi,Rajasthan Royals,,,930189,Lalit Yadav,1,7.41
ipl20,101707,1254097,1st innings,0,13,131/5,0,0,107,17.5,0,0,0,False,,930189,Lalit Yadav,Delhi Capitals,1122918,Kartik Tyagi,Rajasthan Royals,,,554691,Axar Patel,0,7.34
ipl20,101708,1254097,1st innings,0,12,135/5,0,0,108,17.6,4,0,0,False,,930189,Lalit Yadav,Delhi Capitals,1122918,Kartik Tyagi,Rajasthan Royals,,,554691,Axar Patel,4,7.5
ipl20,101801,1254097,1st innings,0,11,141/5,0,0,109,18.1,6,0,0,False,,554691,Axar Patel,Delhi Capitals,1131754,Chetan Sakariya,Rajasthan Royals,,,930189,Lalit Yadav,6,7.76
ipl20,101802,1254097,1st innings,0,11,142/5,0,0,109,18.1,1,1,1,False,,554691,Axar Patel,Delhi Capitals,1131754,Chetan Sakariya,Rajasthan Royals,,,930189,Lalit Yadav,1,7.81
ipl20,101803,1254097,1st innings,0,10,142/6,0,6,110,18.2,0,0,0,True,caught,554691,Axar Patel,Delhi Capitals,1131754,Chetan Sakariya,Rajasthan Royals,1131754,Chetan Sakariya,930189,Lalit Yadav,0,7.74
ipl20,101804,1254097,1st innings,0,9,143/6,0,0,111,18.3,1,0,0,False,,930189,Lalit Yadav,Delhi Capitals,1131754,Chetan Sakariya,Rajasthan Royals,,,26421,Ravichandran Ashwin,1,7.72
ipl20,101805,1254097,1st innings,0,8,144/6,0,0,112,18.4,1,0,0,False,,26421,Ravichandran Ashwin,Delhi Capitals,1131754,Chetan Sakariya,Rajasthan Royals,,,930189,Lalit Yadav,1,7.71
ipl20,101806,1254097,1st innings,0,7,145/6,0,0,113,18.5,1,0,0,False,,930189,Lalit Yadav,Delhi Capitals,1131754,Chetan Sakariya,Rajasthan Royals,,,26421,Ravichandran Ashwin,1,7.69
ipl20,101807,1254097,1st innings,0,6,145/6,0,0,114,18.6,0,0,0,False,,26421,Ravichandran Ashwin,Delhi Capitals,1131754,Chetan Sakariya,Rajasthan Royals,,,930189,Lalit Yadav,0,7.63
ipl20,101901,1254097,1st innings,0,5,146/6,0,0,115,19.1,1,0,0,False,,930189,Lalit Yadav,Delhi Capitals,330902,Mustafizur Rahman,Rajasthan Royals,,,26421,Ravichandran Ashwin,1,7.61
ipl20,101902,1254097,1st innings,0,4,147/6,0,0,116,19.2,1,0,0,False,,26421,Ravichandran Ashwin,Delhi Capitals,330902,Mustafizur Rahman,Rajasthan Royals,,,930189,Lalit Yadav,1,7.6
ipl20,101903,1254097,1st innings,0,3,148/6,0,0,117,19.3,1,0,0,False,,930189,Lalit Yadav,Delhi Capitals,330902,Mustafizur Rahman,Rajasthan Royals,,,26421,Ravichandran Ashwin,1,7.58
ipl20,101904,1254097,1st innings,0,2,150/6,0,0,118,19.4,2,0,0,False,,26421,Ravichandran Ashwin,Delhi Capitals,330902,Mustafizur Rahman,Rajasthan Royals,,,930189,Lalit Yadav,2,7.62
ipl20,101905,1254097,1st innings,0,1,152/6,0,0,119,19.5,2,0,2,False,,26421,Ravichandran Ashwin,Delhi Capitals,330902,Mustafizur Rahman,Rajasthan Royals,,,930189,Lalit Yadav,2,7.66
ipl20,101906,1254097,1st innings,0,0,154/6,0,0,120,19.6,2,0,0,False,,26421,Ravichandran Ashwin,Delhi Capitals,330902,Mustafizur Rahman,Rajasthan Royals,,,930189,Lalit Yadav,2,7.7
ipl20,200001,1254097,2nd innings,155,119,0,1/0,0,1,0.1,1,0,0,False,,403902,Liam Livingstone,Rajasthan Royals,694211,Avesh Khan,Delhi Capitals,,,1151278,Yashasvi Jaiswal,1,6.0
ipl20,200002,1254097,2nd innings,155,118,0,3/0,0,2,0.2,2,0,0,False,,1151278,Yashasvi Jaiswal,Rajasthan Royals,694211,Avesh Khan,Delhi Capitals,,,403902,Liam Livingstone,2,9.0
ipl20,200003,1254097,2nd innings,155,117,0,3/0,0,3,0.3,0,0,0,False,,1151278,Yashasvi Jaiswal,Rajasthan Royals,694211,Avesh Khan,Delhi Capitals,,,403902,Liam Livingstone,0,6.0
ipl20,200004,1254097,2nd innings,155,116,0,6/0,0,4,0.4,3,0,0,False,,1151278,Yashasvi Jaiswal,Rajasthan Royals,694211,Avesh Khan,Delhi Capitals,,,403902,Liam Livingstone,3,9.0
ipl20,200005,1254097,2nd innings,155,115,0,6/0,0,5,0.5,0,0,0,False,,403902,Liam Livingstone,Rajasthan Royals,694211,Avesh Khan,Delhi Capitals,,,1151278,Yashasvi Jaiswal,0,7.2
ipl20,200006,1254097,2nd innings,155,114,0,6/1,1,6,0.6,0,0,0,True,caught,403902,Liam Livingstone,Rajasthan Royals,694211,Avesh Khan,Delhi Capitals,403902,Liam Livingstone,1151278,Yashasvi Jaiswal,0,6.0
ipl20,200101,1254097,2nd innings,155,113,0,6/2,2,7,1.1,0,0,0,True,caught,1151278,Yashasvi Jaiswal,Rajasthan Royals,481979,Anrich Nortje,Delhi Capitals,1151278,Yashasvi Jaiswal,425943,Sanju Samson,0,5.14
ipl20,200102,1254097,2nd innings,155,112,0,6/2,0,8,1.2,0,0,0,False,,321777,David Miller,Rajasthan Royals,481979,Anrich Nortje,Delhi Capitals,,,425943,Sanju Samson,0,4.5
ipl20,200103,1254097,2nd innings,155,111,0,6/2,0,9,1.3,0,0,0,False,,321777,David Miller,Rajasthan Royals,481979,Anrich Nortje,Delhi Capitals,,,425943,Sanju Samson,0,4.0
ipl20,200104,1254097,2nd innings,155,110,0,7/2,0,10,1.4,1,0,0,False,,321777,David Miller,Rajasthan Royals,481979,Anrich Nortje,Delhi Capitals,,,425943,Sanju Samson,1,4.2
ipl20,200105,1254097,2nd innings,155,109,0,8/2,0,11,1.5,1,0,0,False,,425943,Sanju Samson,Rajasthan Royals,481979,Anrich Nortje,Delhi Capitals,,,321777,David Miller,1,4.36
ipl20,200106,1254097,2nd innings,155,108,0,11/2,0,12,1.6,3,0,0,False,,321777,David Miller,Rajasthan Royals,481979,Anrich Nortje,Delhi Capitals,,,425943,Sanju Samson,3,5.5
ipl20,200201,1254097,2nd innings,155,107,0,11/2,0,13,2.1,0,0,0,False,,321777,David Miller,Rajasthan Royals,694211,Avesh Khan,Delhi Capitals,,,425943,Sanju Samson,0,5.07
ipl20,200202,1254097,2nd innings,155,106,0,12/2,0,14,2.2,1,0,0,False,,321777,David Miller,Rajasthan Royals,694211,Avesh Khan,Delhi Capitals,,,425943,Sanju Samson,1,5.14
ipl20,200203,1254097,2nd innings,155,105,0,13/2,0,15,2.3,1,0,0,False,,425943,Sanju Samson,Rajasthan Royals,694211,Avesh Khan,Delhi Capitals,,,321777,David Miller,1,5.2
ipl20,200204,1254097,2nd innings,155,104,0,14/2,0,16,2.4,1,0,0,False,,321777,David Miller,Rajasthan Royals,694211,Avesh Khan,Delhi Capitals,,,425943,Sanju Samson,1,5.25
ipl20,200205,1254097,2nd innings,155,103,0,14/2,0,17,2.5,0,0,0,False,,425943,Sanju Samson,Rajasthan Royals,694211,Avesh Khan,Delhi Capitals,,,321777,David Miller,0,4.94
ipl20,200206,1254097,2nd innings,155,102,0,15/2,0,18,2.6,1,0,0,False,,425943,Sanju Samson,Rajasthan Royals,694211,Avesh Khan,Delhi Capitals,,,321777,David Miller,1,5.0
ipl20,200301,1254097,2nd innings,155,101,0,15/2,0,19,3.1,0,0,0,False,,425943,Sanju Samson,Rajasthan Royals,481979,Anrich Nortje,Delhi Capitals,,,321777,David Miller,0,4.73
ipl20,200302,1254097,2nd innings,155,100,0,15/2,0,20,3.2,0,0,0,False,,425943,Sanju Samson,Rajasthan Royals,481979,Anrich Nortje,Delhi Capitals,,,321777,David Miller,0,4.5
ipl20,200303,1254097,2nd innings,155,99,0,15/2,0,21,3.3,0,0,0,False,,425943,Sanju Samson,Rajasthan Royals,481979,Anrich Nortje,Delhi Capitals,,,321777,David Miller,0,4.28
ipl20,200304,1254097,2nd innings,155,98,0,16/2,0,22,3.4,1,0,0,False,,425943,Sanju Samson,Rajasthan Royals,481979,Anrich Nortje,Delhi Capitals,,,321777,David Miller,1,4.36
ipl20,200305,1254097,2nd innings,155,97,0,17/2,0,23,3.5,1,0,0,False,,321777,David Miller,Rajasthan Royals,481979,Anrich Nortje,Delhi Capitals,,,425943,Sanju Samson,1,4.43
ipl20,200306,1254097,2nd innings,155,96,0,17/2,0,24,3.6,0,0,0,False,,425943,Sanju Samson,Rajasthan Royals,481979,Anrich Nortje,Delhi Capitals,,,321777,David Miller,0,4.25
ipl20,200401,1254097,2nd innings,155,95,0,17/2,0,25,4.1,0,0,0,False,,321777,David Miller,Rajasthan Royals,26421,Ravichandran Ashwin,Delhi Capitals,,,425943,Sanju Samson,0,4.08
ipl20,200402,1254097,2nd innings,155,94,0,17/3,3,26,4.2,0,0,0,True,stumped,321777,David Miller,Rajasthan Royals,26421,Ravichandran Ashwin,Delhi Capitals,26421,Ravichandran Ashwin,425943,Sanju Samson,0,3.92
ipl20,200403,1254097,2nd innings,155,93,0,19/3,0,27,4.3,2,0,0,False,,853265,Mahipal Lomror,Rajasthan Royals,26421,Ravichandran Ashwin,Delhi Capitals,,,425943,Sanju Samson,2,4.22
ipl20,200404,1254097,2nd innings,155,92,0,19/3,0,28,4.4,0,0,0,False,,853265,Mahipal Lomror,Rajasthan Royals,26421,Ravichandran Ashwin,Delhi Capitals,,,425943,Sanju Samson,0,4.07
ipl20,200405,1254097,2nd innings,155,91,0,19/3,0,29,4.5,0,0,0,False,,853265,Mahipal Lomror,Rajasthan Royals,26421,Ravichandran Ashwin,Delhi Capitals,,,425943,Sanju Samson,0,3.93
ipl20,200406,1254097,2nd innings,155,90,0,19/3,0,30,4.6,0,0,0,False,,853265,Mahipal Lomror,Rajasthan Royals,26421,Ravichandran Ashwin,Delhi Capitals,,,425943,Sanju Samson,0,3.8
ipl20,200501,1254097,2nd innings,155,89,0,20/3,0,31,5.1,1,0,0,False,,425943,Sanju Samson,Rajasthan Royals,550215,Kagiso Rabada,Delhi Capitals,,,853265,Mahipal Lomror,1,3.87
ipl20,200502,1254097,2nd innings,155,88,0,20/3,0,32,5.2,0,0,0,False,,853265,Mahipal Lomror,Rajasthan Royals,550215,Kagiso Rabada,Delhi Capitals,,,425943,Sanju Samson,0,3.75
ipl20,200503,1254097,2nd innings,155,87,0,20/3,0,33,5.3,0,0,0,False,,853265,Mahipal Lomror,Rajasthan Royals,550215,Kagiso Rabada,Delhi Capitals,,,425943,Sanju Samson,0,3.63
ipl20,200504,1254097,2nd innings,155,86,0,20/3,0,34,5.4,0,0,0,False,,853265,Mahipal Lomror,Rajasthan Royals,550215,Kagiso Rabada,Delhi Capitals,,,425943,Sanju Samson,0,3.52
ipl20,200505,1254097,2nd innings,155,85,0,21/3,0,35,5.5,1,0,0,False,,853265,Mahipal Lomror,Rajasthan Royals,550215,Kagiso Rabada,Delhi Capitals,,,425943,Sanju Samson,1,3.6
ipl20,200506,1254097,2nd innings,155,84,0,21/3,0,36,5.6,0,0,0,False,,425943,Sanju Samson,Rajasthan Royals,550215,Kagiso Rabada,Delhi Capitals,,,853265,Mahipal Lomror,0,3.5
ipl20,200601,1254097,2nd innings,155,83,0,21/3,0,37,6.1,0,0,0,False,,853265,Mahipal Lomror,Rajasthan Royals,26421,Ravichandran Ashwin,Delhi Capitals,,,425943,Sanju Samson,0,3.4
ipl20,200602,1254097,2nd innings,155,82,0,22/3,0,38,6.2,1,0,0,False,,853265,Mahipal Lomror,Rajasthan Royals,26421,Ravichandran Ashwin,Delhi Capitals,,,425943,Sanju Samson,1,3.47
ipl20,200603,1254097,2nd innings,155,81,0,26/3,0,39,6.3,4,0,0,False,,425943,Sanju Samson,Rajasthan Royals,26421,Ravichandran Ashwin,Delhi Capitals,,,853265,Mahipal Lomror,4,4.0
ipl20,200604,1254097,2nd innings,155,80,0,27/3,0,40,6.4,1,0,0,False,,425943,Sanju Samson,Rajasthan Royals,26421,Ravichandran Ashwin,Delhi Capitals,,,853265,Mahipal Lomror,1,4.05
ipl20,200605,1254097,2nd innings,155,79,0,28/3,0,41,6.5,1,0,0,False,,853265,Mahipal Lomror,Rajasthan Royals,26421,Ravichandran Ashwin,Delhi Capitals,,,425943,Sanju Samson,1,4.09
ipl20,200606,1254097,2nd innings,155,78,0,28/3,0,42,6.6,0,0,0,False,,425943,Sanju Samson,Rajasthan Royals,26421,Ravichandran Ashwin,Delhi Capitals,,,853265,Mahipal Lomror,0,4.0
ipl20,200701,1254097,2nd innings,155,77,0,29/3,0,43,7.1,1,0,0,False,,853265,Mahipal Lomror,Rajasthan Royals,554691,Axar Patel,Delhi Capitals,,,425943,Sanju Samson,1,4.04
ipl20,200702,1254097,2nd innings,155,77,0,30/3,0,43,7.1,1,1,1,False,,425943,Sanju Samson,Rajasthan Royals,554691,Axar Patel,Delhi Capitals,,,853265,Mahipal Lomror,1,4.18
ipl20,200703,1254097,2nd innings,155,76,0,31/3,0,44,7.2,1,0,0,False,,425943,Sanju Samson,Rajasthan Royals,554691,Axar Patel,Delhi Capitals,,,853265,Mahipal Lomror,1,4.22
ipl20,200704,1254097,2nd innings,155,75,0,32/3,0,45,7.3,1,0,0,False,,853265,Mahipal Lomror,Rajasthan Royals,554691,Axar Patel,Delhi Capitals,,,425943,Sanju Samson,1,4.26
ipl20,200705,1254097,2nd innings,155,74,0,32/3,0,46,7.4,0,0,0,False,,425943,Sanju Samson,Rajasthan Royals,554691,Axar Patel,Delhi Capitals,,,853265,Mahipal Lomror,0,4.17
ipl20,200706,1254097,2nd innings,155,73,0,33/3,0,47,7.5,1,0,0,False,,425943,Sanju Samson,Rajasthan Royals,554691,Axar Patel,Delhi Capitals,,,853265,Mahipal Lomror,1,4.21
ipl20,200707,1254097,2nd innings,155,72,0,34/3,0,48,7.6,1,0,0,False,,853265,Mahipal Lomror,Rajasthan Royals,554691,Axar Patel,Delhi Capitals,,,425943,Sanju Samson,1,4.25
ipl20,200801,1254097,2nd innings,155,71,0,34/3,0,49,8.1,0,0,0,False,,853265,Mahipal Lomror,Rajasthan Royals,26421,Ravichandran Ashwin,Delhi Capitals,,,425943,Sanju Samson,0,4.16
ipl20,200802,1254097,2nd innings,155,70,0,40/3,0,50,8.2,6,0,0,False,,853265,Mahipal Lomror,Rajasthan Royals,26421,Ravichandran Ashwin,Delhi Capitals,,,425943,Sanju Samson,6,4.8
ipl20,200803,1254097,2nd innings,155,69,0,41/3,0,51,8.3,1,0,0,False,,853265,Mahipal Lomror,Rajasthan Royals,26421,Ravichandran Ashwin,Delhi Capitals,,,425943,Sanju Samson,1,4.82
ipl20,200804,1254097,2nd innings,155,68,0,42/3,0,52,8.4,1,0,0,False,,425943,Sanju Samson,Rajasthan Royals,26421,Ravichandran Ashwin,Delhi Capitals,,,853265,Mahipal Lomror,1,4.84
ipl20,200805,1254097,2nd innings,155,67,0,42/3,0,53,8.5,0,0,0,False,,853265,Mahipal Lomror,Rajasthan Royals,26421,Ravichandran Ashwin,Delhi Capitals,,,425943,Sanju Samson,0,4.75
ipl20,200806,1254097,2nd innings,155,66,0,43/3,0,54,8.6,1,0,0,False,,853265,Mahipal Lomror,Rajasthan Royals,26421,Ravichandran Ashwin,Delhi Capitals,,,425943,Sanju Samson,1,4.77
ipl20,200901,1254097,2nd innings,155,65,0,44/3,0,55,9.1,1,0,0,False,,853265,Mahipal Lomror,Rajasthan Royals,554691,Axar Patel,Delhi Capitals,,,425943,Sanju Samson,1,4.8
ipl20,200902,1254097,2nd innings,155,64,0,45/3,0,56,9.2,1,0,0,False,,425943,Sanju Samson,Rajasthan Royals,554691,Axar Patel,Delhi Capitals,,,853265,Mahipal Lomror,1,4.82
ipl20,200903,1254097,2nd innings,155,63,0,46/3,0,57,9.3,1,0,0,False,,853265,Mahipal Lomror,Rajasthan Royals,554691,Axar Patel,Delhi Capitals,,,425943,Sanju Samson,1,4.84
ipl20,200904,1254097,2nd innings,155,62,0,46/3,0,58,9.4,0,0,0,False,,425943,Sanju Samson,Rajasthan Royals,554691,Axar Patel,Delhi Capitals,,,853265,Mahipal Lomror,0,4.75
ipl20,200905,1254097,2nd innings,155,61,0,47/3,0,59,9.5,1,0,0,False,,425943,Sanju Samson,Rajasthan Royals,554691,Axar Patel,Delhi Capitals,,,853265,Mahipal Lomror,1,4.77
ipl20,200906,1254097,2nd innings,155,60,0,48/3,0,60,9.6,1,0,0,False,,853265,Mahipal Lomror,Rajasthan Royals,554691,Axar Patel,Delhi Capitals,,,425943,Sanju Samson,1,4.8
ipl20,201001,1254097,2nd innings,155,59,0,48/3,0,61,10.1,0,0,0,False,,853265,Mahipal Lomror,Rajasthan Royals,550215,Kagiso Rabada,Delhi Capitals,,,425943,Sanju Samson,0,4.72
ipl20,201002,1254097,2nd innings,155,58,0,48/4,4,62,10.2,0,0,0,True,caught,853265,Mahipal Lomror,Rajasthan Royals,550215,Kagiso Rabada,Delhi Capitals,550215,Kagiso Rabada,425943,Sanju Samson,0,4.64
ipl20,201003,1254097,2nd innings,155,57,0,48/4,0,63,10.3,0,0,0,False,,1079434,Riyan Parag,Rajasthan Royals,550215,Kagiso Rabada,Delhi Capitals,,,425943,Sanju Samson,0,4.57
ipl20,201004,1254097,2nd innings,155,56,0,48/4,0,64,10.4,0,0,0,False,,1079434,Riyan Parag,Rajasthan Royals,550215,Kagiso Rabada,Delhi Capitals,,,425943,Sanju Samson,0,4.5
ipl20,201005,1254097,2nd innings,155,55,0,48/4,0,65,10.5,0,0,0,False,,1079434,Riyan Parag,Rajasthan Royals,550215,Kagiso Rabada,Delhi Capitals,,,425943,Sanju Samson,0,4.43
ipl20,201006,1254097,2nd innings,155,54,0,49/4,0,66,10.6,1,0,0,False,,1079434,Riyan Parag,Rajasthan Royals,550215,Kagiso Rabada,Delhi Capitals,,,425943,Sanju Samson,1,4.45
ipl20,201101,1254097,2nd innings,155,53,0,50/4,0,67,11.1,1,0,0,False,,1079434,Riyan Parag,Rajasthan Royals,554691,Axar Patel,Delhi Capitals,,,425943,Sanju Samson,1,4.47
ipl20,201102,1254097,2nd innings,155,52,0,54/4,0,68,11.2,4,0,0,False,,425943,Sanju Samson,Rajasthan Royals,554691,Axar Patel,Delhi Capitals,,,1079434,Riyan Parag,4,4.76
ipl20,201103,1254097,2nd innings,155,51,0,55/4,0,69,11.3,1,0,0,False,,425943,Sanju Samson,Rajasthan Royals,554691,Axar Patel,Delhi Capitals,,,1079434,Riyan Parag,1,4.78
ipl20,201104,1254097,2nd innings,155,50,0,55/4,0,70,11.4,0,0,0,False,,1079434,Riyan Parag,Rajasthan Royals,554691,Axar Patel,Delhi Capitals,,,425943,Sanju Samson,0,4.71
ipl20,201105,1254097,2nd innings,155,49,0,55/5,5,71,11.5,0,0,0,True,bowled,1079434,Riyan Parag,Rajasthan Royals,554691,Axar Patel,Delhi Capitals,554691,Axar Patel,425943,Sanju Samson,0,4.64
ipl20,201106,1254097,2nd innings,155,48,0,56/5,0,72,11.6,1,0,0,False,,423838,Rahul Tewatia,Rajasthan Royals,554691,Axar Patel,Delhi Capitals,,,425943,Sanju Samson,1,4.66
ipl20,201201,1254097,2nd innings,155,47,0,56/5,0,73,12.1,0,0,0,False,,423838,Rahul Tewatia,Rajasthan Royals,26421,Ravichandran Ashwin,Delhi Capitals,,,425943,Sanju Samson,0,4.6
ipl20,201202,1254097,2nd innings,155,46,0,56/5,0,74,12.2,0,0,0,False,,423838,Rahul Tewatia,Rajasthan Royals,26421,Ravichandran Ashwin,Delhi Capitals,,,425943,Sanju Samson,0,4.54
ipl20,201203,1254097,2nd innings,155,45,0,56/5,0,75,12.3,0,0,0,False,,423838,Rahul Tewatia,Rajasthan Royals,26421,Ravichandran Ashwin,Delhi Capitals,,,425943,Sanju Samson,0,4.48
ipl20,201204,1254097,2nd innings,155,44,0,57/5,0,76,12.4,1,0,0,False,,423838,Rahul Tewatia,Rajasthan Royals,26421,Ravichandran Ashwin,Delhi Capitals,,,425943,Sanju Samson,1,4.5
ipl20,201205,1254097,2nd innings,155,44,0,58/5,0,76,12.4,1,1,1,False,,425943,Sanju Samson,Rajasthan Royals,26421,Ravichandran Ashwin,Delhi Capitals,,,423838,Rahul Tewatia,1,4.57
ipl20,201206,1254097,2nd innings,155,43,0,58/5,0,77,12.5,0,0,0,False,,425943,Sanju Samson,Rajasthan Royals,26421,Ravichandran Ashwin,Delhi Capitals,,,423838,Rahul Tewatia,0,4.51
ipl20,201207,1254097,2nd innings,155,42,0,59/5,0,78,12.6,1,0,1,False,,425943,Sanju Samson,Rajasthan Royals,26421,Ravichandran Ashwin,Delhi Capitals,,,423838,Rahul Tewatia,1,4.53
ipl20,201301,1254097,2nd innings,155,41,0,61/5,0,79,13.1,2,0,0,False,,425943,Sanju Samson,Rajasthan Royals,481979,Anrich Nortje,Delhi Capitals,,,423838,Rahul Tewatia,2,4.63
ipl20,201302,1254097,2nd innings,155,40,0,65/5,0,80,13.2,4,0,0,False,,425943,Sanju Samson,Rajasthan Royals,481979,Anrich Nortje,Delhi Capitals,,,423838,Rahul Tewatia,4,4.87
ipl20,201303,1254097,2nd innings,155,39,0,66/5,0,81,13.3,1,0,0,False,,425943,Sanju Samson,Rajasthan Royals,481979,Anrich Nortje,Delhi Capitals,,,423838,Rahul Tewatia,1,4.88
ipl20,201304,1254097,2nd innings,155,38,0,66/5,0,82,13.4,0,0,0,False,,423838,Rahul Tewatia,Rajasthan Royals,481979,Anrich Nortje,Delhi Capitals,,,425943,Sanju Samson,0,4.82
ipl20,201305,1254097,2nd innings,155,37,0,67/5,0,83,13.5,1,0,0,False,,423838,Rahul Tewatia,Rajasthan Royals,481979,Anrich Nortje,Delhi Capitals,,,425943,Sanju Samson,1,4.84
ipl20,201306,1254097,2nd innings,155,36,0,68/5,0,84,13.6,1,0,0,False,,425943,Sanju Samson,Rajasthan Royals,481979,Anrich Nortje,Delhi Capitals,,,423838,Rahul Tewatia,1,4.85
ipl20,201401,1254097,2nd innings,155,35,0,68/5,0,85,14.1,0,0,0,False,,425943,Sanju Samson,Rajasthan Royals,550215,Kagiso Rabada,Delhi Capitals,,,423838,Rahul Tewatia,0,4.8
ipl20,201402,1254097,2nd innings,155,34,0,72/5,0,86,14.2,4,0,0,False,,425943,Sanju Samson,Rajasthan Royals,550215,Kagiso Rabada,Delhi Capitals,,,423838,Rahul Tewatia,4,5.02
ipl20,201403,1254097,2nd innings,155,33,0,73/5,0,87,14.3,1,0,0,False,,425943,Sanju Samson,Rajasthan Royals,550215,Kagiso Rabada,Delhi Capitals,,,423838,Rahul Tewatia,1,5.03
ipl20,201404,1254097,2nd innings,155,32,0,74/5,0,88,14.4,1,0,0,False,,423838,Rahul Tewatia,Rajasthan Royals,550215,Kagiso Rabada,Delhi Capitals,,,425943,Sanju Samson,1,5.04
ipl20,201405,1254097,2nd innings,155,31,0,78/5,0,89,14.5,4,0,0,False,,425943,Sanju Samson,Rajasthan Royals,550215,Kagiso Rabada,Delhi Capitals,,,423838,Rahul Tewatia,4,5.25
ipl20,201406,1254097,2nd innings,155,30,0,82/5,0,90,14.6,4,0,0,False,,425943,Sanju Samson,Rajasthan Royals,550215,Kagiso Rabada,Delhi Capitals,,,423838,Rahul Tewatia,4,5.46
ipl20,201501,1254097,2nd innings,155,29,0,83/5,0,91,15.1,1,0,0,False,,423838,Rahul Tewatia,Rajasthan Royals,554691,Axar Patel,Delhi Capitals,,,425943,Sanju Samson,1,5.47
ipl20,201502,1254097,2nd innings,155,28,0,83/5,0,92,15.2,0,0,0,False,,425943,Sanju Samson,Rajasthan Royals,554691,Axar Patel,Delhi Capitals,,,423838,Rahul Tewatia,0,5.41
ipl20,201503,1254097,2nd innings,155,27,0,87/5,0,93,15.3,4,0,0,False,,425943,Sanju Samson,Rajasthan Royals,554691,Axar Patel,Delhi Capitals,,,423838,Rahul Tewatia,4,5.61
ipl20,201504,1254097,2nd innings,155,26,0,89/5,0,94,15.4,2,0,0,False,,425943,Sanju Samson,Rajasthan Royals,554691,Axar Patel,Delhi Capitals,,,423838,Rahul Tewatia,2,5.68
ipl20,201505,1254097,2nd innings,155,25,0,90/5,0,95,15.5,1,0,0,False,,425943,Sanju Samson,Rajasthan Royals,554691,Axar Patel,Delhi Capitals,,,423838,Rahul Tewatia,1,5.68
ipl20,201506,1254097,2nd innings,155,24,0,91/5,0,96,15.6,1,0,0,False,,423838,Rahul Tewatia,Rajasthan Royals,554691,Axar Patel,Delhi Capitals,,,425943,Sanju Samson,1,5.68
ipl20,201601,1254097,2nd innings,155,23,0,92/5,0,97,16.1,1,0,0,False,,423838,Rahul Tewatia,Rajasthan Royals,694211,Avesh Khan,Delhi Capitals,,,425943,Sanju Samson,1,5.69
ipl20,201602,1254097,2nd innings,155,22,0,94/5,0,98,16.2,2,0,0,False,,425943,Sanju Samson,Rajasthan Royals,694211,Avesh Khan,Delhi Capitals,,,423838,Rahul Tewatia,2,5.75
ipl20,201603,1254097,2nd innings,155,22,0,95/5,0,98,16.2,1,1,1,False,,425943,Sanju Samson,Rajasthan Royals,694211,Avesh Khan,Delhi Capitals,,,423838,Rahul Tewatia,1,5.81
ipl20,201604,1254097,2nd innings,155,21,0,96/5,0,99,16.3,1,0,0,False,,425943,Sanju Samson,Rajasthan Royals,694211,Avesh Khan,Delhi Capitals,,,423838,Rahul Tewatia,1,5.81
ipl20,201605,1254097,2nd innings,155,20,0,97/5,0,100,16.4,1,0,0,False,,423838,Rahul Tewatia,Rajasthan Royals,694211,Avesh Khan,Delhi Capitals,,,425943,Sanju Samson,1,5.82
ipl20,201606,1254097,2nd innings,155,19,0,98/5,0,101,16.5,1,0,0,False,,425943,Sanju Samson,Rajasthan Royals,694211,Avesh Khan,Delhi Capitals,,,423838,Rahul Tewatia,1,5.82
ipl20,201607,1254097,2nd innings,155,18,0,99/5,0,102,16.6,1,0,0,False,,423838,Rahul Tewatia,Rajasthan Royals,694211,Avesh Khan,Delhi Capitals,,,425943,Sanju Samson,1,5.82
ipl20,201701,1254097,2nd innings,155,17,0,99/5,0,103,17.1,0,0,0,False,,423838,Rahul Tewatia,Rajasthan Royals,481979,Anrich Nortje,Delhi Capitals,,,425943,Sanju Samson,0,5.76
ipl20,201702,1254097,2nd innings,155,16,0,99/6,6,104,17.2,0,0,0,True,caught,423838,Rahul Tewatia,Rajasthan Royals,481979,Anrich Nortje,Delhi Capitals,423838,Rahul Tewatia,425943,Sanju Samson,0,5.71
ipl20,201703,1254097,2nd innings,155,15,0,99/6,0,105,17.3,0,0,0,False,,379145,Tabraiz Shamsi,Rajasthan Royals,481979,Anrich Nortje,Delhi Capitals,,,425943,Sanju Samson,0,5.65
ipl20,201704,1254097,2nd innings,155,14,0,99/6,0,106,17.4,0,0,0,False,,379145,Tabraiz Shamsi,Rajasthan Royals,481979,Anrich Nortje,Delhi Capitals,,,425943,Sanju Samson,0,5.6
ipl20,201705,1254097,2nd innings,155,13,0,100/6,0,107,17.5,1,0,0,False,,379145,Tabraiz Shamsi,Rajasthan Royals,481979,Anrich Nortje,Delhi Capitals,,,425943,Sanju Samson,1,5.6
ipl20,201706,1254097,2nd innings,155,12,0,101/6,0,108,17.6,1,0,0,False,,425943,Sanju Samson,Rajasthan Royals,481979,Anrich Nortje,Delhi Capitals,,,379145,Tabraiz Shamsi,1,5.61
ipl20,201801,1254097,2nd innings,155,11,0,101/6,0,109,18.1,0,0,0,False,,425943,Sanju Samson,Rajasthan Royals,550215,Kagiso Rabada,Delhi Capitals,,,379145,Tabraiz Shamsi,0,5.55
ipl20,201802,1254097,2nd innings,155,10,0,105/6,0,110,18.2,4,0,0,False,,425943,Sanju Samson,Rajasthan Royals,550215,Kagiso Rabada,Delhi Capitals,,,379145,Tabraiz Shamsi,4,5.72
ipl20,201803,1254097,2nd innings,155,10,0,106/6,0,110,18.2,1,1,1,False,,425943,Sanju Samson,Rajasthan Royals,550215,Kagiso Rabada,Delhi Capitals,,,379145,Tabraiz Shamsi,1,5.78
ipl20,201804,1254097,2nd innings,155,9,0,106/6,0,111,18.3,0,0,0,False,,425943,Sanju Samson,Rajasthan Royals,550215,Kagiso Rabada,Delhi Capitals,,,379145,Tabraiz Shamsi,0,5.72
ipl20,201805,1254097,2nd innings,155,8,0,108/6,0,112,18.4,2,0,0,False,,425943,Sanju Samson,Rajasthan Royals,550215,Kagiso Rabada,Delhi Capitals,,,379145,Tabraiz Shamsi,2,5.78
ipl20,201806,1254097,2nd innings,155,8,0,109/6,0,112,18.4,1,1,1,False,,425943,Sanju Samson,Rajasthan Royals,550215,Kagiso Rabada,Delhi Capitals,,,379145,Tabraiz Shamsi,1,5.83
ipl20,201807,1254097,2nd innings,155,7,0,109/6,0,113,18.5,0,0,0,False,,425943,Sanju Samson,Rajasthan Royals,550215,Kagiso Rabada,Delhi Capitals,,,379145,Tabraiz Shamsi,0,5.78
ipl20,201808,1254097,2nd innings,155,6,0,110/6,0,114,18.6,1,0,0,False,,425943,Sanju Samson,Rajasthan Royals,550215,Kagiso Rabada,Delhi Capitals,,,379145,Tabraiz Shamsi,1,5.78
ipl20,201901,1254097,2nd innings,155,5,0,112/6,0,115,19.1,2,0,0,False,,425943,Sanju Samson,Rajasthan Royals,694211,Avesh Khan,Delhi Capitals,,,379145,Tabraiz Shamsi,2,5.84
ipl20,201902,1254097,2nd innings,155,4,0,112/6,0,116,19.2,0,0,0,False,,425943,Sanju Samson,Rajasthan Royals,694211,Avesh Khan,Delhi Capitals,,,379145,Tabraiz Shamsi,0,5.79
ipl20,201903,1254097,2nd innings,155,3,0,113/6,0,117,19.3,1,0,0,False,,425943,Sanju Samson,Rajasthan Royals,694211,Avesh Khan,Delhi Capitals,,,379145,Tabraiz Shamsi,1,5.79
ipl20,201904,1254097,2nd innings,155,2,0,114/6,0,118,19.4,1,0,0,False,,379145,Tabraiz Shamsi,Rajasthan Royals,694211,Avesh Khan,Delhi Capitals,,,425943,Sanju Samson,1,5.79
ipl20,201905,1254097,2nd innings,155,1,0,120/6,0,119,19.5,6,0,0,False,,425943,Sanju Samson,Rajasthan Royals,694211,Avesh Khan,Delhi Capitals,,,379145,Tabraiz Shamsi,6,6.05
ipl20,201906,1254097,2nd innings,155,0,0,121/6,0,120,19.6,1,0,0,False,,425943,Sanju Samson,Rajasthan Royals,694211,Avesh Khan,Delhi Capitals,,,379145,Tabraiz Shamsi,1,6.05
