ipl_season,sequence,eventid,innings,target,remainingballs,homescore,awayscore,fallofwickets,ball,over,scorevalue,validball,extras,dismissal,dismissaltype,batsmanid,batsman,batsmanteam,bowlerid,bowler,bowlerteam,otherathleteinvolvedid,otherathleteinvolved,nonstrikerid,nonstriker,runs,runrate
ipl20,100001,1254091,1st innings,0,119,0/0,0,0,1,0.1,0,0,0,False,,298438,Jason Roy,Sunrisers Hyderabad,447261,Deepak Chahar,Chennai Super Kings,,,279810,Wriddhiman Saha,0,0.0
ipl20,100002,1254091,1st innings,0,118,1/0,0,0,2,0.2,1,0,0,False,,298438,Jason Roy,Sunrisers Hyderabad,447261,Deepak Chahar,Chennai Super Kings,,,279810,Wriddhiman Saha,1,3.0
ipl20,100003,1254091,1st innings,0,117,1/0,0,0,3,0.3,0,0,0,False,,279810,Wriddhiman Saha,Sunrisers Hyderabad,447261,Deepak Chahar,Chennai Super Kings,,,298438,Jason Roy,0,2.0
ipl20,100004,1254091,1st innings,0,116,3/0,0,0,4,0.4,2,0,0,False,,279810,Wriddhiman Saha,Sunrisers Hyderabad,447261,Deepak Chahar,Chennai Super Kings,,,298438,Jason Roy,2,4.5
ipl20,100005,1254091,1st innings,0,115,3/0,0,0,5,0.5,0,0,0,False,,279810,Wriddhiman Saha,Sunrisers Hyderabad,447261,Deepak Chahar,Chennai Super Kings,,,298438,Jason Roy,0,3.6
ipl20,100006,1254091,1st innings,0,114,4/0,0,0,6,0.6,1,0,0,False,,279810,Wriddhiman Saha,Sunrisers Hyderabad,447261,Deepak Chahar,Chennai Super Kings,,,298438,Jason Roy,1,4.0
ipl20,100101,1254091,1st innings,0,113,4/0,0,0,7,1.1,0,0,0,False,,279810,Wriddhiman Saha,Sunrisers Hyderabad,288284,Josh Hazlewood,Chennai Super Kings,,,298438,Jason Roy,0,3.42
ipl20,100102,1254091,1st innings,0,112,4/0,0,0,8,1.2,0,0,0,False,,279810,Wriddhiman Saha,Sunrisers Hyderabad,288284,Josh Hazlewood,Chennai Super Kings,,,298438,Jason Roy,0,3.0
ipl20,100103,1254091,1st innings,0,111,4/0,0,0,9,1.3,0,0,0,False,,279810,Wriddhiman Saha,Sunrisers Hyderabad,288284,Josh Hazlewood,Chennai Super Kings,,,298438,Jason Roy,0,2.66
ipl20,100104,1254091,1st innings,0,110,4/0,0,0,10,1.4,0,0,0,False,,279810,Wriddhiman Saha,Sunrisers Hyderabad,288284,Josh Hazlewood,Chennai Super Kings,,,298438,Jason Roy,0,2.4
ipl20,100105,1254091,1st innings,0,109,5/0,0,0,11,1.5,1,0,0,False,,279810,Wriddhiman Saha,Sunrisers Hyderabad,288284,Josh Hazlewood,Chennai Super Kings,,,298438,Jason Roy,1,2.72
ipl20,100106,1254091,1st innings,0,108,5/0,0,0,12,1.6,0,0,0,False,,298438,Jason Roy,Sunrisers Hyderabad,288284,Josh Hazlewood,Chennai Super Kings,,,279810,Wriddhiman Saha,0,2.5
ipl20,100201,1254091,1st innings,0,107,5/0,0,0,13,2.1,0,0,0,False,,279810,Wriddhiman Saha,Sunrisers Hyderabad,447261,Deepak Chahar,Chennai Super Kings,,,298438,Jason Roy,0,2.3
ipl20,100202,1254091,1st innings,0,106,11/0,0,0,14,2.2,6,0,0,False,,279810,Wriddhiman Saha,Sunrisers Hyderabad,447261,Deepak Chahar,Chennai Super Kings,,,298438,Jason Roy,6,4.71
ipl20,100203,1254091,1st innings,0,105,11/0,0,0,15,2.3,0,0,0,False,,279810,Wriddhiman Saha,Sunrisers Hyderabad,447261,Deepak Chahar,Chennai Super Kings,,,298438,Jason Roy,0,4.4
ipl20,100204,1254091,1st innings,0,104,17/0,0,0,16,2.4,6,0,0,False,,279810,Wriddhiman Saha,Sunrisers Hyderabad,447261,Deepak Chahar,Chennai Super Kings,,,298438,Jason Roy,6,6.37
ipl20,100205,1254091,1st innings,0,103,18/0,0,0,17,2.5,1,0,0,False,,279810,Wriddhiman Saha,Sunrisers Hyderabad,447261,Deepak Chahar,Chennai Super Kings,,,298438,Jason Roy,1,6.35
ipl20,100206,1254091,1st innings,0,102,19/0,0,0,18,2.6,1,0,0,False,,298438,Jason Roy,Sunrisers Hyderabad,447261,Deepak Chahar,Chennai Super Kings,,,279810,Wriddhiman Saha,1,6.33
ipl20,100301,1254091,1st innings,0,101,23/0,0,0,19,3.1,4,0,4,False,,298438,Jason Roy,Sunrisers Hyderabad,288284,Josh Hazlewood,Chennai Super Kings,,,279810,Wriddhiman Saha,4,7.26
ipl20,100302,1254091,1st innings,0,100,23/0,0,0,20,3.2,0,0,0,False,,298438,Jason Roy,Sunrisers Hyderabad,288284,Josh Hazlewood,Chennai Super Kings,,,279810,Wriddhiman Saha,0,6.9
ipl20,100303,1254091,1st innings,0,99,23/1,0,1,21,3.3,0,0,0,True,caught,298438,Jason Roy,Sunrisers Hyderabad,288284,Josh Hazlewood,Chennai Super Kings,288284,Josh Hazlewood,279810,Wriddhiman Saha,0,6.57
ipl20,100304,1254091,1st innings,0,98,24/1,0,0,22,3.4,1,0,0,False,,277906,Kane Williamson,Sunrisers Hyderabad,288284,Josh Hazlewood,Chennai Super Kings,,,279810,Wriddhiman Saha,1,6.54
ipl20,100305,1254091,1st innings,0,97,25/1,0,0,23,3.5,1,0,0,False,,279810,Wriddhiman Saha,Sunrisers Hyderabad,288284,Josh Hazlewood,Chennai Super Kings,,,277906,Kane Williamson,1,6.52
ipl20,100306,1254091,1st innings,0,96,29/1,0,0,24,3.6,4,0,0,False,,277906,Kane Williamson,Sunrisers Hyderabad,288284,Josh Hazlewood,Chennai Super Kings,,,279810,Wriddhiman Saha,4,7.25
ipl20,100401,1254091,1st innings,0,95,30/1,0,0,25,4.1,1,0,0,False,,279810,Wriddhiman Saha,Sunrisers Hyderabad,475281,Shardul Thakur,Chennai Super Kings,,,277906,Kane Williamson,1,7.2
ipl20,100402,1254091,1st innings,0,94,30/1,0,0,26,4.2,0,0,0,False,,277906,Kane Williamson,Sunrisers Hyderabad,475281,Shardul Thakur,Chennai Super Kings,,,279810,Wriddhiman Saha,0,6.92
ipl20,100403,1254091,1st innings,0,93,30/1,0,0,27,4.3,0,0,0,False,,277906,Kane Williamson,Sunrisers Hyderabad,475281,Shardul Thakur,Chennai Super Kings,,,279810,Wriddhiman Saha,0,6.66
ipl20,100404,1254091,1st innings,0,92,31/1,0,0,28,4.4,1,0,0,False,,277906,Kane Williamson,Sunrisers Hyderabad,475281,Shardul Thakur,Chennai Super Kings,,,279810,Wriddhiman Saha,1,6.64
ipl20,100405,1254091,1st innings,0,91,31/1,0,0,29,4.5,0,0,0,False,,279810,Wriddhiman Saha,Sunrisers Hyderabad,475281,Shardul Thakur,Chennai Super Kings,,,277906,Kane Williamson,0,6.41
ipl20,100406,1254091,1st innings,0,90,35/1,0,0,30,4.6,4,0,0,False,,279810,Wriddhiman Saha,Sunrisers Hyderabad,475281,Shardul Thakur,Chennai Super Kings,,,277906,Kane Williamson,4,7.0
ipl20,100501,1254091,1st innings,0,89,35/1,0,0,31,5.1,0,0,0,False,,277906,Kane Williamson,Sunrisers Hyderabad,447261,Deepak Chahar,Chennai Super Kings,,,279810,Wriddhiman Saha,0,6.77
ipl20,100502,1254091,1st innings,0,88,35/1,0,0,32,5.2,0,0,0,False,,277906,Kane Williamson,Sunrisers Hyderabad,447261,Deepak Chahar,Chennai Super Kings,,,279810,Wriddhiman Saha,0,6.56
ipl20,100503,1254091,1st innings,0,87,39/1,0,0,33,5.3,4,0,0,False,,277906,Kane Williamson,Sunrisers Hyderabad,447261,Deepak Chahar,Chennai Super Kings,,,279810,Wriddhiman Saha,4,7.09
ipl20,100504,1254091,1st innings,0,86,40/1,0,0,34,5.4,1,0,0,False,,277906,Kane Williamson,Sunrisers Hyderabad,447261,Deepak Chahar,Chennai Super Kings,,,279810,Wriddhiman Saha,1,7.05
ipl20,100505,1254091,1st innings,0,85,40/1,0,0,35,5.5,0,0,0,False,,279810,Wriddhiman Saha,Sunrisers Hyderabad,447261,Deepak Chahar,Chennai Super Kings,,,277906,Kane Williamson,0,6.85
ipl20,100506,1254091,1st innings,0,84,41/1,0,0,36,5.6,1,0,0,False,,279810,Wriddhiman Saha,Sunrisers Hyderabad,447261,Deepak Chahar,Chennai Super Kings,,,277906,Kane Williamson,1,6.83
ipl20,100601,1254091,1st innings,0,83,42/1,0,0,37,6.1,1,0,0,False,,279810,Wriddhiman Saha,Sunrisers Hyderabad,51439,Dwayne Bravo,Chennai Super Kings,,,277906,Kane Williamson,1,6.81
ipl20,100602,1254091,1st innings,0,82,42/1,0,0,38,6.2,0,0,0,False,,277906,Kane Williamson,Sunrisers Hyderabad,51439,Dwayne Bravo,Chennai Super Kings,,,279810,Wriddhiman Saha,0,6.63
ipl20,100603,1254091,1st innings,0,82,43/1,0,0,38,6.2,1,1,1,False,,277906,Kane Williamson,Sunrisers Hyderabad,51439,Dwayne Bravo,Chennai Super Kings,,,279810,Wriddhiman Saha,1,6.78
ipl20,100604,1254091,1st innings,0,81,43/2,0,2,39,6.3,0,0,0,True,leg before wicket,277906,Kane Williamson,Sunrisers Hyderabad,51439,Dwayne Bravo,Chennai Super Kings,51439,Dwayne Bravo,279810,Wriddhiman Saha,0,6.61
ipl20,100605,1254091,1st innings,0,81,44/2,0,0,39,6.3,1,1,1,False,,1070180,Priyam Garg,Sunrisers Hyderabad,51439,Dwayne Bravo,Chennai Super Kings,,,279810,Wriddhiman Saha,1,6.76
ipl20,100606,1254091,1st innings,0,80,45/2,0,0,40,6.4,1,0,0,False,,1070180,Priyam Garg,Sunrisers Hyderabad,51439,Dwayne Bravo,Chennai Super Kings,,,279810,Wriddhiman Saha,1,6.75
ipl20,100607,1254091,1st innings,0,79,45/2,0,0,41,6.5,0,0,0,False,,279810,Wriddhiman Saha,Sunrisers Hyderabad,51439,Dwayne Bravo,Chennai Super Kings,,,1070180,Priyam Garg,0,6.58
ipl20,100608,1254091,1st innings,0,78,45/2,0,0,42,6.6,0,0,0,False,,279810,Wriddhiman Saha,Sunrisers Hyderabad,51439,Dwayne Bravo,Chennai Super Kings,,,1070180,Priyam Garg,0,6.42
ipl20,100701,1254091,1st innings,0,77,46/2,0,0,43,7.1,1,0,0,False,,1070180,Priyam Garg,Sunrisers Hyderabad,234675,Ravindra Jadeja,Chennai Super Kings,,,279810,Wriddhiman Saha,1,6.41
ipl20,100702,1254091,1st innings,0,76,47/2,0,0,44,7.2,1,0,0,False,,279810,Wriddhiman Saha,Sunrisers Hyderabad,234675,Ravindra Jadeja,Chennai Super Kings,,,1070180,Priyam Garg,1,6.4
ipl20,100703,1254091,1st innings,0,75,48/2,0,0,45,7.3,1,0,0,False,,1070180,Priyam Garg,Sunrisers Hyderabad,234675,Ravindra Jadeja,Chennai Super Kings,,,279810,Wriddhiman Saha,1,6.4
ipl20,100704,1254091,1st innings,0,74,48/2,0,0,46,7.4,0,0,0,False,,279810,Wriddhiman Saha,Sunrisers Hyderabad,234675,Ravindra Jadeja,Chennai Super Kings,,,1070180,Priyam Garg,0,6.26
ipl20,100705,1254091,1st innings,0,73,49/2,0,0,47,7.5,1,0,0,False,,279810,Wriddhiman Saha,Sunrisers Hyderabad,234675,Ravindra Jadeja,Chennai Super Kings,,,1070180,Priyam Garg,1,6.25
ipl20,100706,1254091,1st innings,0,72,49/2,0,0,48,7.6,0,0,0,False,,1070180,Priyam Garg,Sunrisers Hyderabad,234675,Ravindra Jadeja,Chennai Super Kings,,,279810,Wriddhiman Saha,0,6.12
ipl20,100801,1254091,1st innings,0,71,51/2,0,0,49,8.1,2,0,0,False,,279810,Wriddhiman Saha,Sunrisers Hyderabad,475281,Shardul Thakur,Chennai Super Kings,,,1070180,Priyam Garg,2,6.24
ipl20,100802,1254091,1st innings,0,70,51/2,0,0,50,8.2,0,0,0,False,,279810,Wriddhiman Saha,Sunrisers Hyderabad,475281,Shardul Thakur,Chennai Super Kings,,,1070180,Priyam Garg,0,6.12
ipl20,100803,1254091,1st innings,0,70,52/2,0,0,50,8.2,1,1,1,False,,279810,Wriddhiman Saha,Sunrisers Hyderabad,475281,Shardul Thakur,Chennai Super Kings,,,1070180,Priyam Garg,1,6.24
ipl20,100804,1254091,1st innings,0,69,54/2,0,0,51,8.3,2,0,0,False,,279810,Wriddhiman Saha,Sunrisers Hyderabad,475281,Shardul Thakur,Chennai Super Kings,,,1070180,Priyam Garg,2,6.35
ipl20,100805,1254091,1st innings,0,68,55/2,0,0,52,8.4,1,0,0,False,,279810,Wriddhiman Saha,Sunrisers Hyderabad,475281,Shardul Thakur,Chennai Super Kings,,,1070180,Priyam Garg,1,6.34
ipl20,100806,1254091,1st innings,0,67,56/2,0,0,53,8.5,1,0,0,False,,1070180,Priyam Garg,Sunrisers Hyderabad,475281,Shardul Thakur,Chennai Super Kings,,,279810,Wriddhiman Saha,1,6.33
ipl20,100807,1254091,1st innings,0,66,57/2,0,0,54,8.6,1,0,0,False,,279810,Wriddhiman Saha,Sunrisers Hyderabad,475281,Shardul Thakur,Chennai Super Kings,,,1070180,Priyam Garg,1,6.33
ipl20,100901,1254091,1st innings,0,65,58/2,0,0,55,9.1,1,0,0,False,,279810,Wriddhiman Saha,Sunrisers Hyderabad,234675,Ravindra Jadeja,Chennai Super Kings,,,1070180,Priyam Garg,1,6.32
ipl20,100902,1254091,1st innings,0,64,59/2,0,0,56,9.2,1,0,0,False,,1070180,Priyam Garg,Sunrisers Hyderabad,234675,Ravindra Jadeja,Chennai Super Kings,,,279810,Wriddhiman Saha,1,6.32
ipl20,100903,1254091,1st innings,0,63,59/2,0,0,57,9.3,0,0,0,False,,279810,Wriddhiman Saha,Sunrisers Hyderabad,234675,Ravindra Jadeja,Chennai Super Kings,,,1070180,Priyam Garg,0,6.21
ipl20,100904,1254091,1st innings,0,62,60/2,0,0,58,9.4,1,0,0,False,,279810,Wriddhiman Saha,Sunrisers Hyderabad,234675,Ravindra Jadeja,Chennai Super Kings,,,1070180,Priyam Garg,1,6.2
ipl20,100905,1254091,1st innings,0,61,61/2,0,0,59,9.5,1,0,0,False,,1070180,Priyam Garg,Sunrisers Hyderabad,234675,Ravindra Jadeja,Chennai Super Kings,,,279810,Wriddhiman Saha,1,6.2
ipl20,100906,1254091,1st innings,0,60,63/2,0,0,60,9.6,2,0,0,False,,279810,Wriddhiman Saha,Sunrisers Hyderabad,234675,Ravindra Jadeja,Chennai Super Kings,,,1070180,Priyam Garg,2,6.3
ipl20,101001,1254091,1st innings,0,59,63/2,0,0,61,10.1,0,0,0,False,,1070180,Priyam Garg,Sunrisers Hyderabad,51439,Dwayne Bravo,Chennai Super Kings,,,279810,Wriddhiman Saha,0,6.19
ipl20,101002,1254091,1st innings,0,58,64/2,0,0,62,10.2,1,0,0,False,,1070180,Priyam Garg,Sunrisers Hyderabad,51439,Dwayne Bravo,Chennai Super Kings,,,279810,Wriddhiman Saha,1,6.19
ipl20,101003,1254091,1st innings,0,57,64/2,0,0,63,10.3,0,0,0,False,,279810,Wriddhiman Saha,Sunrisers Hyderabad,51439,Dwayne Bravo,Chennai Super Kings,,,1070180,Priyam Garg,0,6.09
ipl20,101004,1254091,1st innings,0,57,65/2,0,0,63,10.3,1,1,1,False,,279810,Wriddhiman Saha,Sunrisers Hyderabad,51439,Dwayne Bravo,Chennai Super Kings,,,1070180,Priyam Garg,1,6.19
ipl20,101005,1254091,1st innings,0,56,66/2,0,0,64,10.4,1,0,0,False,,279810,Wriddhiman Saha,Sunrisers Hyderabad,51439,Dwayne Bravo,Chennai Super Kings,,,1070180,Priyam Garg,1,6.18
ipl20,101006,1254091,1st innings,0,55,66/3,0,3,65,10.5,0,0,0,True,caught,1070180,Priyam Garg,Sunrisers Hyderabad,51439,Dwayne Bravo,Chennai Super Kings,51439,Dwayne Bravo,279810,Wriddhiman Saha,0,6.09
ipl20,101007,1254091,1st innings,0,54,67/3,0,0,66,10.6,1,0,0,False,,279810,Wriddhiman Saha,Sunrisers Hyderabad,51439,Dwayne Bravo,Chennai Super Kings,,,1070183,Abhishek Sharma,1,6.09
ipl20,101101,1254091,1st innings,0,53,68/3,0,0,67,11.1,1,0,0,False,,279810,Wriddhiman Saha,Sunrisers Hyderabad,8917,Moeen Ali,Chennai Super Kings,,,1070183,Abhishek Sharma,1,6.08
ipl20,101102,1254091,1st innings,0,52,69/3,0,0,68,11.2,1,0,0,False,,1070183,Abhishek Sharma,Sunrisers Hyderabad,8917,Moeen Ali,Chennai Super Kings,,,279810,Wriddhiman Saha,1,6.08
ipl20,101103,1254091,1st innings,0,51,69/3,0,0,69,11.3,0,0,0,False,,279810,Wriddhiman Saha,Sunrisers Hyderabad,8917,Moeen Ali,Chennai Super Kings,,,1070183,Abhishek Sharma,0,6.0
ipl20,101104,1254091,1st innings,0,50,69/3,0,0,70,11.4,0,0,0,False,,279810,Wriddhiman Saha,Sunrisers Hyderabad,8917,Moeen Ali,Chennai Super Kings,,,1070183,Abhishek Sharma,0,5.91
ipl20,101105,1254091,1st innings,0,49,71/3,0,0,71,11.5,2,0,0,False,,279810,Wriddhiman Saha,Sunrisers Hyderabad,8917,Moeen Ali,Chennai Super Kings,,,1070183,Abhishek Sharma,2,6.0
ipl20,101106,1254091,1st innings,0,48,72/3,0,0,72,11.6,1,0,0,False,,279810,Wriddhiman Saha,Sunrisers Hyderabad,8917,Moeen Ali,Chennai Super Kings,,,1070183,Abhishek Sharma,1,6.0
ipl20,101201,1254091,1st innings,0,47,73/3,0,0,73,12.1,1,0,0,False,,279810,Wriddhiman Saha,Sunrisers Hyderabad,234675,Ravindra Jadeja,Chennai Super Kings,,,1070183,Abhishek Sharma,1,6.0
ipl20,101202,1254091,1st innings,0,46,74/3,0,0,74,12.2,1,0,0,False,,1070183,Abhishek Sharma,Sunrisers Hyderabad,234675,Ravindra Jadeja,Chennai Super Kings,,,279810,Wriddhiman Saha,1,6.0
ipl20,101203,1254091,1st innings,0,45,74/4,0,4,75,12.3,0,0,0,True,caught,279810,Wriddhiman Saha,Sunrisers Hyderabad,234675,Ravindra Jadeja,Chennai Super Kings,234675,Ravindra Jadeja,1070183,Abhishek Sharma,0,5.92
ipl20,101204,1254091,1st innings,0,44,74/4,0,0,76,12.4,0,0,0,False,,1175485,Abdul Samad,Sunrisers Hyderabad,234675,Ravindra Jadeja,Chennai Super Kings,,,1070183,Abhishek Sharma,0,5.84
ipl20,101205,1254091,1st innings,0,43,75/4,0,0,77,12.5,1,0,0,False,,1175485,Abdul Samad,Sunrisers Hyderabad,234675,Ravindra Jadeja,Chennai Super Kings,,,1070183,Abhishek Sharma,1,5.84
ipl20,101206,1254091,1st innings,0,42,76/4,0,0,78,12.6,1,0,0,False,,1070183,Abhishek Sharma,Sunrisers Hyderabad,234675,Ravindra Jadeja,Chennai Super Kings,,,1175485,Abdul Samad,1,5.84
ipl20,101301,1254091,1st innings,0,41,78/4,0,0,79,13.1,2,0,0,False,,1070183,Abhishek Sharma,Sunrisers Hyderabad,475281,Shardul Thakur,Chennai Super Kings,,,1175485,Abdul Samad,2,5.92
ipl20,101302,1254091,1st innings,0,40,79/4,0,0,80,13.2,1,0,0,False,,1070183,Abhishek Sharma,Sunrisers Hyderabad,475281,Shardul Thakur,Chennai Super Kings,,,1175485,Abdul Samad,1,5.92
ipl20,101303,1254091,1st innings,0,39,79/4,0,0,81,13.3,0,0,0,False,,1175485,Abdul Samad,Sunrisers Hyderabad,475281,Shardul Thakur,Chennai Super Kings,,,1070183,Abhishek Sharma,0,5.85
ipl20,101304,1254091,1st innings,0,38,83/4,0,0,82,13.4,4,0,0,False,,1175485,Abdul Samad,Sunrisers Hyderabad,475281,Shardul Thakur,Chennai Super Kings,,,1070183,Abhishek Sharma,4,6.07
ipl20,101305,1254091,1st innings,0,37,84/4,0,0,83,13.5,1,0,0,False,,1175485,Abdul Samad,Sunrisers Hyderabad,475281,Shardul Thakur,Chennai Super Kings,,,1070183,Abhishek Sharma,1,6.07
ipl20,101306,1254091,1st innings,0,36,88/4,0,0,84,13.6,4,0,0,False,,1070183,Abhishek Sharma,Sunrisers Hyderabad,475281,Shardul Thakur,Chennai Super Kings,,,1175485,Abdul Samad,4,6.28
ipl20,101401,1254091,1st innings,0,35,94/4,0,0,85,14.1,6,0,0,False,,1175485,Abdul Samad,Sunrisers Hyderabad,288284,Josh Hazlewood,Chennai Super Kings,,,1070183,Abhishek Sharma,6,6.63
ipl20,101402,1254091,1st innings,0,34,94/4,0,0,86,14.2,0,0,0,False,,1175485,Abdul Samad,Sunrisers Hyderabad,288284,Josh Hazlewood,Chennai Super Kings,,,1070183,Abhishek Sharma,0,6.55
ipl20,101403,1254091,1st innings,0,33,95/4,0,0,87,14.3,1,0,0,False,,1175485,Abdul Samad,Sunrisers Hyderabad,288284,Josh Hazlewood,Chennai Super Kings,,,1070183,Abhishek Sharma,1,6.55
ipl20,101404,1254091,1st innings,0,32,95/4,0,0,88,14.4,0,0,0,False,,1070183,Abhishek Sharma,Sunrisers Hyderabad,288284,Josh Hazlewood,Chennai Super Kings,,,1175485,Abdul Samad,0,6.47
ipl20,101405,1254091,1st innings,0,31,96/4,0,0,89,14.5,1,0,1,False,,1070183,Abhishek Sharma,Sunrisers Hyderabad,288284,Josh Hazlewood,Chennai Super Kings,,,1175485,Abdul Samad,1,6.47
ipl20,101406,1254091,1st innings,0,30,97/4,0,0,90,14.6,1,0,0,False,,1175485,Abdul Samad,Sunrisers Hyderabad,288284,Josh Hazlewood,Chennai Super Kings,,,1070183,Abhishek Sharma,1,6.46
ipl20,101501,1254091,1st innings,0,29,98/4,0,0,91,15.1,1,0,0,False,,1175485,Abdul Samad,Sunrisers Hyderabad,51439,Dwayne Bravo,Chennai Super Kings,,,1070183,Abhishek Sharma,1,6.46
ipl20,101502,1254091,1st innings,0,28,99/4,0,0,92,15.2,1,0,0,False,,1070183,Abhishek Sharma,Sunrisers Hyderabad,51439,Dwayne Bravo,Chennai Super Kings,,,1175485,Abdul Samad,1,6.45
ipl20,101503,1254091,1st innings,0,27,100/4,0,0,93,15.3,1,0,0,False,,1175485,Abdul Samad,Sunrisers Hyderabad,51439,Dwayne Bravo,Chennai Super Kings,,,1070183,Abhishek Sharma,1,6.45
ipl20,101504,1254091,1st innings,0,26,101/4,0,0,94,15.4,1,0,0,False,,1070183,Abhishek Sharma,Sunrisers Hyderabad,51439,Dwayne Bravo,Chennai Super Kings,,,1175485,Abdul Samad,1,6.44
ipl20,101505,1254091,1st innings,0,25,102/4,0,0,95,15.5,1,0,0,False,,1175485,Abdul Samad,Sunrisers Hyderabad,51439,Dwayne Bravo,Chennai Super Kings,,,1070183,Abhishek Sharma,1,6.44
ipl20,101506,1254091,1st innings,0,24,102/4,0,0,96,15.6,0,0,0,False,,1070183,Abhishek Sharma,Sunrisers Hyderabad,51439,Dwayne Bravo,Chennai Super Kings,,,1175485,Abdul Samad,0,6.37
ipl20,101601,1254091,1st innings,0,23,103/4,0,0,97,16.1,1,0,0,False,,1175485,Abdul Samad,Sunrisers Hyderabad,288284,Josh Hazlewood,Chennai Super Kings,,,1070183,Abhishek Sharma,1,6.37
ipl20,101602,1254091,1st innings,0,22,109/4,0,0,98,16.2,6,0,0,False,,1070183,Abhishek Sharma,Sunrisers Hyderabad,288284,Josh Hazlewood,Chennai Super Kings,,,1175485,Abdul Samad,6,6.67
ipl20,101603,1254091,1st innings,0,21,109/5,0,5,99,16.3,0,0,0,True,caught,1070183,Abhishek Sharma,Sunrisers Hyderabad,288284,Josh Hazlewood,Chennai Super Kings,44828,Faf du Plessis,1175485,Abdul Samad,0,6.6
ipl20,101604,1254091,1st innings,0,20,110/5,0,0,100,16.4,1,0,0,False,,391485,Jason Holder,Sunrisers Hyderabad,288284,Josh Hazlewood,Chennai Super Kings,,,1175485,Abdul Samad,1,6.6
ipl20,101605,1254091,1st innings,0,19,110/6,0,6,101,16.5,0,0,0,True,caught,1175485,Abdul Samad,Sunrisers Hyderabad,288284,Josh Hazlewood,Chennai Super Kings,1175485,Abdul Samad,391485,Jason Holder,0,6.53
ipl20,101606,1254091,1st innings,0,18,111/6,0,0,102,16.6,1,0,0,False,,793463,Rashid Khan,Sunrisers Hyderabad,288284,Josh Hazlewood,Chennai Super Kings,,,391485,Jason Holder,1,6.52
ipl20,101701,1254091,1st innings,0,17,112/6,0,0,103,17.1,1,0,0,False,,793463,Rashid Khan,Sunrisers Hyderabad,51439,Dwayne Bravo,Chennai Super Kings,,,391485,Jason Holder,1,6.52
ipl20,101702,1254091,1st innings,0,16,113/6,0,0,104,17.2,1,0,0,False,,391485,Jason Holder,Sunrisers Hyderabad,51439,Dwayne Bravo,Chennai Super Kings,,,793463,Rashid Khan,1,6.51
ipl20,101703,1254091,1st innings,0,15,114/6,0,0,105,17.3,1,0,0,False,,793463,Rashid Khan,Sunrisers Hyderabad,51439,Dwayne Bravo,Chennai Super Kings,,,391485,Jason Holder,1,6.51
ipl20,101704,1254091,1st innings,0,14,115/6,0,0,106,17.4,1,0,0,False,,391485,Jason Holder,Sunrisers Hyderabad,51439,Dwayne Bravo,Chennai Super Kings,,,793463,Rashid Khan,1,6.5
ipl20,101705,1254091,1st innings,0,13,115/6,0,0,107,17.5,0,0,0,False,,793463,Rashid Khan,Sunrisers Hyderabad,51439,Dwayne Bravo,Chennai Super Kings,,,391485,Jason Holder,0,6.44
ipl20,101706,1254091,1st innings,0,12,115/6,0,0,108,17.6,0,0,0,False,,793463,Rashid Khan,Sunrisers Hyderabad,51439,Dwayne Bravo,Chennai Super Kings,,,391485,Jason Holder,0,6.38
ipl20,101801,1254091,1st innings,0,11,117/6,0,0,109,18.1,2,0,0,False,,391485,Jason Holder,Sunrisers Hyderabad,475281,Shardul Thakur,Chennai Super Kings,,,793463,Rashid Khan,2,6.44
ipl20,101802,1254091,1st innings,0,10,117/7,0,7,110,18.2,0,0,0,True,caught,391485,Jason Holder,Sunrisers Hyderabad,475281,Shardul Thakur,Chennai Super Kings,391485,Jason Holder,793463,Rashid Khan,0,6.38
ipl20,101803,1254091,1st innings,0,9,121/7,0,0,111,18.3,4,0,0,False,,793463,Rashid Khan,Sunrisers Hyderabad,475281,Shardul Thakur,Chennai Super Kings,,,326016,Bhuvneshwar Kumar,4,6.54
ipl20,101804,1254091,1st innings,0,9,122/7,0,0,111,18.3,1,1,1,False,,793463,Rashid Khan,Sunrisers Hyderabad,475281,Shardul Thakur,Chennai Super Kings,,,326016,Bhuvneshwar Kumar,1,6.59
ipl20,101805,1254091,1st innings,0,8,124/7,0,0,112,18.4,2,0,0,False,,793463,Rashid Khan,Sunrisers Hyderabad,475281,Shardul Thakur,Chennai Super Kings,,,326016,Bhuvneshwar Kumar,2,6.64
ipl20,101806,1254091,1st innings,0,7,124/7,0,0,113,18.5,0,0,0,False,,793463,Rashid Khan,Sunrisers Hyderabad,475281,Shardul Thakur,Chennai Super Kings,,,326016,Bhuvneshwar Kumar,0,6.58
ipl20,101807,1254091,1st innings,0,6,126/7,0,0,114,18.6,2,0,0,False,,793463,Rashid Khan,Sunrisers Hyderabad,475281,Shardul Thakur,Chennai Super Kings,,,326016,Bhuvneshwar Kumar,2,6.63
ipl20,101901,1254091,1st innings,0,5,127/7,0,0,115,19.1,1,0,0,False,,326016,Bhuvneshwar Kumar,Sunrisers Hyderabad,447261,Deepak Chahar,Chennai Super Kings,,,793463,Rashid Khan,1,6.62
ipl20,101902,1254091,1st innings,0,4,131/7,0,0,116,19.2,4,0,0,False,,793463,Rashid Khan,Sunrisers Hyderabad,447261,Deepak Chahar,Chennai Super Kings,,,326016,Bhuvneshwar Kumar,4,6.77
ipl20,101903,1254091,1st innings,0,3,132/7,0,0,117,19.3,1,0,0,False,,793463,Rashid Khan,Sunrisers Hyderabad,447261,Deepak Chahar,Chennai Super Kings,,,326016,Bhuvneshwar Kumar,1,6.76
ipl20,101904,1254091,1st innings,0,2,133/7,0,0,118,19.4,1,0,0,False,,326016,Bhuvneshwar Kumar,Sunrisers Hyderabad,447261,Deepak Chahar,Chennai Super Kings,,,793463,Rashid Khan,1,6.76
ipl20,101905,1254091,1st innings,0,1,133/7,0,0,119,19.5,0,0,0,False,,793463,Rashid Khan,Sunrisers Hyderabad,447261,Deepak Chahar,Chennai Super Kings,,,326016,Bhuvneshwar Kumar,0,6.7
ipl20,101906,1254091,1st innings,0,0,134/7,0,0,120,19.6,1,0,0,False,,793463,Rashid Khan,Sunrisers Hyderabad,447261,Deepak Chahar,Chennai Super Kings,,,326016,Bhuvneshwar Kumar,1,6.7
ipl20,200001,1254091,2nd innings,135,119,0,0/0,0,1,0.1,0,0,0,False,,1060380,Ruturaj Gaikwad,Chennai Super Kings,438362,Sandeep Sharma,Sunrisers Hyderabad,,,44828,Faf du Plessis,0,0.0
ipl20,200002,1254091,2nd innings,135,118,0,1/0,0,2,0.2,1,0,0,False,,1060380,Ruturaj Gaikwad,Chennai Super Kings,438362,Sandeep Sharma,Sunrisers Hyderabad,,,44828,Faf du Plessis,1,3.0
ipl20,200003,1254091,2nd innings,135,117,0,2/0,0,3,0.3,1,0,0,False,,44828,Faf du Plessis,Chennai Super Kings,438362,Sandeep Sharma,Sunrisers Hyderabad,,,1060380,Ruturaj Gaikwad,1,4.0
ipl20,200004,1254091,2nd innings,135,116,0,2/0,0,4,0.4,0,0,0,False,,1060380,Ruturaj Gaikwad,Chennai Super Kings,438362,Sandeep Sharma,Sunrisers Hyderabad,,,44828,Faf du Plessis,0,3.0
ipl20,200005,1254091,2nd innings,135,115,0,2/0,0,5,0.5,0,0,0,False,,1060380,Ruturaj Gaikwad,Chennai Super Kings,438362,Sandeep Sharma,Sunrisers Hyderabad,,,44828,Faf du Plessis,0,2.4
ipl20,200006,1254091,2nd innings,135,114,0,5/0,0,6,0.6,3,0,0,False,,1060380,Ruturaj Gaikwad,Chennai Super Kings,438362,Sandeep Sharma,Sunrisers Hyderabad,,,44828,Faf du Plessis,3,5.0
ipl20,200101,1254091,2nd innings,135,113,0,5/0,0,7,1.1,0,0,0,False,,1060380,Ruturaj Gaikwad,Chennai Super Kings,326016,Bhuvneshwar Kumar,Sunrisers Hyderabad,,,44828,Faf du Plessis,0,4.28
ipl20,200102,1254091,2nd innings,135,113,0,6/0,0,7,1.1,1,1,1,False,,1060380,Ruturaj Gaikwad,Chennai Super Kings,326016,Bhuvneshwar Kumar,Sunrisers Hyderabad,,,44828,Faf du Plessis,1,5.14
ipl20,200103,1254091,2nd innings,135,112,0,6/0,0,8,1.2,0,0,0,False,,1060380,Ruturaj Gaikwad,Chennai Super Kings,326016,Bhuvneshwar Kumar,Sunrisers Hyderabad,,,44828,Faf du Plessis,0,4.5
ipl20,200104,1254091,2nd innings,135,111,0,6/0,0,9,1.3,0,0,0,False,,1060380,Ruturaj Gaikwad,Chennai Super Kings,326016,Bhuvneshwar Kumar,Sunrisers Hyderabad,,,44828,Faf du Plessis,0,4.0
ipl20,200105,1254091,2nd innings,135,110,0,7/0,0,10,1.4,1,0,0,False,,1060380,Ruturaj Gaikwad,Chennai Super Kings,326016,Bhuvneshwar Kumar,Sunrisers Hyderabad,,,44828,Faf du Plessis,1,4.2
ipl20,200106,1254091,2nd innings,135,109,0,7/0,0,11,1.5,0,0,0,False,,44828,Faf du Plessis,Chennai Super Kings,326016,Bhuvneshwar Kumar,Sunrisers Hyderabad,,,1060380,Ruturaj Gaikwad,0,3.81
ipl20,200107,1254091,2nd innings,135,108,0,7/0,0,12,1.6,0,0,0,False,,44828,Faf du Plessis,Chennai Super Kings,326016,Bhuvneshwar Kumar,Sunrisers Hyderabad,,,1060380,Ruturaj Gaikwad,0,3.5
ipl20,200201,1254091,2nd innings,135,107,0,11/0,0,13,2.1,4,0,0,False,,1060380,Ruturaj Gaikwad,Chennai Super Kings,438362,Sandeep Sharma,Sunrisers Hyderabad,,,44828,Faf du Plessis,4,5.07
ipl20,200202,1254091,2nd innings,135,106,0,11/0,0,14,2.2,0,0,0,False,,1060380,Ruturaj Gaikwad,Chennai Super Kings,438362,Sandeep Sharma,Sunrisers Hyderabad,,,44828,Faf du Plessis,0,4.71
ipl20,200203,1254091,2nd innings,135,105,0,11/0,0,15,2.3,0,0,0,False,,1060380,Ruturaj Gaikwad,Chennai Super Kings,438362,Sandeep Sharma,Sunrisers Hyderabad,,,44828,Faf du Plessis,0,4.4
ipl20,200204,1254091,2nd innings,135,104,0,12/0,0,16,2.4,1,0,0,False,,1060380,Ruturaj Gaikwad,Chennai Super Kings,438362,Sandeep Sharma,Sunrisers Hyderabad,,,44828,Faf du Plessis,1,4.5
ipl20,200205,1254091,2nd innings,135,103,0,12/0,0,17,2.5,0,0,0,False,,44828,Faf du Plessis,Chennai Super Kings,438362,Sandeep Sharma,Sunrisers Hyderabad,,,1060380,Ruturaj Gaikwad,0,4.23
ipl20,200206,1254091,2nd innings,135,102,0,12/0,0,18,2.6,0,0,0,False,,44828,Faf du Plessis,Chennai Super Kings,438362,Sandeep Sharma,Sunrisers Hyderabad,,,1060380,Ruturaj Gaikwad,0,4.0
ipl20,200301,1254091,2nd innings,135,101,0,14/0,0,19,3.1,2,0,0,False,,1060380,Ruturaj Gaikwad,Chennai Super Kings,326016,Bhuvneshwar Kumar,Sunrisers Hyderabad,,,44828,Faf du Plessis,2,4.42
ipl20,200302,1254091,2nd innings,135,100,0,14/0,0,20,3.2,0,0,0,False,,1060380,Ruturaj Gaikwad,Chennai Super Kings,326016,Bhuvneshwar Kumar,Sunrisers Hyderabad,,,44828,Faf du Plessis,0,4.2
ipl20,200303,1254091,2nd innings,135,99,0,20/0,0,21,3.3,6,0,0,False,,1060380,Ruturaj Gaikwad,Chennai Super Kings,326016,Bhuvneshwar Kumar,Sunrisers Hyderabad,,,44828,Faf du Plessis,6,5.71
ipl20,200304,1254091,2nd innings,135,98,0,20/0,0,22,3.4,0,0,0,False,,1060380,Ruturaj Gaikwad,Chennai Super Kings,326016,Bhuvneshwar Kumar,Sunrisers Hyderabad,,,44828,Faf du Plessis,0,5.45
ipl20,200305,1254091,2nd innings,135,97,0,21/0,0,23,3.5,1,0,0,False,,1060380,Ruturaj Gaikwad,Chennai Super Kings,326016,Bhuvneshwar Kumar,Sunrisers Hyderabad,,,44828,Faf du Plessis,1,5.47
ipl20,200306,1254091,2nd innings,135,96,0,27/0,0,24,3.6,6,0,0,False,,44828,Faf du Plessis,Chennai Super Kings,326016,Bhuvneshwar Kumar,Sunrisers Hyderabad,,,1060380,Ruturaj Gaikwad,6,6.75
ipl20,200401,1254091,2nd innings,135,95,0,28/0,0,25,4.1,1,0,0,False,,1060380,Ruturaj Gaikwad,Chennai Super Kings,391485,Jason Holder,Sunrisers Hyderabad,,,44828,Faf du Plessis,1,6.72
ipl20,200402,1254091,2nd innings,135,94,0,32/0,0,26,4.2,4,0,0,False,,44828,Faf du Plessis,Chennai Super Kings,391485,Jason Holder,Sunrisers Hyderabad,,,1060380,Ruturaj Gaikwad,4,7.38
ipl20,200403,1254091,2nd innings,135,93,0,32/0,0,27,4.3,0,0,0,False,,44828,Faf du Plessis,Chennai Super Kings,391485,Jason Holder,Sunrisers Hyderabad,,,1060380,Ruturaj Gaikwad,0,7.11
ipl20,200404,1254091,2nd innings,135,92,0,32/0,0,28,4.4,0,0,0,False,,44828,Faf du Plessis,Chennai Super Kings,391485,Jason Holder,Sunrisers Hyderabad,,,1060380,Ruturaj Gaikwad,0,6.85
ipl20,200405,1254091,2nd innings,135,91,0,36/0,0,29,4.5,4,0,0,False,,44828,Faf du Plessis,Chennai Super Kings,391485,Jason Holder,Sunrisers Hyderabad,,,1060380,Ruturaj Gaikwad,4,7.44
ipl20,200406,1254091,2nd innings,135,90,0,36/0,0,30,4.6,0,0,0,False,,44828,Faf du Plessis,Chennai Super Kings,391485,Jason Holder,Sunrisers Hyderabad,,,1060380,Ruturaj Gaikwad,0,7.2
ipl20,200501,1254091,2nd innings,135,89,0,40/0,0,31,5.1,4,0,0,False,,1060380,Ruturaj Gaikwad,Chennai Super Kings,793463,Rashid Khan,Sunrisers Hyderabad,,,44828,Faf du Plessis,4,7.74
ipl20,200502,1254091,2nd innings,135,88,0,46/0,0,32,5.2,6,0,0,False,,1060380,Ruturaj Gaikwad,Chennai Super Kings,793463,Rashid Khan,Sunrisers Hyderabad,,,44828,Faf du Plessis,6,8.62
ipl20,200503,1254091,2nd innings,135,87,0,46/0,0,33,5.3,0,0,0,False,,1060380,Ruturaj Gaikwad,Chennai Super Kings,793463,Rashid Khan,Sunrisers Hyderabad,,,44828,Faf du Plessis,0,8.36
ipl20,200504,1254091,2nd innings,135,86,0,47/0,0,34,5.4,1,0,0,False,,1060380,Ruturaj Gaikwad,Chennai Super Kings,793463,Rashid Khan,Sunrisers Hyderabad,,,44828,Faf du Plessis,1,8.29
ipl20,200505,1254091,2nd innings,135,85,0,47/0,0,35,5.5,0,0,0,False,,44828,Faf du Plessis,Chennai Super Kings,793463,Rashid Khan,Sunrisers Hyderabad,,,1060380,Ruturaj Gaikwad,0,8.05
ipl20,200506,1254091,2nd innings,135,84,0,47/0,0,36,5.6,0,0,0,False,,44828,Faf du Plessis,Chennai Super Kings,793463,Rashid Khan,Sunrisers Hyderabad,,,1060380,Ruturaj Gaikwad,0,7.83
ipl20,200601,1254091,2nd innings,135,83,0,47/0,0,37,6.1,0,0,0,False,,1060380,Ruturaj Gaikwad,Chennai Super Kings,326017,Siddarth Kaul,Sunrisers Hyderabad,,,44828,Faf du Plessis,0,7.62
ipl20,200602,1254091,2nd innings,135,82,0,47/0,0,38,6.2,0,0,0,False,,1060380,Ruturaj Gaikwad,Chennai Super Kings,326017,Siddarth Kaul,Sunrisers Hyderabad,,,44828,Faf du Plessis,0,7.42
ipl20,200603,1254091,2nd innings,135,81,0,48/0,0,39,6.3,1,0,0,False,,1060380,Ruturaj Gaikwad,Chennai Super Kings,326017,Siddarth Kaul,Sunrisers Hyderabad,,,44828,Faf du Plessis,1,7.38
ipl20,200604,1254091,2nd innings,135,80,0,54/0,0,40,6.4,6,0,0,False,,44828,Faf du Plessis,Chennai Super Kings,326017,Siddarth Kaul,Sunrisers Hyderabad,,,1060380,Ruturaj Gaikwad,6,8.1
ipl20,200605,1254091,2nd innings,135,79,0,54/0,0,41,6.5,0,0,0,False,,44828,Faf du Plessis,Chennai Super Kings,326017,Siddarth Kaul,Sunrisers Hyderabad,,,1060380,Ruturaj Gaikwad,0,7.9
ipl20,200606,1254091,2nd innings,135,78,0,58/0,0,42,6.6,4,0,0,False,,44828,Faf du Plessis,Chennai Super Kings,326017,Siddarth Kaul,Sunrisers Hyderabad,,,1060380,Ruturaj Gaikwad,4,8.28
ipl20,200701,1254091,2nd innings,135,77,0,58/0,0,43,7.1,0,0,0,False,,1060380,Ruturaj Gaikwad,Chennai Super Kings,1070183,Abhishek Sharma,Sunrisers Hyderabad,,,44828,Faf du Plessis,0,8.09
ipl20,200702,1254091,2nd innings,135,76,0,58/0,0,44,7.2,0,0,0,False,,1060380,Ruturaj Gaikwad,Chennai Super Kings,1070183,Abhishek Sharma,Sunrisers Hyderabad,,,44828,Faf du Plessis,0,7.9
ipl20,200703,1254091,2nd innings,135,75,0,58/0,0,45,7.3,0,0,0,False,,1060380,Ruturaj Gaikwad,Chennai Super Kings,1070183,Abhishek Sharma,Sunrisers Hyderabad,,,44828,Faf du Plessis,0,7.73
ipl20,200704,1254091,2nd innings,135,74,0,58/0,0,46,7.4,0,0,0,False,,1060380,Ruturaj Gaikwad,Chennai Super Kings,1070183,Abhishek Sharma,Sunrisers Hyderabad,,,44828,Faf du Plessis,0,7.56
ipl20,200705,1254091,2nd innings,135,73,0,59/0,0,47,7.5,1,0,0,False,,1060380,Ruturaj Gaikwad,Chennai Super Kings,1070183,Abhishek Sharma,Sunrisers Hyderabad,,,44828,Faf du Plessis,1,7.53
ipl20,200706,1254091,2nd innings,135,72,0,60/0,0,48,7.6,1,0,0,False,,44828,Faf du Plessis,Chennai Super Kings,1070183,Abhishek Sharma,Sunrisers Hyderabad,,,1060380,Ruturaj Gaikwad,1,7.5
ipl20,200801,1254091,2nd innings,135,71,0,61/0,0,49,8.1,1,0,0,False,,44828,Faf du Plessis,Chennai Super Kings,793463,Rashid Khan,Sunrisers Hyderabad,,,1060380,Ruturaj Gaikwad,1,7.46
ipl20,200802,1254091,2nd innings,135,70,0,62/0,0,50,8.2,1,0,0,False,,1060380,Ruturaj Gaikwad,Chennai Super Kings,793463,Rashid Khan,Sunrisers Hyderabad,,,44828,Faf du Plessis,1,7.44
ipl20,200803,1254091,2nd innings,135,69,0,63/0,0,51,8.3,1,0,0,False,,44828,Faf du Plessis,Chennai Super Kings,793463,Rashid Khan,Sunrisers Hyderabad,,,1060380,Ruturaj Gaikwad,1,7.41
ipl20,200804,1254091,2nd innings,135,68,0,67/0,0,52,8.4,4,0,0,False,,1060380,Ruturaj Gaikwad,Chennai Super Kings,793463,Rashid Khan,Sunrisers Hyderabad,,,44828,Faf du Plessis,4,7.73
ipl20,200805,1254091,2nd innings,135,67,0,68/0,0,53,8.5,1,0,0,False,,1060380,Ruturaj Gaikwad,Chennai Super Kings,793463,Rashid Khan,Sunrisers Hyderabad,,,44828,Faf du Plessis,1,7.69
ipl20,200806,1254091,2nd innings,135,66,0,68/0,0,54,8.6,0,0,0,False,,44828,Faf du Plessis,Chennai Super Kings,793463,Rashid Khan,Sunrisers Hyderabad,,,1060380,Ruturaj Gaikwad,0,7.55
ipl20,200901,1254091,2nd innings,135,65,0,72/0,0,55,9.1,4,0,0,False,,1060380,Ruturaj Gaikwad,Chennai Super Kings,1070183,Abhishek Sharma,Sunrisers Hyderabad,,,44828,Faf du Plessis,4,7.85
ipl20,200902,1254091,2nd innings,135,64,0,73/0,0,56,9.2,1,0,0,False,,1060380,Ruturaj Gaikwad,Chennai Super Kings,1070183,Abhishek Sharma,Sunrisers Hyderabad,,,44828,Faf du Plessis,1,7.82
ipl20,200903,1254091,2nd innings,135,63,0,74/0,0,57,9.3,1,0,0,False,,44828,Faf du Plessis,Chennai Super Kings,1070183,Abhishek Sharma,Sunrisers Hyderabad,,,1060380,Ruturaj Gaikwad,1,7.78
ipl20,200904,1254091,2nd innings,135,62,0,75/0,0,58,9.4,1,0,0,False,,1060380,Ruturaj Gaikwad,Chennai Super Kings,1070183,Abhishek Sharma,Sunrisers Hyderabad,,,44828,Faf du Plessis,1,7.75
ipl20,200905,1254091,2nd innings,135,61,0,75/0,0,59,9.5,0,0,0,False,,44828,Faf du Plessis,Chennai Super Kings,1070183,Abhishek Sharma,Sunrisers Hyderabad,,,1060380,Ruturaj Gaikwad,0,7.62
ipl20,200906,1254091,2nd innings,135,60,0,75/0,0,60,9.6,0,0,0,False,,44828,Faf du Plessis,Chennai Super Kings,1070183,Abhishek Sharma,Sunrisers Hyderabad,,,1060380,Ruturaj Gaikwad,0,7.5
ipl20,201001,1254091,2nd innings,135,59,0,75/1,1,61,10.1,0,0,0,True,caught,1060380,Ruturaj Gaikwad,Chennai Super Kings,391485,Jason Holder,Sunrisers Hyderabad,277906,Kane Williamson,44828,Faf du Plessis,0,7.37
ipl20,201002,1254091,2nd innings,135,58,0,76/1,0,62,10.2,1,0,0,False,,8917,Moeen Ali,Chennai Super Kings,391485,Jason Holder,Sunrisers Hyderabad,,,44828,Faf du Plessis,1,7.35
ipl20,201003,1254091,2nd innings,135,57,0,78/1,0,63,10.3,2,0,0,False,,44828,Faf du Plessis,Chennai Super Kings,391485,Jason Holder,Sunrisers Hyderabad,,,8917,Moeen Ali,2,7.42
ipl20,201004,1254091,2nd innings,135,56,0,79/1,0,64,10.4,1,0,0,False,,44828,Faf du Plessis,Chennai Super Kings,391485,Jason Holder,Sunrisers Hyderabad,,,8917,Moeen Ali,1,7.4
ipl20,201005,1254091,2nd innings,135,55,0,79/1,0,65,10.5,0,0,0,False,,8917,Moeen Ali,Chennai Super Kings,391485,Jason Holder,Sunrisers Hyderabad,,,44828,Faf du Plessis,0,7.29
ipl20,201006,1254091,2nd innings,135,54,0,83/1,0,66,10.6,4,0,0,False,,8917,Moeen Ali,Chennai Super Kings,391485,Jason Holder,Sunrisers Hyderabad,,,44828,Faf du Plessis,4,7.54
ipl20,201101,1254091,2nd innings,135,53,0,84/1,0,67,11.1,1,0,0,False,,44828,Faf du Plessis,Chennai Super Kings,438362,Sandeep Sharma,Sunrisers Hyderabad,,,8917,Moeen Ali,1,7.52
ipl20,201102,1254091,2nd innings,135,52,0,86/1,0,68,11.2,2,0,0,False,,8917,Moeen Ali,Chennai Super Kings,438362,Sandeep Sharma,Sunrisers Hyderabad,,,44828,Faf du Plessis,2,7.58
ipl20,201103,1254091,2nd innings,135,51,0,87/1,0,69,11.3,1,0,0,False,,8917,Moeen Ali,Chennai Super Kings,438362,Sandeep Sharma,Sunrisers Hyderabad,,,44828,Faf du Plessis,1,7.56
ipl20,201104,1254091,2nd innings,135,50,0,88/1,0,70,11.4,1,0,0,False,,44828,Faf du Plessis,Chennai Super Kings,438362,Sandeep Sharma,Sunrisers Hyderabad,,,8917,Moeen Ali,1,7.54
ipl20,201105,1254091,2nd innings,135,49,0,90/1,0,71,11.5,2,0,0,False,,8917,Moeen Ali,Chennai Super Kings,438362,Sandeep Sharma,Sunrisers Hyderabad,,,44828,Faf du Plessis,2,7.6
ipl20,201106,1254091,2nd innings,135,48,0,91/1,0,72,11.6,1,0,0,False,,8917,Moeen Ali,Chennai Super Kings,438362,Sandeep Sharma,Sunrisers Hyderabad,,,44828,Faf du Plessis,1,7.58
ipl20,201201,1254091,2nd innings,135,47,0,91/1,0,73,12.1,0,0,0,False,,8917,Moeen Ali,Chennai Super Kings,793463,Rashid Khan,Sunrisers Hyderabad,,,44828,Faf du Plessis,0,7.47
ipl20,201202,1254091,2nd innings,135,46,0,91/1,0,74,12.2,0,0,0,False,,8917,Moeen Ali,Chennai Super Kings,793463,Rashid Khan,Sunrisers Hyderabad,,,44828,Faf du Plessis,0,7.37
ipl20,201203,1254091,2nd innings,135,45,0,91/1,0,75,12.3,0,0,0,False,,8917,Moeen Ali,Chennai Super Kings,793463,Rashid Khan,Sunrisers Hyderabad,,,44828,Faf du Plessis,0,7.28
ipl20,201204,1254091,2nd innings,135,44,0,95/1,0,76,12.4,4,0,0,False,,8917,Moeen Ali,Chennai Super Kings,793463,Rashid Khan,Sunrisers Hyderabad,,,44828,Faf du Plessis,4,7.5
ipl20,201205,1254091,2nd innings,135,43,0,96/1,0,77,12.5,1,0,0,False,,8917,Moeen Ali,Chennai Super Kings,793463,Rashid Khan,Sunrisers Hyderabad,,,44828,Faf du Plessis,1,7.48
ipl20,201206,1254091,2nd innings,135,42,0,97/1,0,78,12.6,1,0,0,False,,44828,Faf du Plessis,Chennai Super Kings,793463,Rashid Khan,Sunrisers Hyderabad,,,8917,Moeen Ali,1,7.46
ipl20,201301,1254091,2nd innings,135,41,0,99/1,0,79,13.1,2,0,0,False,,44828,Faf du Plessis,Chennai Super Kings,391485,Jason Holder,Sunrisers Hyderabad,,,8917,Moeen Ali,2,7.51
ipl20,201302,1254091,2nd innings,135,40,0,101/1,0,80,13.2,2,0,0,False,,44828,Faf du Plessis,Chennai Super Kings,391485,Jason Holder,Sunrisers Hyderabad,,,8917,Moeen Ali,2,7.57
ipl20,201303,1254091,2nd innings,135,39,0,101/1,0,81,13.3,0,0,0,False,,44828,Faf du Plessis,Chennai Super Kings,391485,Jason Holder,Sunrisers Hyderabad,,,8917,Moeen Ali,0,7.48
ipl20,201304,1254091,2nd innings,135,38,0,101/1,0,82,13.4,0,0,0,False,,44828,Faf du Plessis,Chennai Super Kings,391485,Jason Holder,Sunrisers Hyderabad,,,8917,Moeen Ali,0,7.39
ipl20,201305,1254091,2nd innings,135,37,0,102/1,0,83,13.5,1,0,0,False,,44828,Faf du Plessis,Chennai Super Kings,391485,Jason Holder,Sunrisers Hyderabad,,,8917,Moeen Ali,1,7.37
ipl20,201306,1254091,2nd innings,135,36,0,103/1,0,84,13.6,1,0,0,False,,8917,Moeen Ali,Chennai Super Kings,391485,Jason Holder,Sunrisers Hyderabad,,,44828,Faf du Plessis,1,7.35
ipl20,201401,1254091,2nd innings,135,35,0,103/1,0,85,14.1,0,0,0,False,,8917,Moeen Ali,Chennai Super Kings,793463,Rashid Khan,Sunrisers Hyderabad,,,44828,Faf du Plessis,0,7.27
ipl20,201402,1254091,2nd innings,135,34,0,103/1,0,86,14.2,0,0,0,False,,8917,Moeen Ali,Chennai Super Kings,793463,Rashid Khan,Sunrisers Hyderabad,,,44828,Faf du Plessis,0,7.18
ipl20,201403,1254091,2nd innings,135,33,0,103/1,0,87,14.3,0,0,0,False,,8917,Moeen Ali,Chennai Super Kings,793463,Rashid Khan,Sunrisers Hyderabad,,,44828,Faf du Plessis,0,7.1
ipl20,201404,1254091,2nd innings,135,32,0,103/2,2,88,14.4,0,0,0,True,bowled,8917,Moeen Ali,Chennai Super Kings,793463,Rashid Khan,Sunrisers Hyderabad,8917,Moeen Ali,44828,Faf du Plessis,0,7.02
ipl20,201405,1254091,2nd innings,135,32,0,104/2,0,88,14.4,1,1,1,False,,33335,Suresh Raina,Chennai Super Kings,793463,Rashid Khan,Sunrisers Hyderabad,,,44828,Faf du Plessis,1,7.09
ipl20,201406,1254091,2nd innings,135,31,0,105/2,0,89,14.5,1,0,0,False,,33335,Suresh Raina,Chennai Super Kings,793463,Rashid Khan,Sunrisers Hyderabad,,,44828,Faf du Plessis,1,7.07
ipl20,201407,1254091,2nd innings,135,30,0,105/2,0,90,14.6,0,0,0,False,,44828,Faf du Plessis,Chennai Super Kings,793463,Rashid Khan,Sunrisers Hyderabad,,,33335,Suresh Raina,0,7.0
ipl20,201501,1254091,2nd innings,135,29,0,106/2,0,91,15.1,1,0,0,False,,33335,Suresh Raina,Chennai Super Kings,391485,Jason Holder,Sunrisers Hyderabad,,,44828,Faf du Plessis,1,6.98
ipl20,201502,1254091,2nd innings,135,28,0,107/2,0,92,15.2,1,0,0,False,,44828,Faf du Plessis,Chennai Super Kings,391485,Jason Holder,Sunrisers Hyderabad,,,33335,Suresh Raina,1,6.97
ipl20,201503,1254091,2nd innings,135,27,0,107/3,3,93,15.3,0,0,0,True,leg before wicket,33335,Suresh Raina,Chennai Super Kings,391485,Jason Holder,Sunrisers Hyderabad,33335,Suresh Raina,44828,Faf du Plessis,0,6.9
ipl20,201504,1254091,2nd innings,135,26,0,108/3,0,94,15.4,1,0,0,False,,33141,Ambati Rayudu,Chennai Super Kings,391485,Jason Holder,Sunrisers Hyderabad,,,44828,Faf du Plessis,1,6.89
ipl20,201505,1254091,2nd innings,135,25,0,108/4,4,95,15.5,0,0,0,True,caught,44828,Faf du Plessis,Chennai Super Kings,391485,Jason Holder,Sunrisers Hyderabad,44828,Faf du Plessis,33141,Ambati Rayudu,0,6.82
ipl20,201506,1254091,2nd innings,135,24,0,109/4,0,96,15.6,1,0,0,False,,28081,MS Dhoni,Chennai Super Kings,391485,Jason Holder,Sunrisers Hyderabad,,,33141,Ambati Rayudu,1,6.81
ipl20,201601,1254091,2nd innings,135,23,0,110/4,0,97,16.1,1,0,0,False,,28081,MS Dhoni,Chennai Super Kings,326016,Bhuvneshwar Kumar,Sunrisers Hyderabad,,,33141,Ambati Rayudu,1,6.8
ipl20,201602,1254091,2nd innings,135,22,0,110/4,0,98,16.2,0,0,0,False,,33141,Ambati Rayudu,Chennai Super Kings,326016,Bhuvneshwar Kumar,Sunrisers Hyderabad,,,28081,MS Dhoni,0,6.73
ipl20,201603,1254091,2nd innings,135,21,0,110/4,0,99,16.3,0,0,0,False,,33141,Ambati Rayudu,Chennai Super Kings,326016,Bhuvneshwar Kumar,Sunrisers Hyderabad,,,28081,MS Dhoni,0,6.66
ipl20,201604,1254091,2nd innings,135,20,0,112/4,0,100,16.4,2,0,0,False,,33141,Ambati Rayudu,Chennai Super Kings,326016,Bhuvneshwar Kumar,Sunrisers Hyderabad,,,28081,MS Dhoni,2,6.72
ipl20,201605,1254091,2nd innings,135,19,0,112/4,0,101,16.5,0,0,0,False,,33141,Ambati Rayudu,Chennai Super Kings,326016,Bhuvneshwar Kumar,Sunrisers Hyderabad,,,28081,MS Dhoni,0,6.65
ipl20,201606,1254091,2nd innings,135,18,0,113/4,0,102,16.6,1,0,0,False,,33141,Ambati Rayudu,Chennai Super Kings,326016,Bhuvneshwar Kumar,Sunrisers Hyderabad,,,28081,MS Dhoni,1,6.64
ipl20,201701,1254091,2nd innings,135,17,0,114/4,0,103,17.1,1,0,0,False,,33141,Ambati Rayudu,Chennai Super Kings,326017,Siddarth Kaul,Sunrisers Hyderabad,,,28081,MS Dhoni,1,6.64
ipl20,201702,1254091,2nd innings,135,16,0,114/4,0,104,17.2,0,0,0,False,,28081,MS Dhoni,Chennai Super Kings,326017,Siddarth Kaul,Sunrisers Hyderabad,,,33141,Ambati Rayudu,0,6.57
ipl20,201703,1254091,2nd innings,135,15,0,114/4,0,105,17.3,0,0,0,False,,28081,MS Dhoni,Chennai Super Kings,326017,Siddarth Kaul,Sunrisers Hyderabad,,,33141,Ambati Rayudu,0,6.51
ipl20,201704,1254091,2nd innings,135,14,0,115/4,0,106,17.4,1,0,0,False,,28081,MS Dhoni,Chennai Super Kings,326017,Siddarth Kaul,Sunrisers Hyderabad,,,33141,Ambati Rayudu,1,6.5
ipl20,201705,1254091,2nd innings,135,13,0,119/4,0,107,17.5,4,0,0,False,,33141,Ambati Rayudu,Chennai Super Kings,326017,Siddarth Kaul,Sunrisers Hyderabad,,,28081,MS Dhoni,4,6.67
ipl20,201706,1254091,2nd innings,135,12,0,119/4,0,108,17.6,0,0,0,False,,33141,Ambati Rayudu,Chennai Super Kings,326017,Siddarth Kaul,Sunrisers Hyderabad,,,28081,MS Dhoni,0,6.61
ipl20,201801,1254091,2nd innings,135,11,0,120/4,0,109,18.1,1,0,0,False,,28081,MS Dhoni,Chennai Super Kings,326016,Bhuvneshwar Kumar,Sunrisers Hyderabad,,,33141,Ambati Rayudu,1,6.6
ipl20,201802,1254091,2nd innings,135,10,0,126/4,0,110,18.2,6,0,0,False,,33141,Ambati Rayudu,Chennai Super Kings,326016,Bhuvneshwar Kumar,Sunrisers Hyderabad,,,28081,MS Dhoni,6,6.87
ipl20,201803,1254091,2nd innings,135,9,0,127/4,0,111,18.3,1,0,0,False,,33141,Ambati Rayudu,Chennai Super Kings,326016,Bhuvneshwar Kumar,Sunrisers Hyderabad,,,28081,MS Dhoni,1,6.86
ipl20,201804,1254091,2nd innings,135,9,0,128/4,0,111,18.3,1,1,1,False,,28081,MS Dhoni,Chennai Super Kings,326016,Bhuvneshwar Kumar,Sunrisers Hyderabad,,,33141,Ambati Rayudu,1,6.91
ipl20,201805,1254091,2nd innings,135,8,0,132/4,0,112,18.4,4,0,0,False,,28081,MS Dhoni,Chennai Super Kings,326016,Bhuvneshwar Kumar,Sunrisers Hyderabad,,,33141,Ambati Rayudu,4,7.07
ipl20,201806,1254091,2nd innings,135,7,0,132/4,0,113,18.5,0,0,0,False,,28081,MS Dhoni,Chennai Super Kings,326016,Bhuvneshwar Kumar,Sunrisers Hyderabad,,,33141,Ambati Rayudu,0,7.0
ipl20,201807,1254091,2nd innings,135,6,0,132/4,0,114,18.6,0,0,0,False,,28081,MS Dhoni,Chennai Super Kings,326016,Bhuvneshwar Kumar,Sunrisers Hyderabad,,,33141,Ambati Rayudu,0,6.94
ipl20,201901,1254091,2nd innings,135,5,0,132/4,0,115,19.1,0,0,0,False,,33141,Ambati Rayudu,Chennai Super Kings,326017,Siddarth Kaul,Sunrisers Hyderabad,,,28081,MS Dhoni,0,6.88
ipl20,201902,1254091,2nd innings,135,4,0,133/4,0,116,19.2,1,0,0,False,,33141,Ambati Rayudu,Chennai Super Kings,326017,Siddarth Kaul,Sunrisers Hyderabad,,,28081,MS Dhoni,1,6.87
ipl20,201903,1254091,2nd innings,135,3,0,133/4,0,117,19.3,0,0,0,False,,28081,MS Dhoni,Chennai Super Kings,326017,Siddarth Kaul,Sunrisers Hyderabad,,,33141,Ambati Rayudu,0,6.82
ipl20,201904,1254091,2nd innings,135,2,0,139/4,0,118,19.4,6,0,0,False,,28081,MS Dhoni,Chennai Super Kings,326017,Siddarth Kaul,Sunrisers Hyderabad,,,33141,Ambati Rayudu,6,7.06
