ipl_season,sequence,eventid,innings,target,remainingballs,homescore,awayscore,fallofwickets,ball,over,scorevalue,validball,extras,dismissal,dismissaltype,batsmanid,batsman,batsmanteam,bowlerid,bowler,bowlerteam,otherathleteinvolvedid,otherathleteinvolved,nonstrikerid,nonstriker,runs,runrate
ipl20,100001,1254063,1st innings,0,119,0/0,0,0,1,0.1,0,0,0,False,,253802,Virat Kohli,Royal Challengers Bangalore,326016,Bhuvneshwar Kumar,Sunrisers Hyderabad,,,1119026,Devdutt Padikkal,0,0.0
ipl20,100002,1254063,1st innings,0,118,4/0,0,0,2,0.2,4,0,0,False,,253802,Virat Kohli,Royal Challengers Bangalore,326016,Bhuvneshwar Kumar,Sunrisers Hyderabad,,,1119026,Devdutt Padikkal,4,12.0
ipl20,100003,1254063,1st innings,0,117,5/0,0,0,3,0.3,1,0,0,False,,253802,Virat Kohli,Royal Challengers Bangalore,326016,Bhuvneshwar Kumar,Sunrisers Hyderabad,,,1119026,Devdutt Padikkal,1,10.0
ipl20,100004,1254063,1st innings,0,116,5/0,0,0,4,0.4,0,0,0,False,,1119026,Devdutt Padikkal,Royal Challengers Bangalore,326016,Bhuvneshwar Kumar,Sunrisers Hyderabad,,,253802,Virat Kohli,0,7.5
ipl20,100005,1254063,1st innings,0,115,5/0,0,0,5,0.5,0,0,0,False,,1119026,Devdutt Padikkal,Royal Challengers Bangalore,326016,Bhuvneshwar Kumar,Sunrisers Hyderabad,,,253802,Virat Kohli,0,6.0
ipl20,100006,1254063,1st innings,0,114,6/0,0,0,6,0.6,1,0,0,False,,1119026,Devdutt Padikkal,Royal Challengers Bangalore,326016,Bhuvneshwar Kumar,Sunrisers Hyderabad,,,253802,Virat Kohli,1,6.0
ipl20,100101,1254063,1st innings,0,113,10/0,0,0,7,1.1,4,0,0,False,,1119026,Devdutt Padikkal,Royal Challengers Bangalore,391485,Jason Holder,Sunrisers Hyderabad,,,253802,Virat Kohli,4,8.57
ipl20,100102,1254063,1st innings,0,112,10/0,0,0,8,1.2,0,0,0,False,,1119026,Devdutt Padikkal,Royal Challengers Bangalore,391485,Jason Holder,Sunrisers Hyderabad,,,253802,Virat Kohli,0,7.5
ipl20,100103,1254063,1st innings,0,111,10/0,0,0,9,1.3,0,0,0,False,,1119026,Devdutt Padikkal,Royal Challengers Bangalore,391485,Jason Holder,Sunrisers Hyderabad,,,253802,Virat Kohli,0,6.66
ipl20,100104,1254063,1st innings,0,110,10/0,0,0,10,1.4,0,0,0,False,,1119026,Devdutt Padikkal,Royal Challengers Bangalore,391485,Jason Holder,Sunrisers Hyderabad,,,253802,Virat Kohli,0,6.0
ipl20,100105,1254063,1st innings,0,110,11/0,0,0,10,1.4,1,1,1,False,,1119026,Devdutt Padikkal,Royal Challengers Bangalore,391485,Jason Holder,Sunrisers Hyderabad,,,253802,Virat Kohli,1,6.6
ipl20,100106,1254063,1st innings,0,109,15/0,0,0,11,1.5,4,0,0,False,,1119026,Devdutt Padikkal,Royal Challengers Bangalore,391485,Jason Holder,Sunrisers Hyderabad,,,253802,Virat Kohli,4,8.18
ipl20,100107,1254063,1st innings,0,108,16/0,0,0,12,1.6,1,0,0,False,,1119026,Devdutt Padikkal,Royal Challengers Bangalore,391485,Jason Holder,Sunrisers Hyderabad,,,253802,Virat Kohli,1,8.0
ipl20,100201,1254063,1st innings,0,107,17/0,0,0,13,2.1,1,0,0,False,,1119026,Devdutt Padikkal,Royal Challengers Bangalore,326016,Bhuvneshwar Kumar,Sunrisers Hyderabad,,,253802,Virat Kohli,1,7.84
ipl20,100202,1254063,1st innings,0,106,18/0,0,0,14,2.2,1,0,0,False,,253802,Virat Kohli,Royal Challengers Bangalore,326016,Bhuvneshwar Kumar,Sunrisers Hyderabad,,,1119026,Devdutt Padikkal,1,7.71
ipl20,100203,1254063,1st innings,0,105,18/0,0,0,15,2.3,0,0,0,False,,1119026,Devdutt Padikkal,Royal Challengers Bangalore,326016,Bhuvneshwar Kumar,Sunrisers Hyderabad,,,253802,Virat Kohli,0,7.2
ipl20,100204,1254063,1st innings,0,104,18/0,0,0,16,2.4,0,0,0,False,,1119026,Devdutt Padikkal,Royal Challengers Bangalore,326016,Bhuvneshwar Kumar,Sunrisers Hyderabad,,,253802,Virat Kohli,0,6.75
ipl20,100205,1254063,1st innings,0,104,19/0,0,0,16,2.4,1,1,1,False,,1119026,Devdutt Padikkal,Royal Challengers Bangalore,326016,Bhuvneshwar Kumar,Sunrisers Hyderabad,,,253802,Virat Kohli,1,7.12
ipl20,100206,1254063,1st innings,0,103,19/1,0,1,17,2.5,0,0,0,True,caught,1119026,Devdutt Padikkal,Royal Challengers Bangalore,326016,Bhuvneshwar Kumar,Sunrisers Hyderabad,1119026,Devdutt Padikkal,253802,Virat Kohli,0,6.7
ipl20,100207,1254063,1st innings,0,102,20/1,0,0,18,2.6,1,0,0,False,,1159711,Shahbaz Ahmed,Royal Challengers Bangalore,326016,Bhuvneshwar Kumar,Sunrisers Hyderabad,,,253802,Virat Kohli,1,6.66
ipl20,100301,1254063,1st innings,0,101,21/1,0,0,19,3.1,1,0,0,False,,1159711,Shahbaz Ahmed,Royal Challengers Bangalore,391485,Jason Holder,Sunrisers Hyderabad,,,253802,Virat Kohli,1,6.63
ipl20,100302,1254063,1st innings,0,100,21/1,0,0,20,3.2,0,0,0,False,,253802,Virat Kohli,Royal Challengers Bangalore,391485,Jason Holder,Sunrisers Hyderabad,,,1159711,Shahbaz Ahmed,0,6.3
ipl20,100303,1254063,1st innings,0,99,22/1,0,0,21,3.3,1,0,0,False,,253802,Virat Kohli,Royal Challengers Bangalore,391485,Jason Holder,Sunrisers Hyderabad,,,1159711,Shahbaz Ahmed,1,6.28
ipl20,100304,1254063,1st innings,0,98,22/1,0,0,22,3.4,0,0,0,False,,1159711,Shahbaz Ahmed,Royal Challengers Bangalore,391485,Jason Holder,Sunrisers Hyderabad,,,253802,Virat Kohli,0,6.0
ipl20,100305,1254063,1st innings,0,97,25/1,0,0,23,3.5,3,0,0,False,,1159711,Shahbaz Ahmed,Royal Challengers Bangalore,391485,Jason Holder,Sunrisers Hyderabad,,,253802,Virat Kohli,3,6.52
ipl20,100306,1254063,1st innings,0,96,26/1,0,0,24,3.6,1,0,0,False,,253802,Virat Kohli,Royal Challengers Bangalore,391485,Jason Holder,Sunrisers Hyderabad,,,1159711,Shahbaz Ahmed,1,6.5
ipl20,100401,1254063,1st innings,0,95,26/1,0,0,25,4.1,0,0,0,False,,253802,Virat Kohli,Royal Challengers Bangalore,31872,Shahbaz Nadeem,Sunrisers Hyderabad,,,1159711,Shahbaz Ahmed,0,6.24
ipl20,100402,1254063,1st innings,0,94,27/1,0,0,26,4.2,1,0,0,False,,253802,Virat Kohli,Royal Challengers Bangalore,31872,Shahbaz Nadeem,Sunrisers Hyderabad,,,1159711,Shahbaz Ahmed,1,6.23
ipl20,100403,1254063,1st innings,0,93,33/1,0,0,27,4.3,6,0,0,False,,1159711,Shahbaz Ahmed,Royal Challengers Bangalore,31872,Shahbaz Nadeem,Sunrisers Hyderabad,,,253802,Virat Kohli,6,7.33
ipl20,100404,1254063,1st innings,0,92,34/1,0,0,28,4.4,1,0,0,False,,1159711,Shahbaz Ahmed,Royal Challengers Bangalore,31872,Shahbaz Nadeem,Sunrisers Hyderabad,,,253802,Virat Kohli,1,7.28
ipl20,100405,1254063,1st innings,0,91,35/1,0,0,29,4.5,1,0,0,False,,253802,Virat Kohli,Royal Challengers Bangalore,31872,Shahbaz Nadeem,Sunrisers Hyderabad,,,1159711,Shahbaz Ahmed,1,7.24
ipl20,100406,1254063,1st innings,0,90,36/1,0,0,30,4.6,1,0,0,False,,1159711,Shahbaz Ahmed,Royal Challengers Bangalore,31872,Shahbaz Nadeem,Sunrisers Hyderabad,,,253802,Virat Kohli,1,7.2
ipl20,100501,1254063,1st innings,0,89,37/1,0,0,31,5.1,1,0,1,False,,1159711,Shahbaz Ahmed,Royal Challengers Bangalore,802575,T Natarajan,Sunrisers Hyderabad,,,253802,Virat Kohli,1,7.16
ipl20,100502,1254063,1st innings,0,88,41/1,0,0,32,5.2,4,0,0,False,,253802,Virat Kohli,Royal Challengers Bangalore,802575,T Natarajan,Sunrisers Hyderabad,,,1159711,Shahbaz Ahmed,4,7.68
ipl20,100503,1254063,1st innings,0,87,42/1,0,0,33,5.3,1,0,0,False,,253802,Virat Kohli,Royal Challengers Bangalore,802575,T Natarajan,Sunrisers Hyderabad,,,1159711,Shahbaz Ahmed,1,7.63
ipl20,100504,1254063,1st innings,0,86,43/1,0,0,34,5.4,1,0,0,False,,1159711,Shahbaz Ahmed,Royal Challengers Bangalore,802575,T Natarajan,Sunrisers Hyderabad,,,253802,Virat Kohli,1,7.58
ipl20,100505,1254063,1st innings,0,85,47/1,0,0,35,5.5,4,0,0,False,,253802,Virat Kohli,Royal Challengers Bangalore,802575,T Natarajan,Sunrisers Hyderabad,,,1159711,Shahbaz Ahmed,4,8.05
ipl20,100506,1254063,1st innings,0,84,47/1,0,0,36,5.6,0,0,0,False,,253802,Virat Kohli,Royal Challengers Bangalore,802575,T Natarajan,Sunrisers Hyderabad,,,1159711,Shahbaz Ahmed,0,7.83
ipl20,100601,1254063,1st innings,0,83,47/2,0,2,37,6.1,0,0,0,True,caught,1159711,Shahbaz Ahmed,Royal Challengers Bangalore,31872,Shahbaz Nadeem,Sunrisers Hyderabad,1159711,Shahbaz Ahmed,253802,Virat Kohli,0,7.62
ipl20,100602,1254063,1st innings,0,82,48/2,0,0,38,6.2,1,0,0,False,,253802,Virat Kohli,Royal Challengers Bangalore,31872,Shahbaz Nadeem,Sunrisers Hyderabad,,,325026,Glenn Maxwell,1,7.57
ipl20,100603,1254063,1st innings,0,81,48/2,0,0,39,6.3,0,0,0,False,,325026,Glenn Maxwell,Royal Challengers Bangalore,31872,Shahbaz Nadeem,Sunrisers Hyderabad,,,253802,Virat Kohli,0,7.38
ipl20,100604,1254063,1st innings,0,80,48/2,0,0,40,6.4,0,0,0,False,,325026,Glenn Maxwell,Royal Challengers Bangalore,31872,Shahbaz Nadeem,Sunrisers Hyderabad,,,253802,Virat Kohli,0,7.2
ipl20,100605,1254063,1st innings,0,79,48/2,0,0,41,6.5,0,0,0,False,,325026,Glenn Maxwell,Royal Challengers Bangalore,31872,Shahbaz Nadeem,Sunrisers Hyderabad,,,253802,Virat Kohli,0,7.02
ipl20,100606,1254063,1st innings,0,78,48/2,0,0,42,6.6,0,0,0,False,,325026,Glenn Maxwell,Royal Challengers Bangalore,31872,Shahbaz Nadeem,Sunrisers Hyderabad,,,253802,Virat Kohli,0,6.85
ipl20,100701,1254063,1st innings,0,77,49/2,0,0,43,7.1,1,0,0,False,,253802,Virat Kohli,Royal Challengers Bangalore,793463,Rashid Khan,Sunrisers Hyderabad,,,325026,Glenn Maxwell,1,6.83
ipl20,100702,1254063,1st innings,0,77,50/2,0,0,43,7.1,1,1,1,False,,325026,Glenn Maxwell,Royal Challengers Bangalore,793463,Rashid Khan,Sunrisers Hyderabad,,,253802,Virat Kohli,1,6.97
ipl20,100703,1254063,1st innings,0,76,54/2,0,0,44,7.2,4,0,0,False,,325026,Glenn Maxwell,Royal Challengers Bangalore,793463,Rashid Khan,Sunrisers Hyderabad,,,253802,Virat Kohli,4,7.36
ipl20,100704,1254063,1st innings,0,75,54/2,0,0,45,7.3,0,0,0,False,,325026,Glenn Maxwell,Royal Challengers Bangalore,793463,Rashid Khan,Sunrisers Hyderabad,,,253802,Virat Kohli,0,7.2
ipl20,100705,1254063,1st innings,0,74,54/2,0,0,46,7.4,0,0,0,False,,325026,Glenn Maxwell,Royal Challengers Bangalore,793463,Rashid Khan,Sunrisers Hyderabad,,,253802,Virat Kohli,0,7.04
ipl20,100706,1254063,1st innings,0,73,55/2,0,0,47,7.5,1,0,0,False,,325026,Glenn Maxwell,Royal Challengers Bangalore,793463,Rashid Khan,Sunrisers Hyderabad,,,253802,Virat Kohli,1,7.02
ipl20,100707,1254063,1st innings,0,72,55/2,0,0,48,7.6,0,0,0,False,,253802,Virat Kohli,Royal Challengers Bangalore,793463,Rashid Khan,Sunrisers Hyderabad,,,325026,Glenn Maxwell,0,6.87
ipl20,100801,1254063,1st innings,0,71,56/2,0,0,49,8.1,1,0,0,False,,325026,Glenn Maxwell,Royal Challengers Bangalore,31872,Shahbaz Nadeem,Sunrisers Hyderabad,,,253802,Virat Kohli,1,6.85
ipl20,100802,1254063,1st innings,0,70,57/2,0,0,50,8.2,1,0,0,False,,253802,Virat Kohli,Royal Challengers Bangalore,31872,Shahbaz Nadeem,Sunrisers Hyderabad,,,325026,Glenn Maxwell,1,6.84
ipl20,100803,1254063,1st innings,0,69,57/2,0,0,51,8.3,0,0,0,False,,325026,Glenn Maxwell,Royal Challengers Bangalore,31872,Shahbaz Nadeem,Sunrisers Hyderabad,,,253802,Virat Kohli,0,6.7
ipl20,100804,1254063,1st innings,0,68,57/2,0,0,52,8.4,0,0,0,False,,325026,Glenn Maxwell,Royal Challengers Bangalore,31872,Shahbaz Nadeem,Sunrisers Hyderabad,,,253802,Virat Kohli,0,6.57
ipl20,100805,1254063,1st innings,0,67,57/2,0,0,53,8.5,0,0,0,False,,325026,Glenn Maxwell,Royal Challengers Bangalore,31872,Shahbaz Nadeem,Sunrisers Hyderabad,,,253802,Virat Kohli,0,6.45
ipl20,100806,1254063,1st innings,0,66,58/2,0,0,54,8.6,1,0,0,False,,325026,Glenn Maxwell,Royal Challengers Bangalore,31872,Shahbaz Nadeem,Sunrisers Hyderabad,,,253802,Virat Kohli,1,6.44
ipl20,100901,1254063,1st innings,0,65,59/2,0,0,55,9.1,1,0,0,False,,325026,Glenn Maxwell,Royal Challengers Bangalore,793463,Rashid Khan,Sunrisers Hyderabad,,,253802,Virat Kohli,1,6.43
ipl20,100902,1254063,1st innings,0,64,60/2,0,0,56,9.2,1,0,0,False,,253802,Virat Kohli,Royal Challengers Bangalore,793463,Rashid Khan,Sunrisers Hyderabad,,,325026,Glenn Maxwell,1,6.42
ipl20,100903,1254063,1st innings,0,63,61/2,0,0,57,9.3,1,0,1,False,,325026,Glenn Maxwell,Royal Challengers Bangalore,793463,Rashid Khan,Sunrisers Hyderabad,,,253802,Virat Kohli,1,6.42
ipl20,100904,1254063,1st innings,0,62,62/2,0,0,58,9.4,1,0,0,False,,253802,Virat Kohli,Royal Challengers Bangalore,793463,Rashid Khan,Sunrisers Hyderabad,,,325026,Glenn Maxwell,1,6.41
ipl20,100905,1254063,1st innings,0,61,63/2,0,0,59,9.5,1,0,0,False,,325026,Glenn Maxwell,Royal Challengers Bangalore,793463,Rashid Khan,Sunrisers Hyderabad,,,253802,Virat Kohli,1,6.4
ipl20,100906,1254063,1st innings,0,60,63/2,0,0,60,9.6,0,0,0,False,,253802,Virat Kohli,Royal Challengers Bangalore,793463,Rashid Khan,Sunrisers Hyderabad,,,325026,Glenn Maxwell,0,6.3
ipl20,101001,1254063,1st innings,0,59,69/2,0,0,61,10.1,6,0,0,False,,325026,Glenn Maxwell,Royal Challengers Bangalore,31872,Shahbaz Nadeem,Sunrisers Hyderabad,,,253802,Virat Kohli,6,6.78
ipl20,101002,1254063,1st innings,0,58,73/2,0,0,62,10.2,4,0,0,False,,325026,Glenn Maxwell,Royal Challengers Bangalore,31872,Shahbaz Nadeem,Sunrisers Hyderabad,,,253802,Virat Kohli,4,7.06
ipl20,101003,1254063,1st innings,0,57,79/2,0,0,63,10.3,6,0,0,False,,325026,Glenn Maxwell,Royal Challengers Bangalore,31872,Shahbaz Nadeem,Sunrisers Hyderabad,,,253802,Virat Kohli,6,7.52
ipl20,101004,1254063,1st innings,0,56,80/2,0,0,64,10.4,1,0,0,False,,325026,Glenn Maxwell,Royal Challengers Bangalore,31872,Shahbaz Nadeem,Sunrisers Hyderabad,,,253802,Virat Kohli,1,7.5
ipl20,101005,1254063,1st innings,0,55,84/2,0,0,65,10.5,4,0,0,False,,253802,Virat Kohli,Royal Challengers Bangalore,31872,Shahbaz Nadeem,Sunrisers Hyderabad,,,325026,Glenn Maxwell,4,7.75
ipl20,101006,1254063,1st innings,0,54,85/2,0,0,66,10.6,1,0,0,False,,253802,Virat Kohli,Royal Challengers Bangalore,31872,Shahbaz Nadeem,Sunrisers Hyderabad,,,325026,Glenn Maxwell,1,7.72
ipl20,101101,1254063,1st innings,0,53,87/2,0,0,67,11.1,2,0,0,False,,253802,Virat Kohli,Royal Challengers Bangalore,802575,T Natarajan,Sunrisers Hyderabad,,,325026,Glenn Maxwell,2,7.79
ipl20,101102,1254063,1st innings,0,53,88/2,0,0,67,11.1,1,1,1,False,,253802,Virat Kohli,Royal Challengers Bangalore,802575,T Natarajan,Sunrisers Hyderabad,,,325026,Glenn Maxwell,1,7.88
ipl20,101103,1254063,1st innings,0,52,88/2,0,0,68,11.2,0,0,0,False,,253802,Virat Kohli,Royal Challengers Bangalore,802575,T Natarajan,Sunrisers Hyderabad,,,325026,Glenn Maxwell,0,7.76
ipl20,101104,1254063,1st innings,0,51,89/2,0,0,69,11.3,1,0,0,False,,253802,Virat Kohli,Royal Challengers Bangalore,802575,T Natarajan,Sunrisers Hyderabad,,,325026,Glenn Maxwell,1,7.73
ipl20,101105,1254063,1st innings,0,50,90/2,0,0,70,11.4,1,0,0,False,,325026,Glenn Maxwell,Royal Challengers Bangalore,802575,T Natarajan,Sunrisers Hyderabad,,,253802,Virat Kohli,1,7.71
ipl20,101106,1254063,1st innings,0,49,90/2,0,0,71,11.5,0,0,0,False,,253802,Virat Kohli,Royal Challengers Bangalore,802575,T Natarajan,Sunrisers Hyderabad,,,325026,Glenn Maxwell,0,7.6
ipl20,101107,1254063,1st innings,0,48,91/2,0,0,72,11.6,1,0,0,False,,253802,Virat Kohli,Royal Challengers Bangalore,802575,T Natarajan,Sunrisers Hyderabad,,,325026,Glenn Maxwell,1,7.58
ipl20,101201,1254063,1st innings,0,47,91/3,0,3,73,12.1,0,0,0,True,caught,253802,Virat Kohli,Royal Challengers Bangalore,391485,Jason Holder,Sunrisers Hyderabad,253802,Virat Kohli,325026,Glenn Maxwell,0,7.47
ipl20,101202,1254063,1st innings,0,46,91/3,0,0,74,12.2,0,0,0,False,,325026,Glenn Maxwell,Royal Challengers Bangalore,391485,Jason Holder,Sunrisers Hyderabad,,,44936,AB de Villiers,0,7.37
ipl20,101203,1254063,1st innings,0,45,92/3,0,0,75,12.3,1,0,0,False,,325026,Glenn Maxwell,Royal Challengers Bangalore,391485,Jason Holder,Sunrisers Hyderabad,,,44936,AB de Villiers,1,7.36
ipl20,101204,1254063,1st innings,0,44,92/3,0,0,76,12.4,0,0,0,False,,44936,AB de Villiers,Royal Challengers Bangalore,391485,Jason Holder,Sunrisers Hyderabad,,,325026,Glenn Maxwell,0,7.26
ipl20,101205,1254063,1st innings,0,43,92/3,0,0,77,12.5,0,0,0,False,,44936,AB de Villiers,Royal Challengers Bangalore,391485,Jason Holder,Sunrisers Hyderabad,,,325026,Glenn Maxwell,0,7.16
ipl20,101206,1254063,1st innings,0,42,92/3,0,0,78,12.6,0,0,0,False,,44936,AB de Villiers,Royal Challengers Bangalore,391485,Jason Holder,Sunrisers Hyderabad,,,325026,Glenn Maxwell,0,7.07
ipl20,101301,1254063,1st innings,0,41,93/3,0,0,79,13.1,1,0,0,False,,325026,Glenn Maxwell,Royal Challengers Bangalore,793463,Rashid Khan,Sunrisers Hyderabad,,,44936,AB de Villiers,1,7.06
ipl20,101302,1254063,1st innings,0,40,94/3,0,0,80,13.2,1,0,0,False,,44936,AB de Villiers,Royal Challengers Bangalore,793463,Rashid Khan,Sunrisers Hyderabad,,,325026,Glenn Maxwell,1,7.05
ipl20,101303,1254063,1st innings,0,39,95/3,0,0,81,13.3,1,0,0,False,,325026,Glenn Maxwell,Royal Challengers Bangalore,793463,Rashid Khan,Sunrisers Hyderabad,,,44936,AB de Villiers,1,7.03
ipl20,101304,1254063,1st innings,0,38,95/4,0,4,82,13.4,0,0,0,True,caught,44936,AB de Villiers,Royal Challengers Bangalore,793463,Rashid Khan,Sunrisers Hyderabad,44936,AB de Villiers,325026,Glenn Maxwell,0,6.95
ipl20,101305,1254063,1st innings,0,37,95/4,0,0,83,13.5,0,0,0,False,,719715,Washington Sundar,Royal Challengers Bangalore,793463,Rashid Khan,Sunrisers Hyderabad,,,325026,Glenn Maxwell,0,6.86
ipl20,101306,1254063,1st innings,0,36,96/4,0,0,84,13.6,1,0,0,False,,719715,Washington Sundar,Royal Challengers Bangalore,793463,Rashid Khan,Sunrisers Hyderabad,,,325026,Glenn Maxwell,1,6.85
ipl20,101401,1254063,1st innings,0,35,100/4,0,0,85,14.1,4,0,0,False,,719715,Washington Sundar,Royal Challengers Bangalore,326016,Bhuvneshwar Kumar,Sunrisers Hyderabad,,,325026,Glenn Maxwell,4,7.05
ipl20,101402,1254063,1st innings,0,34,101/4,0,0,86,14.2,1,0,0,False,,719715,Washington Sundar,Royal Challengers Bangalore,326016,Bhuvneshwar Kumar,Sunrisers Hyderabad,,,325026,Glenn Maxwell,1,7.04
ipl20,101403,1254063,1st innings,0,33,102/4,0,0,87,14.3,1,0,0,False,,325026,Glenn Maxwell,Royal Challengers Bangalore,326016,Bhuvneshwar Kumar,Sunrisers Hyderabad,,,719715,Washington Sundar,1,7.03
ipl20,101404,1254063,1st innings,0,32,102/4,0,0,88,14.4,0,0,0,False,,719715,Washington Sundar,Royal Challengers Bangalore,326016,Bhuvneshwar Kumar,Sunrisers Hyderabad,,,325026,Glenn Maxwell,0,6.95
ipl20,101405,1254063,1st innings,0,31,102/4,0,0,89,14.5,0,0,0,False,,719715,Washington Sundar,Royal Challengers Bangalore,326016,Bhuvneshwar Kumar,Sunrisers Hyderabad,,,325026,Glenn Maxwell,0,6.87
ipl20,101406,1254063,1st innings,0,30,103/4,0,0,90,14.6,1,0,0,False,,719715,Washington Sundar,Royal Challengers Bangalore,326016,Bhuvneshwar Kumar,Sunrisers Hyderabad,,,325026,Glenn Maxwell,1,6.86
ipl20,101501,1254063,1st innings,0,29,103/4,0,0,91,15.1,0,0,0,False,,719715,Washington Sundar,Royal Challengers Bangalore,793463,Rashid Khan,Sunrisers Hyderabad,,,325026,Glenn Maxwell,0,6.79
ipl20,101502,1254063,1st innings,0,28,103/4,0,0,92,15.2,0,0,0,False,,719715,Washington Sundar,Royal Challengers Bangalore,793463,Rashid Khan,Sunrisers Hyderabad,,,325026,Glenn Maxwell,0,6.71
ipl20,101503,1254063,1st innings,0,27,104/4,0,0,93,15.3,1,0,0,False,,719715,Washington Sundar,Royal Challengers Bangalore,793463,Rashid Khan,Sunrisers Hyderabad,,,325026,Glenn Maxwell,1,6.7
ipl20,101504,1254063,1st innings,0,26,105/4,0,0,94,15.4,1,0,0,False,,325026,Glenn Maxwell,Royal Challengers Bangalore,793463,Rashid Khan,Sunrisers Hyderabad,,,719715,Washington Sundar,1,6.7
ipl20,101505,1254063,1st innings,0,25,105/5,0,5,95,15.5,0,0,0,True,caught,719715,Washington Sundar,Royal Challengers Bangalore,793463,Rashid Khan,Sunrisers Hyderabad,290630,Manish Pandey,325026,Glenn Maxwell,0,6.63
ipl20,101506,1254063,1st innings,0,24,106/5,0,0,96,15.6,1,0,0,False,,325026,Glenn Maxwell,Royal Challengers Bangalore,793463,Rashid Khan,Sunrisers Hyderabad,,,4864,Dan Christian,1,6.62
ipl20,101601,1254063,1st innings,0,23,107/5,0,0,97,16.1,1,0,0,False,,325026,Glenn Maxwell,Royal Challengers Bangalore,802575,T Natarajan,Sunrisers Hyderabad,,,4864,Dan Christian,1,6.61
ipl20,101602,1254063,1st innings,0,22,108/5,0,0,98,16.2,1,0,0,False,,4864,Dan Christian,Royal Challengers Bangalore,802575,T Natarajan,Sunrisers Hyderabad,,,325026,Glenn Maxwell,1,6.61
ipl20,101603,1254063,1st innings,0,21,109/5,0,0,99,16.3,1,0,0,False,,325026,Glenn Maxwell,Royal Challengers Bangalore,802575,T Natarajan,Sunrisers Hyderabad,,,4864,Dan Christian,1,6.6
ipl20,101604,1254063,1st innings,0,20,109/6,0,6,100,16.4,0,0,0,True,caught,4864,Dan Christian,Royal Challengers Bangalore,802575,T Natarajan,Sunrisers Hyderabad,4864,Dan Christian,325026,Glenn Maxwell,0,6.54
ipl20,101605,1254063,1st innings,0,19,109/6,0,0,101,16.5,0,0,0,False,,625960,Kyle Jamieson,Royal Challengers Bangalore,802575,T Natarajan,Sunrisers Hyderabad,,,325026,Glenn Maxwell,0,6.47
ipl20,101606,1254063,1st innings,0,18,110/6,0,0,102,16.6,1,0,0,False,,625960,Kyle Jamieson,Royal Challengers Bangalore,802575,T Natarajan,Sunrisers Hyderabad,,,325026,Glenn Maxwell,1,6.47
ipl20,101701,1254063,1st innings,0,17,114/6,0,0,103,17.1,4,0,0,False,,625960,Kyle Jamieson,Royal Challengers Bangalore,326016,Bhuvneshwar Kumar,Sunrisers Hyderabad,,,325026,Glenn Maxwell,4,6.64
ipl20,101702,1254063,1st innings,0,16,115/6,0,0,104,17.2,1,0,1,False,,625960,Kyle Jamieson,Royal Challengers Bangalore,326016,Bhuvneshwar Kumar,Sunrisers Hyderabad,,,325026,Glenn Maxwell,1,6.63
ipl20,101703,1254063,1st innings,0,15,119/6,0,0,105,17.3,4,0,0,False,,325026,Glenn Maxwell,Royal Challengers Bangalore,326016,Bhuvneshwar Kumar,Sunrisers Hyderabad,,,625960,Kyle Jamieson,4,6.8
ipl20,101704,1254063,1st innings,0,14,120/6,0,0,106,17.4,1,0,0,False,,325026,Glenn Maxwell,Royal Challengers Bangalore,326016,Bhuvneshwar Kumar,Sunrisers Hyderabad,,,625960,Kyle Jamieson,1,6.79
ipl20,101705,1254063,1st innings,0,13,124/6,0,0,107,17.5,4,0,0,False,,625960,Kyle Jamieson,Royal Challengers Bangalore,326016,Bhuvneshwar Kumar,Sunrisers Hyderabad,,,325026,Glenn Maxwell,4,6.95
ipl20,101706,1254063,1st innings,0,12,124/6,0,0,108,17.6,0,0,0,False,,625960,Kyle Jamieson,Royal Challengers Bangalore,326016,Bhuvneshwar Kumar,Sunrisers Hyderabad,,,325026,Glenn Maxwell,0,6.88
ipl20,101801,1254063,1st innings,0,11,125/6,0,0,109,18.1,1,0,0,False,,325026,Glenn Maxwell,Royal Challengers Bangalore,802575,T Natarajan,Sunrisers Hyderabad,,,625960,Kyle Jamieson,1,6.88
ipl20,101802,1254063,1st innings,0,10,127/6,0,0,110,18.2,2,0,0,False,,625960,Kyle Jamieson,Royal Challengers Bangalore,802575,T Natarajan,Sunrisers Hyderabad,,,325026,Glenn Maxwell,2,6.92
ipl20,101803,1254063,1st innings,0,9,128/6,0,0,111,18.3,1,0,0,False,,625960,Kyle Jamieson,Royal Challengers Bangalore,802575,T Natarajan,Sunrisers Hyderabad,,,325026,Glenn Maxwell,1,6.91
ipl20,101804,1254063,1st innings,0,8,132/6,0,0,112,18.4,4,0,0,False,,325026,Glenn Maxwell,Royal Challengers Bangalore,802575,T Natarajan,Sunrisers Hyderabad,,,625960,Kyle Jamieson,4,7.07
ipl20,101805,1254063,1st innings,0,7,132/6,0,0,113,18.5,0,0,0,False,,325026,Glenn Maxwell,Royal Challengers Bangalore,802575,T Natarajan,Sunrisers Hyderabad,,,625960,Kyle Jamieson,0,7.0
ipl20,101806,1254063,1st innings,0,6,136/6,0,0,114,18.6,4,0,0,False,,325026,Glenn Maxwell,Royal Challengers Bangalore,802575,T Natarajan,Sunrisers Hyderabad,,,625960,Kyle Jamieson,4,7.15
ipl20,101901,1254063,1st innings,0,5,136/7,0,7,115,19.1,0,0,0,True,caught,625960,Kyle Jamieson,Royal Challengers Bangalore,391485,Jason Holder,Sunrisers Hyderabad,290630,Manish Pandey,325026,Glenn Maxwell,0,7.09
ipl20,101902,1254063,1st innings,0,4,136/7,0,0,116,19.2,0,0,0,False,,325026,Glenn Maxwell,Royal Challengers Bangalore,391485,Jason Holder,Sunrisers Hyderabad,,,390481,Harshal Patel,0,7.03
ipl20,101903,1254063,1st innings,0,3,138/7,0,0,117,19.3,2,0,0,False,,325026,Glenn Maxwell,Royal Challengers Bangalore,391485,Jason Holder,Sunrisers Hyderabad,,,390481,Harshal Patel,2,7.07
ipl20,101904,1254063,1st innings,0,3,139/7,0,0,117,19.3,1,1,1,False,,325026,Glenn Maxwell,Royal Challengers Bangalore,391485,Jason Holder,Sunrisers Hyderabad,,,390481,Harshal Patel,1,7.12
ipl20,101905,1254063,1st innings,0,2,145/7,0,0,118,19.4,6,0,0,False,,325026,Glenn Maxwell,Royal Challengers Bangalore,391485,Jason Holder,Sunrisers Hyderabad,,,390481,Harshal Patel,6,7.37
ipl20,101906,1254063,1st innings,0,2,146/7,0,0,118,19.4,1,1,1,False,,325026,Glenn Maxwell,Royal Challengers Bangalore,391485,Jason Holder,Sunrisers Hyderabad,,,390481,Harshal Patel,1,7.42
ipl20,101907,1254063,1st innings,0,1,148/7,0,0,119,19.5,2,0,0,False,,325026,Glenn Maxwell,Royal Challengers Bangalore,391485,Jason Holder,Sunrisers Hyderabad,,,390481,Harshal Patel,2,7.46
ipl20,101908,1254063,1st innings,0,1,149/7,0,0,119,19.5,1,1,1,False,,325026,Glenn Maxwell,Royal Challengers Bangalore,391485,Jason Holder,Sunrisers Hyderabad,,,390481,Harshal Patel,1,7.51
ipl20,101909,1254063,1st innings,0,0,149/8,0,8,120,19.6,0,0,0,True,caught,325026,Glenn Maxwell,Royal Challengers Bangalore,391485,Jason Holder,Sunrisers Hyderabad,279810,Wriddhiman Saha,390481,Harshal Patel,0,7.45
ipl20,200001,1254063,2nd innings,150,119,0,0/0,0,1,0.1,0,0,0,False,,279810,Wriddhiman Saha,Sunrisers Hyderabad,940973,Mohammed Siraj,Royal Challengers Bangalore,,,219889,David Warner,0,0.0
ipl20,200002,1254063,2nd innings,150,118,0,0/0,0,2,0.2,0,0,0,False,,279810,Wriddhiman Saha,Sunrisers Hyderabad,940973,Mohammed Siraj,Royal Challengers Bangalore,,,219889,David Warner,0,0.0
ipl20,200003,1254063,2nd innings,150,117,0,0/0,0,3,0.3,0,0,0,False,,279810,Wriddhiman Saha,Sunrisers Hyderabad,940973,Mohammed Siraj,Royal Challengers Bangalore,,,219889,David Warner,0,0.0
ipl20,200004,1254063,2nd innings,150,116,0,0/0,0,4,0.4,0,0,0,False,,279810,Wriddhiman Saha,Sunrisers Hyderabad,940973,Mohammed Siraj,Royal Challengers Bangalore,,,219889,David Warner,0,0.0
ipl20,200005,1254063,2nd innings,150,115,0,0/0,0,5,0.5,0,0,0,False,,279810,Wriddhiman Saha,Sunrisers Hyderabad,940973,Mohammed Siraj,Royal Challengers Bangalore,,,219889,David Warner,0,0.0
ipl20,200006,1254063,2nd innings,150,114,0,4/0,0,6,0.6,4,0,4,False,,279810,Wriddhiman Saha,Sunrisers Hyderabad,940973,Mohammed Siraj,Royal Challengers Bangalore,,,219889,David Warner,4,4.0
ipl20,200101,1254063,2nd innings,150,114,0,5/0,0,6,1.0,1,1,1,False,,219889,David Warner,Sunrisers Hyderabad,625960,Kyle Jamieson,Royal Challengers Bangalore,,,279810,Wriddhiman Saha,1,5.0
ipl20,200102,1254063,2nd innings,150,113,0,5/0,0,7,1.1,0,0,0,False,,219889,David Warner,Sunrisers Hyderabad,625960,Kyle Jamieson,Royal Challengers Bangalore,,,279810,Wriddhiman Saha,0,4.28
ipl20,200103,1254063,2nd innings,150,112,0,6/0,0,8,1.2,1,0,0,False,,219889,David Warner,Sunrisers Hyderabad,625960,Kyle Jamieson,Royal Challengers Bangalore,,,279810,Wriddhiman Saha,1,4.5
ipl20,200104,1254063,2nd innings,150,111,0,7/0,0,9,1.3,1,0,0,False,,279810,Wriddhiman Saha,Sunrisers Hyderabad,625960,Kyle Jamieson,Royal Challengers Bangalore,,,219889,David Warner,1,4.66
ipl20,200105,1254063,2nd innings,150,110,0,9/0,0,10,1.4,2,0,0,False,,219889,David Warner,Sunrisers Hyderabad,625960,Kyle Jamieson,Royal Challengers Bangalore,,,279810,Wriddhiman Saha,2,5.4
ipl20,200106,1254063,2nd innings,150,109,0,13/0,0,11,1.5,4,0,0,False,,219889,David Warner,Sunrisers Hyderabad,625960,Kyle Jamieson,Royal Challengers Bangalore,,,279810,Wriddhiman Saha,4,7.09
ipl20,200107,1254063,2nd innings,150,108,0,13/0,0,12,1.6,0,0,0,False,,219889,David Warner,Sunrisers Hyderabad,625960,Kyle Jamieson,Royal Challengers Bangalore,,,279810,Wriddhiman Saha,0,6.5
ipl20,200201,1254063,2nd innings,150,107,0,13/0,0,13,2.1,0,0,0,False,,279810,Wriddhiman Saha,Sunrisers Hyderabad,940973,Mohammed Siraj,Royal Challengers Bangalore,,,219889,David Warner,0,6.0
ipl20,200202,1254063,2nd innings,150,106,0,13/1,1,14,2.2,0,0,0,True,caught,279810,Wriddhiman Saha,Sunrisers Hyderabad,940973,Mohammed Siraj,Royal Challengers Bangalore,279810,Wriddhiman Saha,219889,David Warner,0,5.57
ipl20,200203,1254063,2nd innings,150,105,0,13/1,0,15,2.3,0,0,0,False,,290630,Manish Pandey,Sunrisers Hyderabad,940973,Mohammed Siraj,Royal Challengers Bangalore,,,219889,David Warner,0,5.2
ipl20,200204,1254063,2nd innings,150,104,0,13/1,0,16,2.4,0,0,0,False,,290630,Manish Pandey,Sunrisers Hyderabad,940973,Mohammed Siraj,Royal Challengers Bangalore,,,219889,David Warner,0,4.87
ipl20,200205,1254063,2nd innings,150,104,0,14/1,0,16,2.4,1,1,1,False,,290630,Manish Pandey,Sunrisers Hyderabad,940973,Mohammed Siraj,Royal Challengers Bangalore,,,219889,David Warner,1,5.25
ipl20,200206,1254063,2nd innings,150,103,0,14/1,0,17,2.5,0,0,0,False,,290630,Manish Pandey,Sunrisers Hyderabad,940973,Mohammed Siraj,Royal Challengers Bangalore,,,219889,David Warner,0,4.94
ipl20,200207,1254063,2nd innings,150,102,0,15/1,0,18,2.6,1,0,0,False,,290630,Manish Pandey,Sunrisers Hyderabad,940973,Mohammed Siraj,Royal Challengers Bangalore,,,219889,David Warner,1,5.0
ipl20,200301,1254063,2nd innings,150,101,0,15/1,0,19,3.1,0,0,0,False,,290630,Manish Pandey,Sunrisers Hyderabad,625960,Kyle Jamieson,Royal Challengers Bangalore,,,219889,David Warner,0,4.73
ipl20,200302,1254063,2nd innings,150,100,0,21/1,0,20,3.2,6,0,0,False,,290630,Manish Pandey,Sunrisers Hyderabad,625960,Kyle Jamieson,Royal Challengers Bangalore,,,219889,David Warner,6,6.3
ipl20,200303,1254063,2nd innings,150,99,0,22/1,0,21,3.3,1,0,0,False,,290630,Manish Pandey,Sunrisers Hyderabad,625960,Kyle Jamieson,Royal Challengers Bangalore,,,219889,David Warner,1,6.28
ipl20,200304,1254063,2nd innings,150,98,0,26/1,0,22,3.4,4,0,0,False,,219889,David Warner,Sunrisers Hyderabad,625960,Kyle Jamieson,Royal Challengers Bangalore,,,290630,Manish Pandey,4,7.09
ipl20,200305,1254063,2nd innings,150,97,0,26/1,0,23,3.5,0,0,0,False,,219889,David Warner,Sunrisers Hyderabad,625960,Kyle Jamieson,Royal Challengers Bangalore,,,290630,Manish Pandey,0,6.78
ipl20,200306,1254063,2nd innings,150,96,0,32/1,0,24,3.6,6,0,0,False,,219889,David Warner,Sunrisers Hyderabad,625960,Kyle Jamieson,Royal Challengers Bangalore,,,290630,Manish Pandey,6,8.0
ipl20,200401,1254063,2nd innings,150,95,0,32/1,0,25,4.1,0,0,0,False,,290630,Manish Pandey,Sunrisers Hyderabad,719715,Washington Sundar,Royal Challengers Bangalore,,,219889,David Warner,0,7.68
ipl20,200402,1254063,2nd innings,150,94,0,32/1,0,26,4.2,0,0,0,False,,290630,Manish Pandey,Sunrisers Hyderabad,719715,Washington Sundar,Royal Challengers Bangalore,,,219889,David Warner,0,7.38
ipl20,200403,1254063,2nd innings,150,93,0,32/1,0,27,4.3,0,0,0,False,,290630,Manish Pandey,Sunrisers Hyderabad,719715,Washington Sundar,Royal Challengers Bangalore,,,219889,David Warner,0,7.11
ipl20,200404,1254063,2nd innings,150,92,0,36/1,0,28,4.4,4,0,0,False,,290630,Manish Pandey,Sunrisers Hyderabad,719715,Washington Sundar,Royal Challengers Bangalore,,,219889,David Warner,4,7.71
ipl20,200405,1254063,2nd innings,150,92,0,37/1,0,28,4.4,1,1,1,False,,290630,Manish Pandey,Sunrisers Hyderabad,719715,Washington Sundar,Royal Challengers Bangalore,,,219889,David Warner,1,7.92
ipl20,200406,1254063,2nd innings,150,91,0,38/1,0,29,4.5,1,0,0,False,,290630,Manish Pandey,Sunrisers Hyderabad,719715,Washington Sundar,Royal Challengers Bangalore,,,219889,David Warner,1,7.86
ipl20,200407,1254063,2nd innings,150,90,0,38/1,0,30,4.6,0,0,0,False,,219889,David Warner,Sunrisers Hyderabad,719715,Washington Sundar,Royal Challengers Bangalore,,,290630,Manish Pandey,0,7.6
ipl20,200501,1254063,2nd innings,150,89,0,38/1,0,31,5.1,0,0,0,False,,290630,Manish Pandey,Sunrisers Hyderabad,940973,Mohammed Siraj,Royal Challengers Bangalore,,,219889,David Warner,0,7.35
ipl20,200502,1254063,2nd innings,150,88,0,39/1,0,32,5.2,1,0,0,False,,290630,Manish Pandey,Sunrisers Hyderabad,940973,Mohammed Siraj,Royal Challengers Bangalore,,,219889,David Warner,1,7.31
ipl20,200503,1254063,2nd innings,150,87,0,41/1,0,33,5.3,2,0,0,False,,219889,David Warner,Sunrisers Hyderabad,940973,Mohammed Siraj,Royal Challengers Bangalore,,,290630,Manish Pandey,2,7.45
ipl20,200504,1254063,2nd innings,150,86,0,45/1,0,34,5.4,4,0,0,False,,219889,David Warner,Sunrisers Hyderabad,940973,Mohammed Siraj,Royal Challengers Bangalore,,,290630,Manish Pandey,4,7.94
ipl20,200505,1254063,2nd innings,150,85,0,49/1,0,35,5.5,4,0,0,False,,219889,David Warner,Sunrisers Hyderabad,940973,Mohammed Siraj,Royal Challengers Bangalore,,,290630,Manish Pandey,4,8.4
ipl20,200506,1254063,2nd innings,150,84,0,50/1,0,36,5.6,1,0,0,False,,219889,David Warner,Sunrisers Hyderabad,940973,Mohammed Siraj,Royal Challengers Bangalore,,,290630,Manish Pandey,1,8.33
ipl20,200601,1254063,2nd innings,150,84,0,51/1,0,36,6.0,1,1,1,False,,219889,David Warner,Sunrisers Hyderabad,430246,Yuzvendra Chahal,Royal Challengers Bangalore,,,290630,Manish Pandey,1,8.5
ipl20,200602,1254063,2nd innings,150,83,0,52/1,0,37,6.1,1,0,0,False,,219889,David Warner,Sunrisers Hyderabad,430246,Yuzvendra Chahal,Royal Challengers Bangalore,,,290630,Manish Pandey,1,8.43
ipl20,200603,1254063,2nd innings,150,82,0,56/1,0,38,6.2,4,0,0,False,,290630,Manish Pandey,Sunrisers Hyderabad,430246,Yuzvendra Chahal,Royal Challengers Bangalore,,,219889,David Warner,4,8.84
ipl20,200604,1254063,2nd innings,150,81,0,56/1,0,39,6.3,0,0,0,False,,290630,Manish Pandey,Sunrisers Hyderabad,430246,Yuzvendra Chahal,Royal Challengers Bangalore,,,219889,David Warner,0,8.61
ipl20,200605,1254063,2nd innings,150,80,0,57/1,0,40,6.4,1,0,0,False,,290630,Manish Pandey,Sunrisers Hyderabad,430246,Yuzvendra Chahal,Royal Challengers Bangalore,,,219889,David Warner,1,8.55
ipl20,200606,1254063,2nd innings,150,79,0,57/1,0,41,6.5,0,0,0,False,,219889,David Warner,Sunrisers Hyderabad,430246,Yuzvendra Chahal,Royal Challengers Bangalore,,,290630,Manish Pandey,0,8.34
ipl20,200607,1254063,2nd innings,150,78,0,57/1,0,42,6.6,0,0,0,False,,219889,David Warner,Sunrisers Hyderabad,430246,Yuzvendra Chahal,Royal Challengers Bangalore,,,290630,Manish Pandey,0,8.14
ipl20,200701,1254063,2nd innings,150,77,0,58/1,0,43,7.1,1,0,0,False,,290630,Manish Pandey,Sunrisers Hyderabad,719715,Washington Sundar,Royal Challengers Bangalore,,,219889,David Warner,1,8.09
ipl20,200702,1254063,2nd innings,150,76,0,59/1,0,44,7.2,1,0,0,False,,219889,David Warner,Sunrisers Hyderabad,719715,Washington Sundar,Royal Challengers Bangalore,,,290630,Manish Pandey,1,8.04
ipl20,200703,1254063,2nd innings,150,75,0,59/1,0,45,7.3,0,0,0,False,,290630,Manish Pandey,Sunrisers Hyderabad,719715,Washington Sundar,Royal Challengers Bangalore,,,219889,David Warner,0,7.86
ipl20,200704,1254063,2nd innings,150,74,0,65/1,0,46,7.4,6,0,0,False,,290630,Manish Pandey,Sunrisers Hyderabad,719715,Washington Sundar,Royal Challengers Bangalore,,,219889,David Warner,6,8.47
ipl20,200705,1254063,2nd innings,150,73,0,65/1,0,47,7.5,0,0,0,False,,290630,Manish Pandey,Sunrisers Hyderabad,719715,Washington Sundar,Royal Challengers Bangalore,,,219889,David Warner,0,8.29
ipl20,200706,1254063,2nd innings,150,72,0,65/1,0,48,7.6,0,0,0,False,,290630,Manish Pandey,Sunrisers Hyderabad,719715,Washington Sundar,Royal Challengers Bangalore,,,219889,David Warner,0,8.12
ipl20,200801,1254063,2nd innings,150,71,0,66/1,0,49,8.1,1,0,0,False,,219889,David Warner,Sunrisers Hyderabad,430246,Yuzvendra Chahal,Royal Challengers Bangalore,,,290630,Manish Pandey,1,8.08
ipl20,200802,1254063,2nd innings,150,70,0,67/1,0,50,8.2,1,0,0,False,,290630,Manish Pandey,Sunrisers Hyderabad,430246,Yuzvendra Chahal,Royal Challengers Bangalore,,,219889,David Warner,1,8.04
ipl20,200803,1254063,2nd innings,150,69,0,68/1,0,51,8.3,1,0,0,False,,219889,David Warner,Sunrisers Hyderabad,430246,Yuzvendra Chahal,Royal Challengers Bangalore,,,290630,Manish Pandey,1,8.0
ipl20,200804,1254063,2nd innings,150,68,0,70/1,0,52,8.4,2,0,0,False,,290630,Manish Pandey,Sunrisers Hyderabad,430246,Yuzvendra Chahal,Royal Challengers Bangalore,,,219889,David Warner,2,8.07
ipl20,200805,1254063,2nd innings,150,67,0,70/1,0,53,8.5,0,0,0,False,,290630,Manish Pandey,Sunrisers Hyderabad,430246,Yuzvendra Chahal,Royal Challengers Bangalore,,,219889,David Warner,0,7.92
ipl20,200806,1254063,2nd innings,150,66,0,70/1,0,54,8.6,0,0,0,False,,290630,Manish Pandey,Sunrisers Hyderabad,430246,Yuzvendra Chahal,Royal Challengers Bangalore,,,219889,David Warner,0,7.77
ipl20,200901,1254063,2nd innings,150,65,0,74/1,0,55,9.1,4,0,0,False,,219889,David Warner,Sunrisers Hyderabad,390481,Harshal Patel,Royal Challengers Bangalore,,,290630,Manish Pandey,4,8.07
ipl20,200902,1254063,2nd innings,150,64,0,75/1,0,56,9.2,1,0,0,False,,219889,David Warner,Sunrisers Hyderabad,390481,Harshal Patel,Royal Challengers Bangalore,,,290630,Manish Pandey,1,8.03
ipl20,200903,1254063,2nd innings,150,63,0,76/1,0,57,9.3,1,0,0,False,,290630,Manish Pandey,Sunrisers Hyderabad,390481,Harshal Patel,Royal Challengers Bangalore,,,219889,David Warner,1,8.0
ipl20,200904,1254063,2nd innings,150,62,0,76/1,0,58,9.4,0,0,0,False,,219889,David Warner,Sunrisers Hyderabad,390481,Harshal Patel,Royal Challengers Bangalore,,,290630,Manish Pandey,0,7.86
ipl20,200905,1254063,2nd innings,150,61,0,76/1,0,59,9.5,0,0,0,False,,219889,David Warner,Sunrisers Hyderabad,390481,Harshal Patel,Royal Challengers Bangalore,,,290630,Manish Pandey,0,7.72
ipl20,200906,1254063,2nd innings,150,60,0,77/1,0,60,9.6,1,0,0,False,,219889,David Warner,Sunrisers Hyderabad,390481,Harshal Patel,Royal Challengers Bangalore,,,290630,Manish Pandey,1,7.7
ipl20,201001,1254063,2nd innings,150,59,0,81/1,0,61,10.1,4,0,0,False,,219889,David Warner,Sunrisers Hyderabad,430246,Yuzvendra Chahal,Royal Challengers Bangalore,,,290630,Manish Pandey,4,7.96
ipl20,201002,1254063,2nd innings,150,58,0,81/1,0,62,10.2,0,0,0,False,,219889,David Warner,Sunrisers Hyderabad,430246,Yuzvendra Chahal,Royal Challengers Bangalore,,,290630,Manish Pandey,0,7.83
ipl20,201003,1254063,2nd innings,150,57,0,85/1,0,63,10.3,4,0,0,False,,219889,David Warner,Sunrisers Hyderabad,430246,Yuzvendra Chahal,Royal Challengers Bangalore,,,290630,Manish Pandey,4,8.09
ipl20,201004,1254063,2nd innings,150,56,0,86/1,0,64,10.4,1,0,0,False,,219889,David Warner,Sunrisers Hyderabad,430246,Yuzvendra Chahal,Royal Challengers Bangalore,,,290630,Manish Pandey,1,8.06
ipl20,201005,1254063,2nd innings,150,55,0,87/1,0,65,10.5,1,0,0,False,,290630,Manish Pandey,Sunrisers Hyderabad,430246,Yuzvendra Chahal,Royal Challengers Bangalore,,,219889,David Warner,1,8.03
ipl20,201006,1254063,2nd innings,150,54,0,87/1,0,66,10.6,0,0,0,False,,219889,David Warner,Sunrisers Hyderabad,430246,Yuzvendra Chahal,Royal Challengers Bangalore,,,290630,Manish Pandey,0,7.9
ipl20,201101,1254063,2nd innings,150,53,0,87/1,0,67,11.1,0,0,0,False,,290630,Manish Pandey,Sunrisers Hyderabad,390481,Harshal Patel,Royal Challengers Bangalore,,,219889,David Warner,0,7.79
ipl20,201102,1254063,2nd innings,150,52,0,87/1,0,68,11.2,0,0,0,False,,290630,Manish Pandey,Sunrisers Hyderabad,390481,Harshal Patel,Royal Challengers Bangalore,,,219889,David Warner,0,7.67
ipl20,201103,1254063,2nd innings,150,51,0,87/1,0,69,11.3,0,0,0,False,,290630,Manish Pandey,Sunrisers Hyderabad,390481,Harshal Patel,Royal Challengers Bangalore,,,219889,David Warner,0,7.56
ipl20,201104,1254063,2nd innings,150,50,0,87/1,0,70,11.4,0,0,0,False,,290630,Manish Pandey,Sunrisers Hyderabad,390481,Harshal Patel,Royal Challengers Bangalore,,,219889,David Warner,0,7.45
ipl20,201105,1254063,2nd innings,150,49,0,88/1,0,71,11.5,1,0,0,False,,290630,Manish Pandey,Sunrisers Hyderabad,390481,Harshal Patel,Royal Challengers Bangalore,,,219889,David Warner,1,7.43
ipl20,201106,1254063,2nd innings,150,48,0,89/1,0,72,11.6,1,0,0,False,,219889,David Warner,Sunrisers Hyderabad,390481,Harshal Patel,Royal Challengers Bangalore,,,290630,Manish Pandey,1,7.41
ipl20,201201,1254063,2nd innings,150,47,0,91/1,0,73,12.1,2,0,0,False,,219889,David Warner,Sunrisers Hyderabad,4864,Dan Christian,Royal Challengers Bangalore,,,290630,Manish Pandey,2,7.47
ipl20,201202,1254063,2nd innings,150,46,0,93/1,0,74,12.2,2,0,0,False,,219889,David Warner,Sunrisers Hyderabad,4864,Dan Christian,Royal Challengers Bangalore,,,290630,Manish Pandey,2,7.54
ipl20,201203,1254063,2nd innings,150,45,0,94/1,0,75,12.3,1,0,0,False,,219889,David Warner,Sunrisers Hyderabad,4864,Dan Christian,Royal Challengers Bangalore,,,290630,Manish Pandey,1,7.52
ipl20,201204,1254063,2nd innings,150,44,0,95/1,0,76,12.4,1,0,0,False,,290630,Manish Pandey,Sunrisers Hyderabad,4864,Dan Christian,Royal Challengers Bangalore,,,219889,David Warner,1,7.5
ipl20,201205,1254063,2nd innings,150,43,0,95/1,0,77,12.5,0,0,0,False,,219889,David Warner,Sunrisers Hyderabad,4864,Dan Christian,Royal Challengers Bangalore,,,290630,Manish Pandey,0,7.4
ipl20,201206,1254063,2nd innings,150,42,0,96/1,0,78,12.6,1,0,0,False,,219889,David Warner,Sunrisers Hyderabad,4864,Dan Christian,Royal Challengers Bangalore,,,290630,Manish Pandey,1,7.38
ipl20,201301,1254063,2nd innings,150,41,0,96/1,0,79,13.1,0,0,0,False,,219889,David Warner,Sunrisers Hyderabad,625960,Kyle Jamieson,Royal Challengers Bangalore,,,290630,Manish Pandey,0,7.29
ipl20,201302,1254063,2nd innings,150,40,0,96/2,2,80,13.2,0,0,0,True,caught,219889,David Warner,Sunrisers Hyderabad,625960,Kyle Jamieson,Royal Challengers Bangalore,4864,Dan Christian,290630,Manish Pandey,0,7.2
ipl20,201303,1254063,2nd innings,150,39,0,98/2,0,81,13.3,2,0,2,False,,297433,Jonny Bairstow,Sunrisers Hyderabad,625960,Kyle Jamieson,Royal Challengers Bangalore,,,290630,Manish Pandey,2,7.25
ipl20,201304,1254063,2nd innings,150,38,0,98/2,0,82,13.4,0,0,0,False,,297433,Jonny Bairstow,Sunrisers Hyderabad,625960,Kyle Jamieson,Royal Challengers Bangalore,,,290630,Manish Pandey,0,7.17
ipl20,201305,1254063,2nd innings,150,37,0,98/2,0,83,13.5,0,0,0,False,,297433,Jonny Bairstow,Sunrisers Hyderabad,625960,Kyle Jamieson,Royal Challengers Bangalore,,,290630,Manish Pandey,0,7.08
ipl20,201306,1254063,2nd innings,150,36,0,102/2,0,84,13.6,4,0,0,False,,297433,Jonny Bairstow,Sunrisers Hyderabad,625960,Kyle Jamieson,Royal Challengers Bangalore,,,290630,Manish Pandey,4,7.28
ipl20,201401,1254063,2nd innings,150,35,0,103/2,0,85,14.1,1,0,0,False,,290630,Manish Pandey,Sunrisers Hyderabad,1159711,Shahbaz Ahmed,Royal Challengers Bangalore,,,297433,Jonny Bairstow,1,7.27
ipl20,201402,1254063,2nd innings,150,34,0,103/2,0,86,14.2,0,0,0,False,,297433,Jonny Bairstow,Sunrisers Hyderabad,1159711,Shahbaz Ahmed,Royal Challengers Bangalore,,,290630,Manish Pandey,0,7.18
ipl20,201403,1254063,2nd innings,150,33,0,104/2,0,87,14.3,1,0,0,False,,297433,Jonny Bairstow,Sunrisers Hyderabad,1159711,Shahbaz Ahmed,Royal Challengers Bangalore,,,290630,Manish Pandey,1,7.17
ipl20,201404,1254063,2nd innings,150,32,0,106/2,0,88,14.4,2,0,0,False,,290630,Manish Pandey,Sunrisers Hyderabad,1159711,Shahbaz Ahmed,Royal Challengers Bangalore,,,297433,Jonny Bairstow,2,7.22
ipl20,201405,1254063,2nd innings,150,31,0,107/2,0,89,14.5,1,0,0,False,,290630,Manish Pandey,Sunrisers Hyderabad,1159711,Shahbaz Ahmed,Royal Challengers Bangalore,,,297433,Jonny Bairstow,1,7.21
ipl20,201406,1254063,2nd innings,150,30,0,108/2,0,90,14.6,1,0,0,False,,297433,Jonny Bairstow,Sunrisers Hyderabad,1159711,Shahbaz Ahmed,Royal Challengers Bangalore,,,290630,Manish Pandey,1,7.2
ipl20,201501,1254063,2nd innings,150,29,0,108/2,0,91,15.1,0,0,0,False,,297433,Jonny Bairstow,Sunrisers Hyderabad,430246,Yuzvendra Chahal,Royal Challengers Bangalore,,,290630,Manish Pandey,0,7.12
ipl20,201502,1254063,2nd innings,150,28,0,111/2,0,92,15.2,3,0,0,False,,297433,Jonny Bairstow,Sunrisers Hyderabad,430246,Yuzvendra Chahal,Royal Challengers Bangalore,,,290630,Manish Pandey,3,7.23
ipl20,201503,1254063,2nd innings,150,27,0,112/2,0,93,15.3,1,0,0,False,,290630,Manish Pandey,Sunrisers Hyderabad,430246,Yuzvendra Chahal,Royal Challengers Bangalore,,,297433,Jonny Bairstow,1,7.22
ipl20,201504,1254063,2nd innings,150,26,0,112/2,0,94,15.4,0,0,0,False,,297433,Jonny Bairstow,Sunrisers Hyderabad,430246,Yuzvendra Chahal,Royal Challengers Bangalore,,,290630,Manish Pandey,0,7.14
ipl20,201505,1254063,2nd innings,150,25,0,114/2,0,95,15.5,2,0,0,False,,297433,Jonny Bairstow,Sunrisers Hyderabad,430246,Yuzvendra Chahal,Royal Challengers Bangalore,,,290630,Manish Pandey,2,7.2
ipl20,201506,1254063,2nd innings,150,24,0,115/2,0,96,15.6,1,0,0,False,,297433,Jonny Bairstow,Sunrisers Hyderabad,430246,Yuzvendra Chahal,Royal Challengers Bangalore,,,290630,Manish Pandey,1,7.18
ipl20,201601,1254063,2nd innings,150,23,0,115/3,3,97,16.1,0,0,0,True,caught,297433,Jonny Bairstow,Sunrisers Hyderabad,1159711,Shahbaz Ahmed,Royal Challengers Bangalore,1159711,Shahbaz Ahmed,290630,Manish Pandey,0,7.11
ipl20,201602,1254063,2nd innings,150,22,0,115/4,4,98,16.2,0,0,0,True,caught,290630,Manish Pandey,Sunrisers Hyderabad,1159711,Shahbaz Ahmed,Royal Challengers Bangalore,1159711,Shahbaz Ahmed,1175485,Abdul Samad,0,7.04
ipl20,201603,1254063,2nd innings,150,21,0,115/4,0,99,16.3,0,0,0,False,,477021,Vijay Shankar,Sunrisers Hyderabad,1159711,Shahbaz Ahmed,Royal Challengers Bangalore,,,1175485,Abdul Samad,0,6.96
ipl20,201604,1254063,2nd innings,150,20,0,116/4,0,100,16.4,1,0,0,False,,477021,Vijay Shankar,Sunrisers Hyderabad,1159711,Shahbaz Ahmed,Royal Challengers Bangalore,,,1175485,Abdul Samad,1,6.96
ipl20,201605,1254063,2nd innings,150,19,0,116/4,0,101,16.5,0,0,0,False,,1175485,Abdul Samad,Sunrisers Hyderabad,1159711,Shahbaz Ahmed,Royal Challengers Bangalore,,,477021,Vijay Shankar,0,6.89
ipl20,201606,1254063,2nd innings,150,18,0,116/5,5,102,16.6,0,0,0,True,caught,1175485,Abdul Samad,Sunrisers Hyderabad,1159711,Shahbaz Ahmed,Royal Challengers Bangalore,1159711,Shahbaz Ahmed,477021,Vijay Shankar,0,6.82
ipl20,201701,1254063,2nd innings,150,17,0,117/5,0,103,17.1,1,0,0,False,,477021,Vijay Shankar,Sunrisers Hyderabad,390481,Harshal Patel,Royal Challengers Bangalore,,,391485,Jason Holder,1,6.81
ipl20,201702,1254063,2nd innings,150,16,0,118/5,0,104,17.2,1,0,0,False,,391485,Jason Holder,Sunrisers Hyderabad,390481,Harshal Patel,Royal Challengers Bangalore,,,477021,Vijay Shankar,1,6.8
ipl20,201703,1254063,2nd innings,150,15,0,119/5,0,105,17.3,1,0,0,False,,477021,Vijay Shankar,Sunrisers Hyderabad,390481,Harshal Patel,Royal Challengers Bangalore,,,391485,Jason Holder,1,6.8
ipl20,201704,1254063,2nd innings,150,15,0,120/5,0,105,17.3,1,1,1,False,,391485,Jason Holder,Sunrisers Hyderabad,390481,Harshal Patel,Royal Challengers Bangalore,,,477021,Vijay Shankar,1,6.85
ipl20,201705,1254063,2nd innings,150,14,0,122/5,0,106,17.4,2,0,0,False,,391485,Jason Holder,Sunrisers Hyderabad,390481,Harshal Patel,Royal Challengers Bangalore,,,477021,Vijay Shankar,2,6.9
ipl20,201706,1254063,2nd innings,150,13,0,123/5,0,107,17.5,1,0,0,False,,391485,Jason Holder,Sunrisers Hyderabad,390481,Harshal Patel,Royal Challengers Bangalore,,,477021,Vijay Shankar,1,6.89
ipl20,201707,1254063,2nd innings,150,12,0,123/6,6,108,17.6,0,0,0,True,caught,477021,Vijay Shankar,Sunrisers Hyderabad,390481,Harshal Patel,Royal Challengers Bangalore,253802,Virat Kohli,391485,Jason Holder,0,6.83
ipl20,201801,1254063,2nd innings,150,11,0,129/6,0,109,18.1,6,0,0,False,,793463,Rashid Khan,Sunrisers Hyderabad,940973,Mohammed Siraj,Royal Challengers Bangalore,,,391485,Jason Holder,6,7.1
ipl20,201802,1254063,2nd innings,150,10,0,130/6,0,110,18.2,1,0,0,False,,793463,Rashid Khan,Sunrisers Hyderabad,940973,Mohammed Siraj,Royal Challengers Bangalore,,,391485,Jason Holder,1,7.09
ipl20,201803,1254063,2nd innings,150,9,0,130/7,7,111,18.3,0,0,0,True,caught,391485,Jason Holder,Sunrisers Hyderabad,940973,Mohammed Siraj,Royal Challengers Bangalore,4864,Dan Christian,793463,Rashid Khan,0,7.02
ipl20,201804,1254063,2nd innings,150,8,0,132/7,0,112,18.4,2,0,0,False,,793463,Rashid Khan,Sunrisers Hyderabad,940973,Mohammed Siraj,Royal Challengers Bangalore,,,326016,Bhuvneshwar Kumar,2,7.07
ipl20,201805,1254063,2nd innings,150,7,0,134/7,0,113,18.5,2,0,0,False,,793463,Rashid Khan,Sunrisers Hyderabad,940973,Mohammed Siraj,Royal Challengers Bangalore,,,326016,Bhuvneshwar Kumar,2,7.11
ipl20,201806,1254063,2nd innings,150,6,0,134/7,0,114,18.6,0,0,0,False,,793463,Rashid Khan,Sunrisers Hyderabad,940973,Mohammed Siraj,Royal Challengers Bangalore,,,326016,Bhuvneshwar Kumar,0,7.05
ipl20,201901,1254063,2nd innings,150,5,0,135/7,0,115,19.1,1,0,0,False,,326016,Bhuvneshwar Kumar,Sunrisers Hyderabad,390481,Harshal Patel,Royal Challengers Bangalore,,,793463,Rashid Khan,1,7.04
ipl20,201902,1254063,2nd innings,150,4,0,137/7,0,116,19.2,2,0,0,False,,793463,Rashid Khan,Sunrisers Hyderabad,390481,Harshal Patel,Royal Challengers Bangalore,,,326016,Bhuvneshwar Kumar,2,7.08
ipl20,201903,1254063,2nd innings,150,4,0,142/7,0,116,19.2,5,1,1,False,,793463,Rashid Khan,Sunrisers Hyderabad,390481,Harshal Patel,Royal Challengers Bangalore,,,326016,Bhuvneshwar Kumar,5,7.34
ipl20,201904,1254063,2nd innings,150,3,0,142/7,0,117,19.3,0,0,0,False,,793463,Rashid Khan,Sunrisers Hyderabad,390481,Harshal Patel,Royal Challengers Bangalore,,,326016,Bhuvneshwar Kumar,0,7.28
ipl20,201905,1254063,2nd innings,150,2,0,142/8,8,118,19.4,0,0,0,True,run out,793463,Rashid Khan,Sunrisers Hyderabad,390481,Harshal Patel,Royal Challengers Bangalore,390481,Harshal Patel,326016,Bhuvneshwar Kumar,0,7.22
ipl20,201906,1254063,2nd innings,150,1,0,142/9,9,119,19.5,0,0,0,True,caught,31872,Shahbaz Nadeem,Sunrisers Hyderabad,390481,Harshal Patel,Royal Challengers Bangalore,1159711,Shahbaz Ahmed,326016,Bhuvneshwar Kumar,0,7.15
ipl20,201907,1254063,2nd innings,150,0,0,143/9,0,120,19.6,1,0,0,False,,326016,Bhuvneshwar Kumar,Sunrisers Hyderabad,390481,Harshal Patel,Royal Challengers Bangalore,,,802575,T Natarajan,1,7.15
