ipl_season,sequence,eventid,innings,target,remainingballs,homescore,awayscore,fallofwickets,ball,over,scorevalue,validball,extras,dismissal,dismissaltype,batsmanid,batsman,batsmanteam,bowlerid,bowler,bowlerteam,otherathleteinvolvedid,otherathleteinvolved,nonstrikerid,nonstriker,runs,runrate
ipl20,100001,1254078,1st innings,0,119,0/0,0,0,1,0.1,0,0,0,False,,422108,KL Rahul,Punjab Kings,1079848,Shivam Mavi,Kolkata Knight Riders,,,398438,Mayank Agarwal,0,0.0
ipl20,100002,1254078,1st innings,0,118,1/0,0,0,2,0.2,1,0,0,False,,422108,KL Rahul,Punjab Kings,1079848,Shivam Mavi,Kolkata Knight Riders,,,398438,Mayank Agarwal,1,3.0
ipl20,100003,1254078,1st innings,0,117,1/0,0,0,3,0.3,0,0,0,False,,398438,Mayank Agarwal,Punjab Kings,1079848,Shivam Mavi,Kolkata Knight Riders,,,422108,KL Rahul,0,2.0
ipl20,100004,1254078,1st innings,0,116,2/0,0,0,4,0.4,1,0,0,False,,398438,Mayank Agarwal,Punjab Kings,1079848,Shivam Mavi,Kolkata Knight Riders,,,422108,KL Rahul,1,3.0
ipl20,100005,1254078,1st innings,0,115,2/0,0,0,5,0.5,0,0,0,False,,422108,KL Rahul,Punjab Kings,1079848,Shivam Mavi,Kolkata Knight Riders,,,398438,Mayank Agarwal,0,2.4
ipl20,100006,1254078,1st innings,0,114,2/0,0,0,6,0.6,0,0,0,False,,422108,KL Rahul,Punjab Kings,1079848,Shivam Mavi,Kolkata Knight Riders,,,398438,Mayank Agarwal,0,2.0
ipl20,100101,1254078,1st innings,0,114,3/0,0,0,6,1.0,1,1,1,False,,398438,Mayank Agarwal,Punjab Kings,489889,Pat Cummins,Kolkata Knight Riders,,,422108,KL Rahul,1,3.0
ipl20,100102,1254078,1st innings,0,113,9/0,0,0,7,1.1,6,0,0,False,,398438,Mayank Agarwal,Punjab Kings,489889,Pat Cummins,Kolkata Knight Riders,,,422108,KL Rahul,6,7.71
ipl20,100103,1254078,1st innings,0,112,9/0,0,0,8,1.2,0,0,0,False,,398438,Mayank Agarwal,Punjab Kings,489889,Pat Cummins,Kolkata Knight Riders,,,422108,KL Rahul,0,6.75
ipl20,100104,1254078,1st innings,0,111,10/0,0,0,9,1.3,1,0,0,False,,398438,Mayank Agarwal,Punjab Kings,489889,Pat Cummins,Kolkata Knight Riders,,,422108,KL Rahul,1,6.66
ipl20,100105,1254078,1st innings,0,110,10/0,0,0,10,1.4,0,0,0,False,,422108,KL Rahul,Punjab Kings,489889,Pat Cummins,Kolkata Knight Riders,,,398438,Mayank Agarwal,0,6.0
ipl20,100106,1254078,1st innings,0,109,10/0,0,0,11,1.5,0,0,0,False,,422108,KL Rahul,Punjab Kings,489889,Pat Cummins,Kolkata Knight Riders,,,398438,Mayank Agarwal,0,5.45
ipl20,100107,1254078,1st innings,0,108,14/0,0,0,12,1.6,4,0,0,False,,422108,KL Rahul,Punjab Kings,489889,Pat Cummins,Kolkata Knight Riders,,,398438,Mayank Agarwal,4,7.0
ipl20,100201,1254078,1st innings,0,107,18/0,0,0,13,2.1,4,0,0,False,,398438,Mayank Agarwal,Punjab Kings,1079848,Shivam Mavi,Kolkata Knight Riders,,,422108,KL Rahul,4,8.3
ipl20,100202,1254078,1st innings,0,106,18/0,0,0,14,2.2,0,0,0,False,,398438,Mayank Agarwal,Punjab Kings,1079848,Shivam Mavi,Kolkata Knight Riders,,,422108,KL Rahul,0,7.71
ipl20,100203,1254078,1st innings,0,105,19/0,0,0,15,2.3,1,0,1,False,,398438,Mayank Agarwal,Punjab Kings,1079848,Shivam Mavi,Kolkata Knight Riders,,,422108,KL Rahul,1,7.6
ipl20,100204,1254078,1st innings,0,104,20/0,0,0,16,2.4,1,0,0,False,,422108,KL Rahul,Punjab Kings,1079848,Shivam Mavi,Kolkata Knight Riders,,,398438,Mayank Agarwal,1,7.5
ipl20,100205,1254078,1st innings,0,103,20/0,0,0,17,2.5,0,0,0,False,,398438,Mayank Agarwal,Punjab Kings,1079848,Shivam Mavi,Kolkata Knight Riders,,,422108,KL Rahul,0,7.05
ipl20,100206,1254078,1st innings,0,102,20/0,0,0,18,2.6,0,0,0,False,,398438,Mayank Agarwal,Punjab Kings,1079848,Shivam Mavi,Kolkata Knight Riders,,,422108,KL Rahul,0,6.66
ipl20,100301,1254078,1st innings,0,101,24/0,0,0,19,3.1,4,0,0,False,,422108,KL Rahul,Punjab Kings,230558,Sunil Narine,Kolkata Knight Riders,,,398438,Mayank Agarwal,4,7.57
ipl20,100302,1254078,1st innings,0,100,24/0,0,0,20,3.2,0,0,0,False,,422108,KL Rahul,Punjab Kings,230558,Sunil Narine,Kolkata Knight Riders,,,398438,Mayank Agarwal,0,7.2
ipl20,100303,1254078,1st innings,0,99,25/0,0,0,21,3.3,1,0,0,False,,422108,KL Rahul,Punjab Kings,230558,Sunil Narine,Kolkata Knight Riders,,,398438,Mayank Agarwal,1,7.14
ipl20,100304,1254078,1st innings,0,98,26/0,0,0,22,3.4,1,0,0,False,,398438,Mayank Agarwal,Punjab Kings,230558,Sunil Narine,Kolkata Knight Riders,,,422108,KL Rahul,1,7.09
ipl20,100305,1254078,1st innings,0,97,26/0,0,0,23,3.5,0,0,0,False,,422108,KL Rahul,Punjab Kings,230558,Sunil Narine,Kolkata Knight Riders,,,398438,Mayank Agarwal,0,6.78
ipl20,100306,1254078,1st innings,0,96,27/0,0,0,24,3.6,1,0,0,False,,422108,KL Rahul,Punjab Kings,230558,Sunil Narine,Kolkata Knight Riders,,,398438,Mayank Agarwal,1,6.75
ipl20,100401,1254078,1st innings,0,95,28/0,0,0,25,4.1,1,0,0,False,,422108,KL Rahul,Punjab Kings,1079848,Shivam Mavi,Kolkata Knight Riders,,,398438,Mayank Agarwal,1,6.72
ipl20,100402,1254078,1st innings,0,94,29/0,0,0,26,4.2,1,0,0,False,,398438,Mayank Agarwal,Punjab Kings,1079848,Shivam Mavi,Kolkata Knight Riders,,,422108,KL Rahul,1,6.69
ipl20,100403,1254078,1st innings,0,93,29/0,0,0,27,4.3,0,0,0,False,,422108,KL Rahul,Punjab Kings,1079848,Shivam Mavi,Kolkata Knight Riders,,,398438,Mayank Agarwal,0,6.44
ipl20,100404,1254078,1st innings,0,92,29/0,0,0,28,4.4,0,0,0,False,,422108,KL Rahul,Punjab Kings,1079848,Shivam Mavi,Kolkata Knight Riders,,,398438,Mayank Agarwal,0,6.21
ipl20,100405,1254078,1st innings,0,91,29/0,0,0,29,4.5,0,0,0,False,,422108,KL Rahul,Punjab Kings,1079848,Shivam Mavi,Kolkata Knight Riders,,,398438,Mayank Agarwal,0,6.0
ipl20,100406,1254078,1st innings,0,90,29/0,0,0,30,4.6,0,0,0,False,,422108,KL Rahul,Punjab Kings,1079848,Shivam Mavi,Kolkata Knight Riders,,,398438,Mayank Agarwal,0,5.8
ipl20,100501,1254078,1st innings,0,89,29/0,0,0,31,5.1,0,0,0,False,,398438,Mayank Agarwal,Punjab Kings,489889,Pat Cummins,Kolkata Knight Riders,,,422108,KL Rahul,0,5.61
ipl20,100502,1254078,1st innings,0,88,30/0,0,0,32,5.2,1,0,0,False,,398438,Mayank Agarwal,Punjab Kings,489889,Pat Cummins,Kolkata Knight Riders,,,422108,KL Rahul,1,5.62
ipl20,100503,1254078,1st innings,0,87,36/0,0,0,33,5.3,6,0,0,False,,422108,KL Rahul,Punjab Kings,489889,Pat Cummins,Kolkata Knight Riders,,,398438,Mayank Agarwal,6,6.54
ipl20,100504,1254078,1st innings,0,86,36/1,0,1,34,5.4,0,0,0,True,caught,422108,KL Rahul,Punjab Kings,489889,Pat Cummins,Kolkata Knight Riders,230558,Sunil Narine,398438,Mayank Agarwal,0,6.35
ipl20,100505,1254078,1st innings,0,85,36/1,0,0,35,5.5,0,0,0,False,,398438,Mayank Agarwal,Punjab Kings,489889,Pat Cummins,Kolkata Knight Riders,,,51880,Chris Gayle,0,6.17
ipl20,100506,1254078,1st innings,0,84,37/1,0,0,36,5.6,1,0,0,False,,398438,Mayank Agarwal,Punjab Kings,489889,Pat Cummins,Kolkata Knight Riders,,,51880,Chris Gayle,1,6.16
ipl20,100601,1254078,1st innings,0,83,37/1,0,0,37,6.1,0,0,0,False,,398438,Mayank Agarwal,Punjab Kings,1079848,Shivam Mavi,Kolkata Knight Riders,,,51880,Chris Gayle,0,6.0
ipl20,100602,1254078,1st innings,0,82,38/1,0,0,38,6.2,1,0,0,False,,398438,Mayank Agarwal,Punjab Kings,1079848,Shivam Mavi,Kolkata Knight Riders,,,51880,Chris Gayle,1,6.0
ipl20,100603,1254078,1st innings,0,81,38/2,0,2,39,6.3,0,0,0,True,caught,51880,Chris Gayle,Punjab Kings,1079848,Shivam Mavi,Kolkata Knight Riders,51880,Chris Gayle,398438,Mayank Agarwal,0,5.84
ipl20,100604,1254078,1st innings,0,81,39/2,0,0,39,6.3,1,1,1,False,,497121,Deepak Hooda,Punjab Kings,1079848,Shivam Mavi,Kolkata Knight Riders,,,398438,Mayank Agarwal,1,6.0
ipl20,100605,1254078,1st innings,0,80,39/2,0,0,40,6.4,0,0,0,False,,497121,Deepak Hooda,Punjab Kings,1079848,Shivam Mavi,Kolkata Knight Riders,,,398438,Mayank Agarwal,0,5.85
ipl20,100606,1254078,1st innings,0,79,40/2,0,0,41,6.5,1,0,0,False,,497121,Deepak Hooda,Punjab Kings,1079848,Shivam Mavi,Kolkata Knight Riders,,,398438,Mayank Agarwal,1,5.85
ipl20,100607,1254078,1st innings,0,78,41/2,0,0,42,6.6,1,0,0,False,,398438,Mayank Agarwal,Punjab Kings,1079848,Shivam Mavi,Kolkata Knight Riders,,,497121,Deepak Hooda,1,5.85
ipl20,100701,1254078,1st innings,0,77,41/2,0,0,43,7.1,0,0,0,False,,398438,Mayank Agarwal,Punjab Kings,917159,Prasidh Krishna,Kolkata Knight Riders,,,497121,Deepak Hooda,0,5.72
ipl20,100702,1254078,1st innings,0,76,42/2,0,0,44,7.2,1,0,0,False,,398438,Mayank Agarwal,Punjab Kings,917159,Prasidh Krishna,Kolkata Knight Riders,,,497121,Deepak Hooda,1,5.72
ipl20,100703,1254078,1st innings,0,75,42/2,0,0,45,7.3,0,0,0,False,,497121,Deepak Hooda,Punjab Kings,917159,Prasidh Krishna,Kolkata Knight Riders,,,398438,Mayank Agarwal,0,5.6
ipl20,100704,1254078,1st innings,0,74,42/3,0,3,46,7.4,0,0,0,True,caught,497121,Deepak Hooda,Punjab Kings,917159,Prasidh Krishna,Kolkata Knight Riders,24598,Eoin Morgan,398438,Mayank Agarwal,0,5.47
ipl20,100705,1254078,1st innings,0,73,43/3,0,0,47,7.5,1,0,0,False,,604302,Nicholas Pooran,Punjab Kings,917159,Prasidh Krishna,Kolkata Knight Riders,,,398438,Mayank Agarwal,1,5.48
ipl20,100706,1254078,1st innings,0,72,44/3,0,0,48,7.6,1,0,0,False,,398438,Mayank Agarwal,Punjab Kings,917159,Prasidh Krishna,Kolkata Knight Riders,,,604302,Nicholas Pooran,1,5.5
ipl20,100801,1254078,1st innings,0,71,44/3,0,0,49,8.1,0,0,0,False,,398438,Mayank Agarwal,Punjab Kings,276298,Andre Russell,Kolkata Knight Riders,,,604302,Nicholas Pooran,0,5.38
ipl20,100802,1254078,1st innings,0,70,45/3,0,0,50,8.2,1,0,0,False,,398438,Mayank Agarwal,Punjab Kings,276298,Andre Russell,Kolkata Knight Riders,,,604302,Nicholas Pooran,1,5.4
ipl20,100803,1254078,1st innings,0,69,45/3,0,0,51,8.3,0,0,0,False,,604302,Nicholas Pooran,Punjab Kings,276298,Andre Russell,Kolkata Knight Riders,,,398438,Mayank Agarwal,0,5.29
ipl20,100804,1254078,1st innings,0,68,45/3,0,0,52,8.4,0,0,0,False,,604302,Nicholas Pooran,Punjab Kings,276298,Andre Russell,Kolkata Knight Riders,,,398438,Mayank Agarwal,0,5.19
ipl20,100805,1254078,1st innings,0,67,46/3,0,0,53,8.5,1,0,0,False,,604302,Nicholas Pooran,Punjab Kings,276298,Andre Russell,Kolkata Knight Riders,,,398438,Mayank Agarwal,1,5.2
ipl20,100806,1254078,1st innings,0,66,46/3,0,0,54,8.6,0,0,0,False,,398438,Mayank Agarwal,Punjab Kings,276298,Andre Russell,Kolkata Knight Riders,,,604302,Nicholas Pooran,0,5.11
ipl20,100901,1254078,1st innings,0,65,46/3,0,0,55,9.1,0,0,0,False,,604302,Nicholas Pooran,Punjab Kings,917159,Prasidh Krishna,Kolkata Knight Riders,,,398438,Mayank Agarwal,0,5.01
ipl20,100902,1254078,1st innings,0,64,47/3,0,0,56,9.2,1,0,0,False,,604302,Nicholas Pooran,Punjab Kings,917159,Prasidh Krishna,Kolkata Knight Riders,,,398438,Mayank Agarwal,1,5.03
ipl20,100903,1254078,1st innings,0,63,47/3,0,0,57,9.3,0,0,0,False,,398438,Mayank Agarwal,Punjab Kings,917159,Prasidh Krishna,Kolkata Knight Riders,,,604302,Nicholas Pooran,0,4.94
ipl20,100904,1254078,1st innings,0,62,47/3,0,0,58,9.4,0,0,0,False,,398438,Mayank Agarwal,Punjab Kings,917159,Prasidh Krishna,Kolkata Knight Riders,,,604302,Nicholas Pooran,0,4.86
ipl20,100905,1254078,1st innings,0,62,48/3,0,0,58,9.4,1,1,1,False,,398438,Mayank Agarwal,Punjab Kings,917159,Prasidh Krishna,Kolkata Knight Riders,,,604302,Nicholas Pooran,1,4.96
ipl20,100906,1254078,1st innings,0,61,54/3,0,0,59,9.5,6,0,0,False,,398438,Mayank Agarwal,Punjab Kings,917159,Prasidh Krishna,Kolkata Knight Riders,,,604302,Nicholas Pooran,6,5.49
ipl20,100907,1254078,1st innings,0,60,56/3,0,0,60,9.6,2,0,0,False,,398438,Mayank Agarwal,Punjab Kings,917159,Prasidh Krishna,Kolkata Knight Riders,,,604302,Nicholas Pooran,2,5.6
ipl20,101001,1254078,1st innings,0,59,56/3,0,0,61,10.1,0,0,0,False,,604302,Nicholas Pooran,Punjab Kings,1108375,Varun Chakravarthy,Kolkata Knight Riders,,,398438,Mayank Agarwal,0,5.5
ipl20,101002,1254078,1st innings,0,58,57/3,0,0,62,10.2,1,0,0,False,,604302,Nicholas Pooran,Punjab Kings,1108375,Varun Chakravarthy,Kolkata Knight Riders,,,398438,Mayank Agarwal,1,5.51
ipl20,101003,1254078,1st innings,0,57,58/3,0,0,63,10.3,1,0,0,False,,398438,Mayank Agarwal,Punjab Kings,1108375,Varun Chakravarthy,Kolkata Knight Riders,,,604302,Nicholas Pooran,1,5.52
ipl20,101004,1254078,1st innings,0,56,59/3,0,0,64,10.4,1,0,0,False,,604302,Nicholas Pooran,Punjab Kings,1108375,Varun Chakravarthy,Kolkata Knight Riders,,,398438,Mayank Agarwal,1,5.53
ipl20,101005,1254078,1st innings,0,55,59/3,0,0,65,10.5,0,0,0,False,,398438,Mayank Agarwal,Punjab Kings,1108375,Varun Chakravarthy,Kolkata Knight Riders,,,604302,Nicholas Pooran,0,5.44
ipl20,101006,1254078,1st innings,0,54,60/3,0,0,66,10.6,1,0,0,False,,398438,Mayank Agarwal,Punjab Kings,1108375,Varun Chakravarthy,Kolkata Knight Riders,,,604302,Nicholas Pooran,1,5.45
ipl20,101101,1254078,1st innings,0,53,60/3,0,0,67,11.1,0,0,0,False,,398438,Mayank Agarwal,Punjab Kings,230558,Sunil Narine,Kolkata Knight Riders,,,604302,Nicholas Pooran,0,5.37
ipl20,101102,1254078,1st innings,0,52,60/4,0,4,68,11.2,0,0,0,True,caught,398438,Mayank Agarwal,Punjab Kings,230558,Sunil Narine,Kolkata Knight Riders,230558,Sunil Narine,604302,Nicholas Pooran,0,5.29
ipl20,101103,1254078,1st innings,0,51,60/4,0,0,69,11.3,0,0,0,False,,604302,Nicholas Pooran,Punjab Kings,230558,Sunil Narine,Kolkata Knight Riders,,,5961,Moises Henriques,0,5.21
ipl20,101104,1254078,1st innings,0,50,61/4,0,0,70,11.4,1,0,0,False,,604302,Nicholas Pooran,Punjab Kings,230558,Sunil Narine,Kolkata Knight Riders,,,5961,Moises Henriques,1,5.22
ipl20,101105,1254078,1st innings,0,49,62/4,0,0,71,11.5,1,0,0,False,,5961,Moises Henriques,Punjab Kings,230558,Sunil Narine,Kolkata Knight Riders,,,604302,Nicholas Pooran,1,5.23
ipl20,101106,1254078,1st innings,0,48,63/4,0,0,72,11.6,1,0,0,False,,604302,Nicholas Pooran,Punjab Kings,230558,Sunil Narine,Kolkata Knight Riders,,,5961,Moises Henriques,1,5.25
ipl20,101201,1254078,1st innings,0,47,64/4,0,0,73,12.1,1,0,0,False,,604302,Nicholas Pooran,Punjab Kings,1108375,Varun Chakravarthy,Kolkata Knight Riders,,,5961,Moises Henriques,1,5.26
ipl20,101202,1254078,1st innings,0,46,65/4,0,0,74,12.2,1,0,0,False,,5961,Moises Henriques,Punjab Kings,1108375,Varun Chakravarthy,Kolkata Knight Riders,,,604302,Nicholas Pooran,1,5.27
ipl20,101203,1254078,1st innings,0,45,71/4,0,0,75,12.3,6,0,0,False,,604302,Nicholas Pooran,Punjab Kings,1108375,Varun Chakravarthy,Kolkata Knight Riders,,,5961,Moises Henriques,6,5.68
ipl20,101204,1254078,1st innings,0,44,75/4,0,0,76,12.4,4,0,0,False,,604302,Nicholas Pooran,Punjab Kings,1108375,Varun Chakravarthy,Kolkata Knight Riders,,,5961,Moises Henriques,4,5.92
ipl20,101205,1254078,1st innings,0,43,75/4,0,0,77,12.5,0,0,0,False,,604302,Nicholas Pooran,Punjab Kings,1108375,Varun Chakravarthy,Kolkata Knight Riders,,,5961,Moises Henriques,0,5.84
ipl20,101206,1254078,1st innings,0,42,75/4,0,0,78,12.6,0,0,0,False,,604302,Nicholas Pooran,Punjab Kings,1108375,Varun Chakravarthy,Kolkata Knight Riders,,,5961,Moises Henriques,0,5.76
ipl20,101301,1254078,1st innings,0,41,75/5,0,5,79,13.1,0,0,0,True,bowled,5961,Moises Henriques,Punjab Kings,230558,Sunil Narine,Kolkata Knight Riders,5961,Moises Henriques,604302,Nicholas Pooran,0,5.69
ipl20,101302,1254078,1st innings,0,40,76/5,0,0,80,13.2,1,0,0,False,,719719,Shahrukh Khan,Punjab Kings,230558,Sunil Narine,Kolkata Knight Riders,,,604302,Nicholas Pooran,1,5.7
ipl20,101303,1254078,1st innings,0,39,77/5,0,0,81,13.3,1,0,0,False,,604302,Nicholas Pooran,Punjab Kings,230558,Sunil Narine,Kolkata Knight Riders,,,719719,Shahrukh Khan,1,5.7
ipl20,101304,1254078,1st innings,0,38,77/5,0,0,82,13.4,0,0,0,False,,719719,Shahrukh Khan,Punjab Kings,230558,Sunil Narine,Kolkata Knight Riders,,,604302,Nicholas Pooran,0,5.63
ipl20,101305,1254078,1st innings,0,37,77/5,0,0,83,13.5,0,0,0,False,,719719,Shahrukh Khan,Punjab Kings,230558,Sunil Narine,Kolkata Knight Riders,,,604302,Nicholas Pooran,0,5.56
ipl20,101306,1254078,1st innings,0,36,78/5,0,0,84,13.6,1,0,0,False,,719719,Shahrukh Khan,Punjab Kings,230558,Sunil Narine,Kolkata Knight Riders,,,604302,Nicholas Pooran,1,5.57
ipl20,101401,1254078,1st innings,0,35,79/5,0,0,85,14.1,1,0,0,False,,719719,Shahrukh Khan,Punjab Kings,1108375,Varun Chakravarthy,Kolkata Knight Riders,,,604302,Nicholas Pooran,1,5.57
ipl20,101402,1254078,1st innings,0,34,79/6,0,6,86,14.2,0,0,0,True,bowled,604302,Nicholas Pooran,Punjab Kings,1108375,Varun Chakravarthy,Kolkata Knight Riders,604302,Nicholas Pooran,719719,Shahrukh Khan,0,5.51
ipl20,101403,1254078,1st innings,0,33,80/6,0,0,87,14.3,1,0,0,False,,288992,Chris Jordan,Punjab Kings,1108375,Varun Chakravarthy,Kolkata Knight Riders,,,719719,Shahrukh Khan,1,5.51
ipl20,101404,1254078,1st innings,0,32,80/6,0,0,88,14.4,0,0,0,False,,719719,Shahrukh Khan,Punjab Kings,1108375,Varun Chakravarthy,Kolkata Knight Riders,,,288992,Chris Jordan,0,5.45
ipl20,101405,1254078,1st innings,0,31,80/6,0,0,89,14.5,0,0,0,False,,719719,Shahrukh Khan,Punjab Kings,1108375,Varun Chakravarthy,Kolkata Knight Riders,,,288992,Chris Jordan,0,5.39
ipl20,101406,1254078,1st innings,0,30,82/6,0,0,90,14.6,2,0,0,False,,719719,Shahrukh Khan,Punjab Kings,1108375,Varun Chakravarthy,Kolkata Knight Riders,,,288992,Chris Jordan,2,5.46
ipl20,101501,1254078,1st innings,0,29,83/6,0,0,91,15.1,1,0,0,False,,288992,Chris Jordan,Punjab Kings,230558,Sunil Narine,Kolkata Knight Riders,,,719719,Shahrukh Khan,1,5.47
ipl20,101502,1254078,1st innings,0,28,83/6,0,0,92,15.2,0,0,0,False,,719719,Shahrukh Khan,Punjab Kings,230558,Sunil Narine,Kolkata Knight Riders,,,288992,Chris Jordan,0,5.41
ipl20,101503,1254078,1st innings,0,27,89/6,0,0,93,15.3,6,0,0,False,,719719,Shahrukh Khan,Punjab Kings,230558,Sunil Narine,Kolkata Knight Riders,,,288992,Chris Jordan,6,5.74
ipl20,101504,1254078,1st innings,0,26,90/6,0,0,94,15.4,1,0,0,False,,719719,Shahrukh Khan,Punjab Kings,230558,Sunil Narine,Kolkata Knight Riders,,,288992,Chris Jordan,1,5.74
ipl20,101505,1254078,1st innings,0,25,90/6,0,0,95,15.5,0,0,0,False,,288992,Chris Jordan,Punjab Kings,230558,Sunil Narine,Kolkata Knight Riders,,,719719,Shahrukh Khan,0,5.68
ipl20,101506,1254078,1st innings,0,24,91/6,0,0,96,15.6,1,0,0,False,,288992,Chris Jordan,Punjab Kings,230558,Sunil Narine,Kolkata Knight Riders,,,719719,Shahrukh Khan,1,5.68
ipl20,101601,1254078,1st innings,0,23,91/6,0,0,97,16.1,0,0,0,False,,288992,Chris Jordan,Punjab Kings,1108375,Varun Chakravarthy,Kolkata Knight Riders,,,719719,Shahrukh Khan,0,5.62
ipl20,101602,1254078,1st innings,0,22,91/6,0,0,98,16.2,0,0,0,False,,288992,Chris Jordan,Punjab Kings,1108375,Varun Chakravarthy,Kolkata Knight Riders,,,719719,Shahrukh Khan,0,5.57
ipl20,101603,1254078,1st innings,0,21,92/6,0,0,99,16.3,1,0,0,False,,288992,Chris Jordan,Punjab Kings,1108375,Varun Chakravarthy,Kolkata Knight Riders,,,719719,Shahrukh Khan,1,5.57
ipl20,101604,1254078,1st innings,0,20,93/6,0,0,100,16.4,1,0,0,False,,719719,Shahrukh Khan,Punjab Kings,1108375,Varun Chakravarthy,Kolkata Knight Riders,,,288992,Chris Jordan,1,5.58
ipl20,101605,1254078,1st innings,0,19,93/6,0,0,101,16.5,0,0,0,False,,288992,Chris Jordan,Punjab Kings,1108375,Varun Chakravarthy,Kolkata Knight Riders,,,719719,Shahrukh Khan,0,5.52
ipl20,101606,1254078,1st innings,0,18,95/6,0,0,102,16.6,2,0,0,False,,288992,Chris Jordan,Punjab Kings,1108375,Varun Chakravarthy,Kolkata Knight Riders,,,719719,Shahrukh Khan,2,5.58
ipl20,101701,1254078,1st innings,0,17,95/6,0,0,103,17.1,0,0,0,False,,719719,Shahrukh Khan,Punjab Kings,917159,Prasidh Krishna,Kolkata Knight Riders,,,288992,Chris Jordan,0,5.53
ipl20,101702,1254078,1st innings,0,16,95/7,0,7,104,17.2,0,0,0,True,caught,719719,Shahrukh Khan,Punjab Kings,917159,Prasidh Krishna,Kolkata Knight Riders,24598,Eoin Morgan,288992,Chris Jordan,0,5.48
ipl20,101703,1254078,1st innings,0,15,96/7,0,0,105,17.3,1,0,0,False,,288992,Chris Jordan,Punjab Kings,917159,Prasidh Krishna,Kolkata Knight Riders,,,1175441,Ravi Bishnoi,1,5.48
ipl20,101704,1254078,1st innings,0,14,96/7,0,0,106,17.4,0,0,0,False,,1175441,Ravi Bishnoi,Punjab Kings,917159,Prasidh Krishna,Kolkata Knight Riders,,,288992,Chris Jordan,0,5.43
ipl20,101705,1254078,1st innings,0,14,97/7,0,0,106,17.4,1,1,1,False,,1175441,Ravi Bishnoi,Punjab Kings,917159,Prasidh Krishna,Kolkata Knight Riders,,,288992,Chris Jordan,1,5.49
ipl20,101706,1254078,1st innings,0,13,97/7,0,0,107,17.5,0,0,0,False,,1175441,Ravi Bishnoi,Punjab Kings,917159,Prasidh Krishna,Kolkata Knight Riders,,,288992,Chris Jordan,0,5.43
ipl20,101707,1254078,1st innings,0,12,98/7,0,0,108,17.6,1,0,0,False,,1175441,Ravi Bishnoi,Punjab Kings,917159,Prasidh Krishna,Kolkata Knight Riders,,,288992,Chris Jordan,1,5.44
ipl20,101801,1254078,1st innings,0,11,98/8,0,8,109,18.1,0,0,0,True,caught,1175441,Ravi Bishnoi,Punjab Kings,489889,Pat Cummins,Kolkata Knight Riders,1175441,Ravi Bishnoi,288992,Chris Jordan,0,5.39
ipl20,101802,1254078,1st innings,0,10,102/8,0,0,110,18.2,4,0,0,False,,288992,Chris Jordan,Punjab Kings,489889,Pat Cummins,Kolkata Knight Riders,,,481896,Mohammed Shami,4,5.56
ipl20,101803,1254078,1st innings,0,9,102/8,0,0,111,18.3,0,0,0,False,,288992,Chris Jordan,Punjab Kings,489889,Pat Cummins,Kolkata Knight Riders,,,481896,Mohammed Shami,0,5.51
ipl20,101804,1254078,1st innings,0,8,108/8,0,0,112,18.4,6,0,0,False,,288992,Chris Jordan,Punjab Kings,489889,Pat Cummins,Kolkata Knight Riders,,,481896,Mohammed Shami,6,5.78
ipl20,101805,1254078,1st innings,0,7,109/8,0,0,113,18.5,1,0,0,False,,288992,Chris Jordan,Punjab Kings,489889,Pat Cummins,Kolkata Knight Riders,,,481896,Mohammed Shami,1,5.78
ipl20,101806,1254078,1st innings,0,6,109/8,0,0,114,18.6,0,0,0,False,,481896,Mohammed Shami,Punjab Kings,489889,Pat Cummins,Kolkata Knight Riders,,,288992,Chris Jordan,0,5.73
ipl20,101901,1254078,1st innings,0,5,115/8,0,0,115,19.1,6,0,0,False,,288992,Chris Jordan,Punjab Kings,917159,Prasidh Krishna,Kolkata Knight Riders,,,481896,Mohammed Shami,6,6.0
ipl20,101902,1254078,1st innings,0,4,115/8,0,0,116,19.2,0,0,0,False,,288992,Chris Jordan,Punjab Kings,917159,Prasidh Krishna,Kolkata Knight Riders,,,481896,Mohammed Shami,0,5.94
ipl20,101903,1254078,1st innings,0,3,121/8,0,0,117,19.3,6,0,0,False,,288992,Chris Jordan,Punjab Kings,917159,Prasidh Krishna,Kolkata Knight Riders,,,481896,Mohammed Shami,6,6.2
ipl20,101904,1254078,1st innings,0,2,121/9,0,9,118,19.4,0,0,0,True,bowled,288992,Chris Jordan,Punjab Kings,917159,Prasidh Krishna,Kolkata Knight Riders,288992,Chris Jordan,481896,Mohammed Shami,0,6.15
ipl20,101905,1254078,1st innings,0,1,122/9,0,0,119,19.5,1,0,0,False,,1125976,Arshdeep Singh,Punjab Kings,917159,Prasidh Krishna,Kolkata Knight Riders,,,481896,Mohammed Shami,1,6.15
ipl20,101906,1254078,1st innings,0,0,123/9,0,0,120,19.6,1,0,0,False,,481896,Mohammed Shami,Punjab Kings,917159,Prasidh Krishna,Kolkata Knight Riders,,,1125976,Arshdeep Singh,1,6.15
ipl20,200001,1254078,2nd innings,124,119,0,4/0,0,1,0.1,4,0,0,False,,1070173,Shubman Gill,Kolkata Knight Riders,5961,Moises Henriques,Punjab Kings,,,604527,Nitish Rana,4,24.0
ipl20,200002,1254078,2nd innings,124,118,0,4/0,0,2,0.2,0,0,0,False,,1070173,Shubman Gill,Kolkata Knight Riders,5961,Moises Henriques,Punjab Kings,,,604527,Nitish Rana,0,12.0
ipl20,200003,1254078,2nd innings,124,117,0,5/0,0,3,0.3,1,0,0,False,,1070173,Shubman Gill,Kolkata Knight Riders,5961,Moises Henriques,Punjab Kings,,,604527,Nitish Rana,1,10.0
ipl20,200004,1254078,2nd innings,124,116,0,5/1,1,4,0.4,0,0,0,True,caught,604527,Nitish Rana,Kolkata Knight Riders,5961,Moises Henriques,Punjab Kings,5961,Moises Henriques,1070173,Shubman Gill,0,7.5
ipl20,200005,1254078,2nd innings,124,115,0,5/1,0,5,0.5,0,0,0,False,,446763,Rahul Tripathi,Kolkata Knight Riders,5961,Moises Henriques,Punjab Kings,,,1070173,Shubman Gill,0,6.0
ipl20,200006,1254078,2nd innings,124,114,0,5/1,0,6,0.6,0,0,0,False,,446763,Rahul Tripathi,Kolkata Knight Riders,5961,Moises Henriques,Punjab Kings,,,1070173,Shubman Gill,0,5.0
ipl20,200101,1254078,2nd innings,124,113,0,5/1,0,7,1.1,0,0,0,False,,1070173,Shubman Gill,Kolkata Knight Riders,481896,Mohammed Shami,Punjab Kings,,,446763,Rahul Tripathi,0,4.28
ipl20,200102,1254078,2nd innings,124,112,0,5/1,0,8,1.2,0,0,0,False,,1070173,Shubman Gill,Kolkata Knight Riders,481896,Mohammed Shami,Punjab Kings,,,446763,Rahul Tripathi,0,3.75
ipl20,200103,1254078,2nd innings,124,111,0,9/1,0,9,1.3,4,0,0,False,,1070173,Shubman Gill,Kolkata Knight Riders,481896,Mohammed Shami,Punjab Kings,,,446763,Rahul Tripathi,4,6.0
ipl20,200104,1254078,2nd innings,124,110,0,9/1,0,10,1.4,0,0,0,False,,1070173,Shubman Gill,Kolkata Knight Riders,481896,Mohammed Shami,Punjab Kings,,,446763,Rahul Tripathi,0,5.4
ipl20,200105,1254078,2nd innings,124,109,0,9/2,2,11,1.5,0,0,0,True,leg before wicket,1070173,Shubman Gill,Kolkata Knight Riders,481896,Mohammed Shami,Punjab Kings,481896,Mohammed Shami,446763,Rahul Tripathi,0,4.9
ipl20,200106,1254078,2nd innings,124,109,0,10/2,0,11,1.5,1,1,1,False,,230558,Sunil Narine,Kolkata Knight Riders,481896,Mohammed Shami,Punjab Kings,,,446763,Rahul Tripathi,1,5.45
ipl20,200107,1254078,2nd innings,124,108,0,10/2,0,12,1.6,0,0,0,False,,230558,Sunil Narine,Kolkata Knight Riders,481896,Mohammed Shami,Punjab Kings,,,446763,Rahul Tripathi,0,5.0
ipl20,200201,1254078,2nd innings,124,107,0,14/2,0,13,2.1,4,0,0,False,,446763,Rahul Tripathi,Kolkata Knight Riders,1125976,Arshdeep Singh,Punjab Kings,,,230558,Sunil Narine,4,6.46
ipl20,200202,1254078,2nd innings,124,106,0,15/2,0,14,2.2,1,0,0,False,,446763,Rahul Tripathi,Kolkata Knight Riders,1125976,Arshdeep Singh,Punjab Kings,,,230558,Sunil Narine,1,6.42
ipl20,200203,1254078,2nd innings,124,105,0,15/2,0,15,2.3,0,0,0,False,,230558,Sunil Narine,Kolkata Knight Riders,1125976,Arshdeep Singh,Punjab Kings,,,446763,Rahul Tripathi,0,6.0
ipl20,200204,1254078,2nd innings,124,104,0,16/2,0,16,2.4,1,0,1,False,,230558,Sunil Narine,Kolkata Knight Riders,1125976,Arshdeep Singh,Punjab Kings,,,446763,Rahul Tripathi,1,6.0
ipl20,200205,1254078,2nd innings,124,103,0,17/2,0,17,2.5,1,0,0,False,,446763,Rahul Tripathi,Kolkata Knight Riders,1125976,Arshdeep Singh,Punjab Kings,,,230558,Sunil Narine,1,6.0
ipl20,200206,1254078,2nd innings,124,102,0,17/3,3,18,2.6,0,0,0,True,caught,230558,Sunil Narine,Kolkata Knight Riders,1125976,Arshdeep Singh,Punjab Kings,1125976,Arshdeep Singh,446763,Rahul Tripathi,0,5.66
ipl20,200301,1254078,2nd innings,124,101,0,17/3,0,19,3.1,0,0,0,False,,24598,Eoin Morgan,Kolkata Knight Riders,481896,Mohammed Shami,Punjab Kings,,,446763,Rahul Tripathi,0,5.36
ipl20,200302,1254078,2nd innings,124,100,0,17/3,0,20,3.2,0,0,0,False,,24598,Eoin Morgan,Kolkata Knight Riders,481896,Mohammed Shami,Punjab Kings,,,446763,Rahul Tripathi,0,5.1
ipl20,200303,1254078,2nd innings,124,99,0,17/3,0,21,3.3,0,0,0,False,,24598,Eoin Morgan,Kolkata Knight Riders,481896,Mohammed Shami,Punjab Kings,,,446763,Rahul Tripathi,0,4.85
ipl20,200304,1254078,2nd innings,124,98,0,23/3,0,22,3.4,6,0,0,False,,24598,Eoin Morgan,Kolkata Knight Riders,481896,Mohammed Shami,Punjab Kings,,,446763,Rahul Tripathi,6,6.27
ipl20,200305,1254078,2nd innings,124,97,0,23/3,0,23,3.5,0,0,0,False,,24598,Eoin Morgan,Kolkata Knight Riders,481896,Mohammed Shami,Punjab Kings,,,446763,Rahul Tripathi,0,6.0
ipl20,200306,1254078,2nd innings,124,96,0,27/3,0,24,3.6,4,0,0,False,,24598,Eoin Morgan,Kolkata Knight Riders,481896,Mohammed Shami,Punjab Kings,,,446763,Rahul Tripathi,4,6.75
ipl20,200401,1254078,2nd innings,124,95,0,27/3,0,25,4.1,0,0,0,False,,446763,Rahul Tripathi,Kolkata Knight Riders,1125976,Arshdeep Singh,Punjab Kings,,,24598,Eoin Morgan,0,6.48
ipl20,200402,1254078,2nd innings,124,94,0,28/3,0,26,4.2,1,0,0,False,,446763,Rahul Tripathi,Kolkata Knight Riders,1125976,Arshdeep Singh,Punjab Kings,,,24598,Eoin Morgan,1,6.46
ipl20,200403,1254078,2nd innings,124,93,0,29/3,0,27,4.3,1,0,0,False,,24598,Eoin Morgan,Kolkata Knight Riders,1125976,Arshdeep Singh,Punjab Kings,,,446763,Rahul Tripathi,1,6.44
ipl20,200404,1254078,2nd innings,124,92,0,33/3,0,28,4.4,4,0,0,False,,446763,Rahul Tripathi,Kolkata Knight Riders,1125976,Arshdeep Singh,Punjab Kings,,,24598,Eoin Morgan,4,7.07
ipl20,200405,1254078,2nd innings,124,91,0,33/3,0,29,4.5,0,0,0,False,,446763,Rahul Tripathi,Kolkata Knight Riders,1125976,Arshdeep Singh,Punjab Kings,,,24598,Eoin Morgan,0,6.82
ipl20,200406,1254078,2nd innings,124,90,0,37/3,0,30,4.6,4,0,0,False,,446763,Rahul Tripathi,Kolkata Knight Riders,1125976,Arshdeep Singh,Punjab Kings,,,24598,Eoin Morgan,4,7.4
ipl20,200501,1254078,2nd innings,124,89,0,41/3,0,31,5.1,4,0,0,False,,24598,Eoin Morgan,Kolkata Knight Riders,481896,Mohammed Shami,Punjab Kings,,,446763,Rahul Tripathi,4,7.93
ipl20,200502,1254078,2nd innings,124,88,0,41/3,0,32,5.2,0,0,0,False,,24598,Eoin Morgan,Kolkata Knight Riders,481896,Mohammed Shami,Punjab Kings,,,446763,Rahul Tripathi,0,7.68
ipl20,200503,1254078,2nd innings,124,87,0,42/3,0,33,5.3,1,0,0,False,,24598,Eoin Morgan,Kolkata Knight Riders,481896,Mohammed Shami,Punjab Kings,,,446763,Rahul Tripathi,1,7.63
ipl20,200504,1254078,2nd innings,124,86,0,42/3,0,34,5.4,0,0,0,False,,446763,Rahul Tripathi,Kolkata Knight Riders,481896,Mohammed Shami,Punjab Kings,,,24598,Eoin Morgan,0,7.41
ipl20,200505,1254078,2nd innings,124,85,0,42/3,0,35,5.5,0,0,0,False,,446763,Rahul Tripathi,Kolkata Knight Riders,481896,Mohammed Shami,Punjab Kings,,,24598,Eoin Morgan,0,7.2
ipl20,200506,1254078,2nd innings,124,84,0,42/3,0,36,5.6,0,0,0,False,,446763,Rahul Tripathi,Kolkata Knight Riders,481896,Mohammed Shami,Punjab Kings,,,24598,Eoin Morgan,0,7.0
ipl20,200601,1254078,2nd innings,124,83,0,42/3,0,37,6.1,0,0,0,False,,24598,Eoin Morgan,Kolkata Knight Riders,1175441,Ravi Bishnoi,Punjab Kings,,,446763,Rahul Tripathi,0,6.81
ipl20,200602,1254078,2nd innings,124,82,0,43/3,0,38,6.2,1,0,0,False,,24598,Eoin Morgan,Kolkata Knight Riders,1175441,Ravi Bishnoi,Punjab Kings,,,446763,Rahul Tripathi,1,6.78
ipl20,200603,1254078,2nd innings,124,81,0,44/3,0,39,6.3,1,0,0,False,,446763,Rahul Tripathi,Kolkata Knight Riders,1175441,Ravi Bishnoi,Punjab Kings,,,24598,Eoin Morgan,1,6.76
ipl20,200604,1254078,2nd innings,124,80,0,44/3,0,40,6.4,0,0,0,False,,24598,Eoin Morgan,Kolkata Knight Riders,1175441,Ravi Bishnoi,Punjab Kings,,,446763,Rahul Tripathi,0,6.6
ipl20,200605,1254078,2nd innings,124,79,0,45/3,0,41,6.5,1,0,0,False,,24598,Eoin Morgan,Kolkata Knight Riders,1175441,Ravi Bishnoi,Punjab Kings,,,446763,Rahul Tripathi,1,6.58
ipl20,200606,1254078,2nd innings,124,78,0,46/3,0,42,6.6,1,0,1,False,,446763,Rahul Tripathi,Kolkata Knight Riders,1175441,Ravi Bishnoi,Punjab Kings,,,24598,Eoin Morgan,1,6.57
ipl20,200701,1254078,2nd innings,124,77,0,50/3,0,43,7.1,4,0,0,False,,446763,Rahul Tripathi,Kolkata Knight Riders,288992,Chris Jordan,Punjab Kings,,,24598,Eoin Morgan,4,6.97
ipl20,200702,1254078,2nd innings,124,76,0,50/3,0,44,7.2,0,0,0,False,,446763,Rahul Tripathi,Kolkata Knight Riders,288992,Chris Jordan,Punjab Kings,,,24598,Eoin Morgan,0,6.81
ipl20,200703,1254078,2nd innings,124,75,0,54/3,0,45,7.3,4,0,4,False,,446763,Rahul Tripathi,Kolkata Knight Riders,288992,Chris Jordan,Punjab Kings,,,24598,Eoin Morgan,4,7.2
ipl20,200704,1254078,2nd innings,124,74,0,55/3,0,46,7.4,1,0,0,False,,446763,Rahul Tripathi,Kolkata Knight Riders,288992,Chris Jordan,Punjab Kings,,,24598,Eoin Morgan,1,7.17
ipl20,200705,1254078,2nd innings,124,73,0,55/3,0,47,7.5,0,0,0,False,,24598,Eoin Morgan,Kolkata Knight Riders,288992,Chris Jordan,Punjab Kings,,,446763,Rahul Tripathi,0,7.02
ipl20,200706,1254078,2nd innings,124,72,0,59/3,0,48,7.6,4,0,0,False,,24598,Eoin Morgan,Kolkata Knight Riders,288992,Chris Jordan,Punjab Kings,,,446763,Rahul Tripathi,4,7.37
ipl20,200801,1254078,2nd innings,124,71,0,60/3,0,49,8.1,1,0,0,False,,446763,Rahul Tripathi,Kolkata Knight Riders,1175441,Ravi Bishnoi,Punjab Kings,,,24598,Eoin Morgan,1,7.34
ipl20,200802,1254078,2nd innings,124,70,0,61/3,0,50,8.2,1,0,0,False,,24598,Eoin Morgan,Kolkata Knight Riders,1175441,Ravi Bishnoi,Punjab Kings,,,446763,Rahul Tripathi,1,7.32
ipl20,200803,1254078,2nd innings,124,69,0,65/3,0,51,8.3,4,0,0,False,,446763,Rahul Tripathi,Kolkata Knight Riders,1175441,Ravi Bishnoi,Punjab Kings,,,24598,Eoin Morgan,4,7.64
ipl20,200804,1254078,2nd innings,124,68,0,66/3,0,52,8.4,1,0,0,False,,446763,Rahul Tripathi,Kolkata Knight Riders,1175441,Ravi Bishnoi,Punjab Kings,,,24598,Eoin Morgan,1,7.61
ipl20,200805,1254078,2nd innings,124,67,0,67/3,0,53,8.5,1,0,0,False,,24598,Eoin Morgan,Kolkata Knight Riders,1175441,Ravi Bishnoi,Punjab Kings,,,446763,Rahul Tripathi,1,7.58
ipl20,200806,1254078,2nd innings,124,66,0,68/3,0,54,8.6,1,0,0,False,,446763,Rahul Tripathi,Kolkata Knight Riders,1175441,Ravi Bishnoi,Punjab Kings,,,24598,Eoin Morgan,1,7.55
ipl20,200901,1254078,2nd innings,124,65,0,68/3,0,55,9.1,0,0,0,False,,446763,Rahul Tripathi,Kolkata Knight Riders,288992,Chris Jordan,Punjab Kings,,,24598,Eoin Morgan,0,7.41
ipl20,200902,1254078,2nd innings,124,64,0,70/3,0,56,9.2,2,0,0,False,,446763,Rahul Tripathi,Kolkata Knight Riders,288992,Chris Jordan,Punjab Kings,,,24598,Eoin Morgan,2,7.5
ipl20,200903,1254078,2nd innings,124,63,0,74/3,0,57,9.3,4,0,0,False,,446763,Rahul Tripathi,Kolkata Knight Riders,288992,Chris Jordan,Punjab Kings,,,24598,Eoin Morgan,4,7.78
ipl20,200904,1254078,2nd innings,124,62,0,74/3,0,58,9.4,0,0,0,False,,446763,Rahul Tripathi,Kolkata Knight Riders,288992,Chris Jordan,Punjab Kings,,,24598,Eoin Morgan,0,7.65
ipl20,200905,1254078,2nd innings,124,61,0,74/3,0,59,9.5,0,0,0,False,,446763,Rahul Tripathi,Kolkata Knight Riders,288992,Chris Jordan,Punjab Kings,,,24598,Eoin Morgan,0,7.52
ipl20,200906,1254078,2nd innings,124,60,0,76/3,0,60,9.6,2,0,0,False,,446763,Rahul Tripathi,Kolkata Knight Riders,288992,Chris Jordan,Punjab Kings,,,24598,Eoin Morgan,2,7.6
ipl20,201001,1254078,2nd innings,124,59,0,77/3,0,61,10.1,1,0,0,False,,24598,Eoin Morgan,Kolkata Knight Riders,497121,Deepak Hooda,Punjab Kings,,,446763,Rahul Tripathi,1,7.57
ipl20,201002,1254078,2nd innings,124,58,0,81/3,0,62,10.2,4,0,0,False,,446763,Rahul Tripathi,Kolkata Knight Riders,497121,Deepak Hooda,Punjab Kings,,,24598,Eoin Morgan,4,7.83
ipl20,201003,1254078,2nd innings,124,57,0,82/3,0,63,10.3,1,0,0,False,,446763,Rahul Tripathi,Kolkata Knight Riders,497121,Deepak Hooda,Punjab Kings,,,24598,Eoin Morgan,1,7.8
ipl20,201004,1254078,2nd innings,124,56,0,82/3,0,64,10.4,0,0,0,False,,24598,Eoin Morgan,Kolkata Knight Riders,497121,Deepak Hooda,Punjab Kings,,,446763,Rahul Tripathi,0,7.68
ipl20,201005,1254078,2nd innings,124,55,0,83/3,0,65,10.5,1,0,0,False,,24598,Eoin Morgan,Kolkata Knight Riders,497121,Deepak Hooda,Punjab Kings,,,446763,Rahul Tripathi,1,7.66
ipl20,201006,1254078,2nd innings,124,54,0,83/4,4,66,10.6,0,0,0,True,caught,446763,Rahul Tripathi,Kolkata Knight Riders,497121,Deepak Hooda,Punjab Kings,446763,Rahul Tripathi,24598,Eoin Morgan,0,7.54
ipl20,201101,1254078,2nd innings,124,53,0,83/4,0,67,11.1,0,0,0,False,,24598,Eoin Morgan,Kolkata Knight Riders,481896,Mohammed Shami,Punjab Kings,,,276298,Andre Russell,0,7.43
ipl20,201102,1254078,2nd innings,124,52,0,84/4,0,68,11.2,1,0,0,False,,24598,Eoin Morgan,Kolkata Knight Riders,481896,Mohammed Shami,Punjab Kings,,,276298,Andre Russell,1,7.41
ipl20,201103,1254078,2nd innings,124,51,0,84/4,0,69,11.3,0,0,0,False,,276298,Andre Russell,Kolkata Knight Riders,481896,Mohammed Shami,Punjab Kings,,,24598,Eoin Morgan,0,7.3
ipl20,201104,1254078,2nd innings,124,50,0,84/4,0,70,11.4,0,0,0,False,,276298,Andre Russell,Kolkata Knight Riders,481896,Mohammed Shami,Punjab Kings,,,24598,Eoin Morgan,0,7.2
ipl20,201105,1254078,2nd innings,124,49,0,88/4,0,71,11.5,4,0,0,False,,276298,Andre Russell,Kolkata Knight Riders,481896,Mohammed Shami,Punjab Kings,,,24598,Eoin Morgan,4,7.43
ipl20,201106,1254078,2nd innings,124,48,0,88/4,0,72,11.6,0,0,0,False,,276298,Andre Russell,Kolkata Knight Riders,481896,Mohammed Shami,Punjab Kings,,,24598,Eoin Morgan,0,7.33
ipl20,201201,1254078,2nd innings,124,47,0,88/4,0,73,12.1,0,0,0,False,,24598,Eoin Morgan,Kolkata Knight Riders,1175441,Ravi Bishnoi,Punjab Kings,,,276298,Andre Russell,0,7.23
ipl20,201202,1254078,2nd innings,124,46,0,89/4,0,74,12.2,1,0,0,False,,24598,Eoin Morgan,Kolkata Knight Riders,1175441,Ravi Bishnoi,Punjab Kings,,,276298,Andre Russell,1,7.21
ipl20,201203,1254078,2nd innings,124,45,0,90/4,0,75,12.3,1,0,0,False,,276298,Andre Russell,Kolkata Knight Riders,1175441,Ravi Bishnoi,Punjab Kings,,,24598,Eoin Morgan,1,7.2
ipl20,201204,1254078,2nd innings,124,44,0,90/4,0,76,12.4,0,0,0,False,,24598,Eoin Morgan,Kolkata Knight Riders,1175441,Ravi Bishnoi,Punjab Kings,,,276298,Andre Russell,0,7.1
ipl20,201205,1254078,2nd innings,124,43,0,91/4,0,77,12.5,1,0,0,False,,24598,Eoin Morgan,Kolkata Knight Riders,1175441,Ravi Bishnoi,Punjab Kings,,,276298,Andre Russell,1,7.09
ipl20,201206,1254078,2nd innings,124,42,0,91/4,0,78,12.6,0,0,0,False,,276298,Andre Russell,Kolkata Knight Riders,1175441,Ravi Bishnoi,Punjab Kings,,,24598,Eoin Morgan,0,7.0
ipl20,201301,1254078,2nd innings,124,41,0,91/4,0,79,13.1,0,0,0,False,,24598,Eoin Morgan,Kolkata Knight Riders,288992,Chris Jordan,Punjab Kings,,,276298,Andre Russell,0,6.91
ipl20,201302,1254078,2nd innings,124,40,0,92/4,0,80,13.2,1,0,0,False,,24598,Eoin Morgan,Kolkata Knight Riders,288992,Chris Jordan,Punjab Kings,,,276298,Andre Russell,1,6.9
ipl20,201303,1254078,2nd innings,124,39,0,92/4,0,81,13.3,0,0,0,False,,276298,Andre Russell,Kolkata Knight Riders,288992,Chris Jordan,Punjab Kings,,,24598,Eoin Morgan,0,6.81
ipl20,201304,1254078,2nd innings,124,38,0,96/4,0,82,13.4,4,0,0,False,,276298,Andre Russell,Kolkata Knight Riders,288992,Chris Jordan,Punjab Kings,,,24598,Eoin Morgan,4,7.02
ipl20,201305,1254078,2nd innings,124,37,0,97/4,0,83,13.5,1,0,0,False,,276298,Andre Russell,Kolkata Knight Riders,288992,Chris Jordan,Punjab Kings,,,24598,Eoin Morgan,1,7.01
ipl20,201306,1254078,2nd innings,124,36,0,98/4,0,84,13.6,1,0,0,False,,24598,Eoin Morgan,Kolkata Knight Riders,288992,Chris Jordan,Punjab Kings,,,276298,Andre Russell,1,7.0
ipl20,201401,1254078,2nd innings,124,35,0,98/5,5,85,14.1,0,0,0,True,run out,24598,Eoin Morgan,Kolkata Knight Riders,1175441,Ravi Bishnoi,Punjab Kings,1175441,Ravi Bishnoi,276298,Andre Russell,0,6.91
ipl20,201402,1254078,2nd innings,124,34,0,98/5,0,86,14.2,0,0,0,False,,30045,Dinesh Karthik,Kolkata Knight Riders,1175441,Ravi Bishnoi,Punjab Kings,,,24598,Eoin Morgan,0,6.83
ipl20,201403,1254078,2nd innings,124,33,0,99/5,0,87,14.3,1,0,0,False,,30045,Dinesh Karthik,Kolkata Knight Riders,1175441,Ravi Bishnoi,Punjab Kings,,,24598,Eoin Morgan,1,6.82
ipl20,201404,1254078,2nd innings,124,32,0,101/5,0,88,14.4,2,0,0,False,,24598,Eoin Morgan,Kolkata Knight Riders,1175441,Ravi Bishnoi,Punjab Kings,,,30045,Dinesh Karthik,2,6.88
ipl20,201405,1254078,2nd innings,124,31,0,101/5,0,89,14.5,0,0,0,False,,24598,Eoin Morgan,Kolkata Knight Riders,1175441,Ravi Bishnoi,Punjab Kings,,,30045,Dinesh Karthik,0,6.8
ipl20,201406,1254078,2nd innings,124,30,0,102/5,0,90,14.6,1,0,0,False,,24598,Eoin Morgan,Kolkata Knight Riders,1175441,Ravi Bishnoi,Punjab Kings,,,30045,Dinesh Karthik,1,6.8
ipl20,201501,1254078,2nd innings,124,29,0,102/5,0,91,15.1,0,0,0,False,,24598,Eoin Morgan,Kolkata Knight Riders,497121,Deepak Hooda,Punjab Kings,,,30045,Dinesh Karthik,0,6.72
ipl20,201502,1254078,2nd innings,124,28,0,103/5,0,92,15.2,1,0,0,False,,24598,Eoin Morgan,Kolkata Knight Riders,497121,Deepak Hooda,Punjab Kings,,,30045,Dinesh Karthik,1,6.71
ipl20,201503,1254078,2nd innings,124,27,0,104/5,0,93,15.3,1,0,0,False,,30045,Dinesh Karthik,Kolkata Knight Riders,497121,Deepak Hooda,Punjab Kings,,,24598,Eoin Morgan,1,6.7
ipl20,201504,1254078,2nd innings,124,26,0,108/5,0,94,15.4,4,0,0,False,,24598,Eoin Morgan,Kolkata Knight Riders,497121,Deepak Hooda,Punjab Kings,,,30045,Dinesh Karthik,4,6.89
ipl20,201505,1254078,2nd innings,124,25,0,114/5,0,95,15.5,6,0,0,False,,24598,Eoin Morgan,Kolkata Knight Riders,497121,Deepak Hooda,Punjab Kings,,,30045,Dinesh Karthik,6,7.2
ipl20,201506,1254078,2nd innings,124,24,0,115/5,0,96,15.6,1,0,0,False,,24598,Eoin Morgan,Kolkata Knight Riders,497121,Deepak Hooda,Punjab Kings,,,30045,Dinesh Karthik,1,7.18
ipl20,201601,1254078,2nd innings,124,23,0,116/5,0,97,16.1,1,0,0,False,,24598,Eoin Morgan,Kolkata Knight Riders,1125976,Arshdeep Singh,Punjab Kings,,,30045,Dinesh Karthik,1,7.17
ipl20,201602,1254078,2nd innings,124,22,0,120/5,0,98,16.2,4,0,0,False,,30045,Dinesh Karthik,Kolkata Knight Riders,1125976,Arshdeep Singh,Punjab Kings,,,24598,Eoin Morgan,4,7.34
ipl20,201603,1254078,2nd innings,124,21,0,122/5,0,99,16.3,2,0,0,False,,30045,Dinesh Karthik,Kolkata Knight Riders,1125976,Arshdeep Singh,Punjab Kings,,,24598,Eoin Morgan,2,7.39
ipl20,201604,1254078,2nd innings,124,20,0,126/5,0,100,16.4,4,0,0,False,,30045,Dinesh Karthik,Kolkata Knight Riders,1125976,Arshdeep Singh,Punjab Kings,,,24598,Eoin Morgan,4,7.56
