ipl_season,sequence,eventid,innings,target,remainingballs,homescore,awayscore,fallofwickets,ball,over,scorevalue,validball,extras,dismissal,dismissaltype,batsmanid,batsman,batsmanteam,bowlerid,bowler,bowlerteam,otherathleteinvolvedid,otherathleteinvolved,nonstrikerid,nonstriker,runs,runrate
ipl20,100001,1254108,1st innings,0,119,0/0,0,0,1,0.1,0,0,0,False,,253802,Virat Kohli,Royal Challengers Bangalore,277912,Trent Boult,Mumbai Indians,,,1119026,Devdutt Padikkal,0,0.0
ipl20,100002,1254108,1st innings,0,118,6/0,0,0,2,0.2,6,0,0,False,,253802,Virat Kohli,Royal Challengers Bangalore,277912,Trent Boult,Mumbai Indians,,,1119026,Devdutt Padikkal,6,18.0
ipl20,100003,1254108,1st innings,0,117,6/0,0,0,3,0.3,0,0,0,False,,253802,Virat Kohli,Royal Challengers Bangalore,277912,Trent Boult,Mumbai Indians,,,1119026,Devdutt Padikkal,0,12.0
ipl20,100004,1254108,1st innings,0,116,6/0,0,0,4,0.4,0,0,0,False,,253802,Virat Kohli,Royal Challengers Bangalore,277912,Trent Boult,Mumbai Indians,,,1119026,Devdutt Padikkal,0,9.0
ipl20,100005,1254108,1st innings,0,115,6/0,0,0,5,0.5,0,0,0,False,,253802,Virat Kohli,Royal Challengers Bangalore,277912,Trent Boult,Mumbai Indians,,,1119026,Devdutt Padikkal,0,7.2
ipl20,100006,1254108,1st innings,0,115,7/0,0,0,5,0.5,1,1,1,False,,253802,Virat Kohli,Royal Challengers Bangalore,277912,Trent Boult,Mumbai Indians,,,1119026,Devdutt Padikkal,1,8.4
ipl20,100007,1254108,1st innings,0,114,7/0,0,0,6,0.6,0,0,0,False,,253802,Virat Kohli,Royal Challengers Bangalore,277912,Trent Boult,Mumbai Indians,,,1119026,Devdutt Padikkal,0,7.0
ipl20,100101,1254108,1st innings,0,113,7/0,0,0,7,1.1,0,0,0,False,,1119026,Devdutt Padikkal,Royal Challengers Bangalore,625383,Jasprit Bumrah,Mumbai Indians,,,253802,Virat Kohli,0,6.0
ipl20,100102,1254108,1st innings,0,112,7/0,0,0,8,1.2,0,0,0,False,,1119026,Devdutt Padikkal,Royal Challengers Bangalore,625383,Jasprit Bumrah,Mumbai Indians,,,253802,Virat Kohli,0,5.25
ipl20,100103,1254108,1st innings,0,111,7/0,0,0,9,1.3,0,0,0,False,,1119026,Devdutt Padikkal,Royal Challengers Bangalore,625383,Jasprit Bumrah,Mumbai Indians,,,253802,Virat Kohli,0,4.66
ipl20,100104,1254108,1st innings,0,110,7/1,0,1,10,1.4,0,0,0,True,caught,1119026,Devdutt Padikkal,Royal Challengers Bangalore,625383,Jasprit Bumrah,Mumbai Indians,1119026,Devdutt Padikkal,253802,Virat Kohli,0,4.2
ipl20,100105,1254108,1st innings,0,109,8/1,0,0,11,1.5,1,0,0,False,,529436,Srikar Bharat,Royal Challengers Bangalore,625383,Jasprit Bumrah,Mumbai Indians,,,253802,Virat Kohli,1,4.36
ipl20,100106,1254108,1st innings,0,108,10/1,0,0,12,1.6,2,0,2,False,,253802,Virat Kohli,Royal Challengers Bangalore,625383,Jasprit Bumrah,Mumbai Indians,,,529436,Srikar Bharat,2,5.0
ipl20,100201,1254108,1st innings,0,107,10/1,0,0,13,2.1,0,0,0,False,,529436,Srikar Bharat,Royal Challengers Bangalore,277912,Trent Boult,Mumbai Indians,,,253802,Virat Kohli,0,4.61
ipl20,100202,1254108,1st innings,0,106,10/1,0,0,14,2.2,0,0,0,False,,529436,Srikar Bharat,Royal Challengers Bangalore,277912,Trent Boult,Mumbai Indians,,,253802,Virat Kohli,0,4.28
ipl20,100203,1254108,1st innings,0,105,10/1,0,0,15,2.3,0,0,0,False,,529436,Srikar Bharat,Royal Challengers Bangalore,277912,Trent Boult,Mumbai Indians,,,253802,Virat Kohli,0,4.0
ipl20,100204,1254108,1st innings,0,104,14/1,0,0,16,2.4,4,0,0,False,,529436,Srikar Bharat,Royal Challengers Bangalore,277912,Trent Boult,Mumbai Indians,,,253802,Virat Kohli,4,5.25
ipl20,100205,1254108,1st innings,0,103,15/1,0,0,17,2.5,1,0,0,False,,529436,Srikar Bharat,Royal Challengers Bangalore,277912,Trent Boult,Mumbai Indians,,,253802,Virat Kohli,1,5.29
ipl20,100206,1254108,1st innings,0,102,15/1,0,0,18,2.6,0,0,0,False,,253802,Virat Kohli,Royal Challengers Bangalore,277912,Trent Boult,Mumbai Indians,,,529436,Srikar Bharat,0,5.0
ipl20,100301,1254108,1st innings,0,101,16/1,0,0,19,3.1,1,0,0,False,,529436,Srikar Bharat,Royal Challengers Bangalore,625383,Jasprit Bumrah,Mumbai Indians,,,253802,Virat Kohli,1,5.05
ipl20,100302,1254108,1st innings,0,100,20/1,0,0,20,3.2,4,0,0,False,,253802,Virat Kohli,Royal Challengers Bangalore,625383,Jasprit Bumrah,Mumbai Indians,,,529436,Srikar Bharat,4,6.0
ipl20,100303,1254108,1st innings,0,99,26/1,0,0,21,3.3,6,0,0,False,,253802,Virat Kohli,Royal Challengers Bangalore,625383,Jasprit Bumrah,Mumbai Indians,,,529436,Srikar Bharat,6,7.42
ipl20,100304,1254108,1st innings,0,98,27/1,0,0,22,3.4,1,0,0,False,,253802,Virat Kohli,Royal Challengers Bangalore,625383,Jasprit Bumrah,Mumbai Indians,,,529436,Srikar Bharat,1,7.36
ipl20,100305,1254108,1st innings,0,97,31/1,0,0,23,3.5,4,0,0,False,,529436,Srikar Bharat,Royal Challengers Bangalore,625383,Jasprit Bumrah,Mumbai Indians,,,253802,Virat Kohli,4,8.08
ipl20,100306,1254108,1st innings,0,96,31/1,0,0,24,3.6,0,0,0,False,,529436,Srikar Bharat,Royal Challengers Bangalore,625383,Jasprit Bumrah,Mumbai Indians,,,253802,Virat Kohli,0,7.75
ipl20,100401,1254108,1st innings,0,95,32/1,0,0,25,4.1,1,0,0,False,,253802,Virat Kohli,Royal Challengers Bangalore,450860,Adam Milne,Mumbai Indians,,,529436,Srikar Bharat,1,7.68
ipl20,100402,1254108,1st innings,0,94,33/1,0,0,26,4.2,1,0,0,False,,529436,Srikar Bharat,Royal Challengers Bangalore,450860,Adam Milne,Mumbai Indians,,,253802,Virat Kohli,1,7.61
ipl20,100403,1254108,1st innings,0,93,33/1,0,0,27,4.3,0,0,0,False,,253802,Virat Kohli,Royal Challengers Bangalore,450860,Adam Milne,Mumbai Indians,,,529436,Srikar Bharat,0,7.33
ipl20,100404,1254108,1st innings,0,92,37/1,0,0,28,4.4,4,0,0,False,,253802,Virat Kohli,Royal Challengers Bangalore,450860,Adam Milne,Mumbai Indians,,,529436,Srikar Bharat,4,7.92
ipl20,100405,1254108,1st innings,0,91,43/1,0,0,29,4.5,6,0,0,False,,253802,Virat Kohli,Royal Challengers Bangalore,450860,Adam Milne,Mumbai Indians,,,529436,Srikar Bharat,6,8.89
ipl20,100406,1254108,1st innings,0,90,44/1,0,0,30,4.6,1,0,0,False,,253802,Virat Kohli,Royal Challengers Bangalore,450860,Adam Milne,Mumbai Indians,,,529436,Srikar Bharat,1,8.8
ipl20,100501,1254108,1st innings,0,89,45/1,0,0,31,5.1,1,0,0,False,,253802,Virat Kohli,Royal Challengers Bangalore,471342,Krunal Pandya,Mumbai Indians,,,529436,Srikar Bharat,1,8.7
ipl20,100502,1254108,1st innings,0,88,46/1,0,0,32,5.2,1,0,1,False,,529436,Srikar Bharat,Royal Challengers Bangalore,471342,Krunal Pandya,Mumbai Indians,,,253802,Virat Kohli,1,8.62
ipl20,100503,1254108,1st innings,0,87,46/1,0,0,33,5.3,0,0,0,False,,253802,Virat Kohli,Royal Challengers Bangalore,471342,Krunal Pandya,Mumbai Indians,,,529436,Srikar Bharat,0,8.36
ipl20,100504,1254108,1st innings,0,86,46/1,0,0,34,5.4,0,0,0,False,,253802,Virat Kohli,Royal Challengers Bangalore,471342,Krunal Pandya,Mumbai Indians,,,529436,Srikar Bharat,0,8.11
ipl20,100505,1254108,1st innings,0,85,47/1,0,0,35,5.5,1,0,0,False,,253802,Virat Kohli,Royal Challengers Bangalore,471342,Krunal Pandya,Mumbai Indians,,,529436,Srikar Bharat,1,8.05
ipl20,100506,1254108,1st innings,0,84,48/1,0,0,36,5.6,1,0,0,False,,529436,Srikar Bharat,Royal Challengers Bangalore,471342,Krunal Pandya,Mumbai Indians,,,253802,Virat Kohli,1,8.0
ipl20,100601,1254108,1st innings,0,83,48/1,0,0,37,6.1,0,0,0,False,,529436,Srikar Bharat,Royal Challengers Bangalore,1064812,Rahul Chahar,Mumbai Indians,,,253802,Virat Kohli,0,7.78
ipl20,100602,1254108,1st innings,0,82,48/1,0,0,38,6.2,0,0,0,False,,529436,Srikar Bharat,Royal Challengers Bangalore,1064812,Rahul Chahar,Mumbai Indians,,,253802,Virat Kohli,0,7.57
ipl20,100603,1254108,1st innings,0,81,54/1,0,0,39,6.3,6,0,0,False,,529436,Srikar Bharat,Royal Challengers Bangalore,1064812,Rahul Chahar,Mumbai Indians,,,253802,Virat Kohli,6,8.3
ipl20,100604,1254108,1st innings,0,80,57/1,0,0,40,6.4,3,0,0,False,,529436,Srikar Bharat,Royal Challengers Bangalore,1064812,Rahul Chahar,Mumbai Indians,,,253802,Virat Kohli,3,8.55
ipl20,100605,1254108,1st innings,0,79,58/1,0,0,41,6.5,1,0,0,False,,253802,Virat Kohli,Royal Challengers Bangalore,1064812,Rahul Chahar,Mumbai Indians,,,529436,Srikar Bharat,1,8.48
ipl20,100606,1254108,1st innings,0,78,58/1,0,0,42,6.6,0,0,0,False,,529436,Srikar Bharat,Royal Challengers Bangalore,1064812,Rahul Chahar,Mumbai Indians,,,253802,Virat Kohli,0,8.28
ipl20,100701,1254108,1st innings,0,77,59/1,0,0,43,7.1,1,0,0,False,,253802,Virat Kohli,Royal Challengers Bangalore,471342,Krunal Pandya,Mumbai Indians,,,529436,Srikar Bharat,1,8.23
ipl20,100702,1254108,1st innings,0,77,60/1,0,0,43,7.1,1,1,1,False,,529436,Srikar Bharat,Royal Challengers Bangalore,471342,Krunal Pandya,Mumbai Indians,,,253802,Virat Kohli,1,8.37
ipl20,100703,1254108,1st innings,0,76,60/1,0,0,44,7.2,0,0,0,False,,529436,Srikar Bharat,Royal Challengers Bangalore,471342,Krunal Pandya,Mumbai Indians,,,253802,Virat Kohli,0,8.18
ipl20,100704,1254108,1st innings,0,75,62/1,0,0,45,7.3,2,0,0,False,,529436,Srikar Bharat,Royal Challengers Bangalore,471342,Krunal Pandya,Mumbai Indians,,,253802,Virat Kohli,2,8.26
ipl20,100705,1254108,1st innings,0,74,62/1,0,0,46,7.4,0,0,0,False,,529436,Srikar Bharat,Royal Challengers Bangalore,471342,Krunal Pandya,Mumbai Indians,,,253802,Virat Kohli,0,8.08
ipl20,100706,1254108,1st innings,0,73,63/1,0,0,47,7.5,1,0,0,False,,529436,Srikar Bharat,Royal Challengers Bangalore,471342,Krunal Pandya,Mumbai Indians,,,253802,Virat Kohli,1,8.04
ipl20,100707,1254108,1st innings,0,72,63/1,0,0,48,7.6,0,0,0,False,,253802,Virat Kohli,Royal Challengers Bangalore,471342,Krunal Pandya,Mumbai Indians,,,529436,Srikar Bharat,0,7.87
ipl20,100801,1254108,1st innings,0,71,64/1,0,0,49,8.1,1,0,0,False,,529436,Srikar Bharat,Royal Challengers Bangalore,1064812,Rahul Chahar,Mumbai Indians,,,253802,Virat Kohli,1,7.83
ipl20,100802,1254108,1st innings,0,70,68/1,0,0,50,8.2,4,0,0,False,,253802,Virat Kohli,Royal Challengers Bangalore,1064812,Rahul Chahar,Mumbai Indians,,,529436,Srikar Bharat,4,8.16
ipl20,100803,1254108,1st innings,0,69,69/1,0,0,51,8.3,1,0,0,False,,253802,Virat Kohli,Royal Challengers Bangalore,1064812,Rahul Chahar,Mumbai Indians,,,529436,Srikar Bharat,1,8.11
ipl20,100804,1254108,1st innings,0,68,75/1,0,0,52,8.4,6,0,0,False,,529436,Srikar Bharat,Royal Challengers Bangalore,1064812,Rahul Chahar,Mumbai Indians,,,253802,Virat Kohli,6,8.65
ipl20,100805,1254108,1st innings,0,67,75/2,0,2,53,8.5,0,0,0,True,caught,529436,Srikar Bharat,Royal Challengers Bangalore,1064812,Rahul Chahar,Mumbai Indians,446507,Suryakumar Yadav,253802,Virat Kohli,0,8.49
ipl20,100806,1254108,1st innings,0,66,75/2,0,0,54,8.6,0,0,0,False,,325026,Glenn Maxwell,Royal Challengers Bangalore,1064812,Rahul Chahar,Mumbai Indians,,,253802,Virat Kohli,0,8.33
ipl20,100901,1254108,1st innings,0,65,76/2,0,0,55,9.1,1,0,0,False,,253802,Virat Kohli,Royal Challengers Bangalore,471342,Krunal Pandya,Mumbai Indians,,,325026,Glenn Maxwell,1,8.29
ipl20,100902,1254108,1st innings,0,64,77/2,0,0,56,9.2,1,0,0,False,,325026,Glenn Maxwell,Royal Challengers Bangalore,471342,Krunal Pandya,Mumbai Indians,,,253802,Virat Kohli,1,8.25
ipl20,100903,1254108,1st innings,0,64,78/2,0,0,56,9.2,1,1,1,False,,253802,Virat Kohli,Royal Challengers Bangalore,471342,Krunal Pandya,Mumbai Indians,,,325026,Glenn Maxwell,1,8.35
ipl20,100904,1254108,1st innings,0,63,80/2,0,0,57,9.3,2,0,0,False,,253802,Virat Kohli,Royal Challengers Bangalore,471342,Krunal Pandya,Mumbai Indians,,,325026,Glenn Maxwell,2,8.42
ipl20,100905,1254108,1st innings,0,62,81/2,0,0,58,9.4,1,0,0,False,,253802,Virat Kohli,Royal Challengers Bangalore,471342,Krunal Pandya,Mumbai Indians,,,325026,Glenn Maxwell,1,8.37
ipl20,100906,1254108,1st innings,0,61,82/2,0,0,59,9.5,1,0,0,False,,325026,Glenn Maxwell,Royal Challengers Bangalore,471342,Krunal Pandya,Mumbai Indians,,,253802,Virat Kohli,1,8.33
ipl20,100907,1254108,1st innings,0,60,82/2,0,0,60,9.6,0,0,0,False,,253802,Virat Kohli,Royal Challengers Bangalore,471342,Krunal Pandya,Mumbai Indians,,,325026,Glenn Maxwell,0,8.2
ipl20,101001,1254108,1st innings,0,59,82/2,0,0,61,10.1,0,0,0,False,,325026,Glenn Maxwell,Royal Challengers Bangalore,1064812,Rahul Chahar,Mumbai Indians,,,253802,Virat Kohli,0,8.06
ipl20,101002,1254108,1st innings,0,58,83/2,0,0,62,10.2,1,0,0,False,,325026,Glenn Maxwell,Royal Challengers Bangalore,1064812,Rahul Chahar,Mumbai Indians,,,253802,Virat Kohli,1,8.03
ipl20,101003,1254108,1st innings,0,57,83/2,0,0,63,10.3,0,0,0,False,,253802,Virat Kohli,Royal Challengers Bangalore,1064812,Rahul Chahar,Mumbai Indians,,,325026,Glenn Maxwell,0,7.9
ipl20,101004,1254108,1st innings,0,56,83/2,0,0,64,10.4,0,0,0,False,,253802,Virat Kohli,Royal Challengers Bangalore,1064812,Rahul Chahar,Mumbai Indians,,,325026,Glenn Maxwell,0,7.78
ipl20,101005,1254108,1st innings,0,55,84/2,0,0,65,10.5,1,0,0,False,,253802,Virat Kohli,Royal Challengers Bangalore,1064812,Rahul Chahar,Mumbai Indians,,,325026,Glenn Maxwell,1,7.75
ipl20,101006,1254108,1st innings,0,54,85/2,0,0,66,10.6,1,0,0,False,,325026,Glenn Maxwell,Royal Challengers Bangalore,1064812,Rahul Chahar,Mumbai Indians,,,253802,Virat Kohli,1,7.72
ipl20,101101,1254108,1st innings,0,54,86/2,0,0,66,11.0,1,1,1,False,,325026,Glenn Maxwell,Royal Challengers Bangalore,471342,Krunal Pandya,Mumbai Indians,,,253802,Virat Kohli,1,7.81
ipl20,101102,1254108,1st innings,0,53,87/2,0,0,67,11.1,1,0,0,False,,325026,Glenn Maxwell,Royal Challengers Bangalore,471342,Krunal Pandya,Mumbai Indians,,,253802,Virat Kohli,1,7.79
ipl20,101103,1254108,1st innings,0,52,87/2,0,0,68,11.2,0,0,0,False,,253802,Virat Kohli,Royal Challengers Bangalore,471342,Krunal Pandya,Mumbai Indians,,,325026,Glenn Maxwell,0,7.67
ipl20,101104,1254108,1st innings,0,51,89/2,0,0,69,11.3,2,0,0,False,,253802,Virat Kohli,Royal Challengers Bangalore,471342,Krunal Pandya,Mumbai Indians,,,325026,Glenn Maxwell,2,7.73
ipl20,101105,1254108,1st innings,0,50,90/2,0,0,70,11.4,1,0,0,False,,253802,Virat Kohli,Royal Challengers Bangalore,471342,Krunal Pandya,Mumbai Indians,,,325026,Glenn Maxwell,1,7.71
ipl20,101106,1254108,1st innings,0,49,96/2,0,0,71,11.5,6,0,0,False,,325026,Glenn Maxwell,Royal Challengers Bangalore,471342,Krunal Pandya,Mumbai Indians,,,253802,Virat Kohli,6,8.11
ipl20,101107,1254108,1st innings,0,48,97/2,0,0,72,11.6,1,0,0,False,,325026,Glenn Maxwell,Royal Challengers Bangalore,471342,Krunal Pandya,Mumbai Indians,,,253802,Virat Kohli,1,8.08
ipl20,101201,1254108,1st innings,0,47,101/2,0,0,73,12.1,4,0,0,False,,325026,Glenn Maxwell,Royal Challengers Bangalore,450860,Adam Milne,Mumbai Indians,,,253802,Virat Kohli,4,8.3
ipl20,101202,1254108,1st innings,0,47,102/2,0,0,73,12.1,1,1,1,False,,325026,Glenn Maxwell,Royal Challengers Bangalore,450860,Adam Milne,Mumbai Indians,,,253802,Virat Kohli,1,8.38
ipl20,101203,1254108,1st innings,0,46,106/2,0,0,74,12.2,4,0,0,False,,325026,Glenn Maxwell,Royal Challengers Bangalore,450860,Adam Milne,Mumbai Indians,,,253802,Virat Kohli,4,8.59
ipl20,101204,1254108,1st innings,0,45,106/2,0,0,75,12.3,0,0,0,False,,325026,Glenn Maxwell,Royal Challengers Bangalore,450860,Adam Milne,Mumbai Indians,,,253802,Virat Kohli,0,8.48
ipl20,101205,1254108,1st innings,0,44,107/2,0,0,76,12.4,1,0,1,False,,325026,Glenn Maxwell,Royal Challengers Bangalore,450860,Adam Milne,Mumbai Indians,,,253802,Virat Kohli,1,8.44
ipl20,101206,1254108,1st innings,0,43,109/2,0,0,77,12.5,2,0,0,False,,253802,Virat Kohli,Royal Challengers Bangalore,450860,Adam Milne,Mumbai Indians,,,325026,Glenn Maxwell,2,8.49
ipl20,101207,1254108,1st innings,0,42,109/2,0,0,78,12.6,0,0,0,False,,253802,Virat Kohli,Royal Challengers Bangalore,450860,Adam Milne,Mumbai Indians,,,325026,Glenn Maxwell,0,8.38
ipl20,101301,1254108,1st innings,0,41,110/2,0,0,79,13.1,1,0,0,False,,325026,Glenn Maxwell,Royal Challengers Bangalore,1064812,Rahul Chahar,Mumbai Indians,,,253802,Virat Kohli,1,8.35
ipl20,101302,1254108,1st innings,0,40,110/2,0,0,80,13.2,0,0,0,False,,253802,Virat Kohli,Royal Challengers Bangalore,1064812,Rahul Chahar,Mumbai Indians,,,325026,Glenn Maxwell,0,8.25
ipl20,101303,1254108,1st innings,0,39,111/2,0,0,81,13.3,1,0,0,False,,253802,Virat Kohli,Royal Challengers Bangalore,1064812,Rahul Chahar,Mumbai Indians,,,325026,Glenn Maxwell,1,8.22
ipl20,101304,1254108,1st innings,0,38,117/2,0,0,82,13.4,6,0,0,False,,325026,Glenn Maxwell,Royal Challengers Bangalore,1064812,Rahul Chahar,Mumbai Indians,,,253802,Virat Kohli,6,8.56
ipl20,101305,1254108,1st innings,0,37,117/2,0,0,83,13.5,0,0,0,False,,325026,Glenn Maxwell,Royal Challengers Bangalore,1064812,Rahul Chahar,Mumbai Indians,,,253802,Virat Kohli,0,8.45
ipl20,101306,1254108,1st innings,0,36,117/2,0,0,84,13.6,0,0,0,False,,325026,Glenn Maxwell,Royal Challengers Bangalore,1064812,Rahul Chahar,Mumbai Indians,,,253802,Virat Kohli,0,8.35
ipl20,101401,1254108,1st innings,0,35,118/2,0,0,85,14.1,1,0,0,False,,253802,Virat Kohli,Royal Challengers Bangalore,277912,Trent Boult,Mumbai Indians,,,325026,Glenn Maxwell,1,8.32
ipl20,101402,1254108,1st innings,0,34,118/2,0,0,86,14.2,0,0,0,False,,325026,Glenn Maxwell,Royal Challengers Bangalore,277912,Trent Boult,Mumbai Indians,,,253802,Virat Kohli,0,8.23
ipl20,101403,1254108,1st innings,0,33,118/2,0,0,87,14.3,0,0,0,False,,325026,Glenn Maxwell,Royal Challengers Bangalore,277912,Trent Boult,Mumbai Indians,,,253802,Virat Kohli,0,8.13
ipl20,101404,1254108,1st innings,0,32,118/2,0,0,88,14.4,0,0,0,False,,325026,Glenn Maxwell,Royal Challengers Bangalore,277912,Trent Boult,Mumbai Indians,,,253802,Virat Kohli,0,8.04
ipl20,101405,1254108,1st innings,0,31,118/2,0,0,89,14.5,0,0,0,False,,325026,Glenn Maxwell,Royal Challengers Bangalore,277912,Trent Boult,Mumbai Indians,,,253802,Virat Kohli,0,7.95
ipl20,101406,1254108,1st innings,0,30,119/2,0,0,90,14.6,1,0,0,False,,325026,Glenn Maxwell,Royal Challengers Bangalore,277912,Trent Boult,Mumbai Indians,,,253802,Virat Kohli,1,7.93
ipl20,101501,1254108,1st innings,0,29,120/2,0,0,91,15.1,1,0,0,False,,325026,Glenn Maxwell,Royal Challengers Bangalore,450860,Adam Milne,Mumbai Indians,,,253802,Virat Kohli,1,7.91
ipl20,101502,1254108,1st innings,0,28,121/2,0,0,92,15.2,1,0,0,False,,253802,Virat Kohli,Royal Challengers Bangalore,450860,Adam Milne,Mumbai Indians,,,325026,Glenn Maxwell,1,7.89
ipl20,101503,1254108,1st innings,0,27,125/2,0,0,93,15.3,4,0,0,False,,325026,Glenn Maxwell,Royal Challengers Bangalore,450860,Adam Milne,Mumbai Indians,,,253802,Virat Kohli,4,8.06
ipl20,101504,1254108,1st innings,0,26,126/2,0,0,94,15.4,1,0,0,False,,325026,Glenn Maxwell,Royal Challengers Bangalore,450860,Adam Milne,Mumbai Indians,,,253802,Virat Kohli,1,8.04
ipl20,101505,1254108,1st innings,0,25,126/3,0,3,95,15.5,0,0,0,True,caught,253802,Virat Kohli,Royal Challengers Bangalore,450860,Adam Milne,Mumbai Indians,253802,Virat Kohli,325026,Glenn Maxwell,0,7.95
ipl20,101506,1254108,1st innings,0,24,126/3,0,0,96,15.6,0,0,0,False,,325026,Glenn Maxwell,Royal Challengers Bangalore,450860,Adam Milne,Mumbai Indians,,,44936,AB de Villiers,0,7.87
ipl20,101601,1254108,1st innings,0,23,126/3,0,0,97,16.1,0,0,0,False,,44936,AB de Villiers,Royal Challengers Bangalore,625383,Jasprit Bumrah,Mumbai Indians,,,325026,Glenn Maxwell,0,7.79
ipl20,101602,1254108,1st innings,0,22,132/3,0,0,98,16.2,6,0,0,False,,44936,AB de Villiers,Royal Challengers Bangalore,625383,Jasprit Bumrah,Mumbai Indians,,,325026,Glenn Maxwell,6,8.08
ipl20,101603,1254108,1st innings,0,21,133/3,0,0,99,16.3,1,0,0,False,,44936,AB de Villiers,Royal Challengers Bangalore,625383,Jasprit Bumrah,Mumbai Indians,,,325026,Glenn Maxwell,1,8.06
ipl20,101604,1254108,1st innings,0,20,134/3,0,0,100,16.4,1,0,0,False,,325026,Glenn Maxwell,Royal Challengers Bangalore,625383,Jasprit Bumrah,Mumbai Indians,,,44936,AB de Villiers,1,8.04
ipl20,101605,1254108,1st innings,0,20,135/3,0,0,100,16.4,1,1,1,False,,44936,AB de Villiers,Royal Challengers Bangalore,625383,Jasprit Bumrah,Mumbai Indians,,,325026,Glenn Maxwell,1,8.1
ipl20,101606,1254108,1st innings,0,19,139/3,0,0,101,16.5,4,0,0,False,,44936,AB de Villiers,Royal Challengers Bangalore,625383,Jasprit Bumrah,Mumbai Indians,,,325026,Glenn Maxwell,4,8.25
ipl20,101607,1254108,1st innings,0,18,139/3,0,0,102,16.6,0,0,0,False,,44936,AB de Villiers,Royal Challengers Bangalore,625383,Jasprit Bumrah,Mumbai Indians,,,325026,Glenn Maxwell,0,8.17
ipl20,101701,1254108,1st innings,0,17,145/3,0,0,103,17.1,6,0,0,False,,325026,Glenn Maxwell,Royal Challengers Bangalore,450860,Adam Milne,Mumbai Indians,,,44936,AB de Villiers,6,8.44
ipl20,101702,1254108,1st innings,0,16,149/3,0,0,104,17.2,4,0,0,False,,325026,Glenn Maxwell,Royal Challengers Bangalore,450860,Adam Milne,Mumbai Indians,,,44936,AB de Villiers,4,8.59
ipl20,101703,1254108,1st innings,0,15,149/3,0,0,105,17.3,0,0,0,False,,325026,Glenn Maxwell,Royal Challengers Bangalore,450860,Adam Milne,Mumbai Indians,,,44936,AB de Villiers,0,8.51
ipl20,101704,1254108,1st innings,0,14,153/3,0,0,106,17.4,4,0,0,False,,325026,Glenn Maxwell,Royal Challengers Bangalore,450860,Adam Milne,Mumbai Indians,,,44936,AB de Villiers,4,8.66
ipl20,101705,1254108,1st innings,0,13,155/3,0,0,107,17.5,2,0,0,False,,325026,Glenn Maxwell,Royal Challengers Bangalore,450860,Adam Milne,Mumbai Indians,,,44936,AB de Villiers,2,8.69
ipl20,101706,1254108,1st innings,0,12,156/3,0,0,108,17.6,1,0,0,False,,325026,Glenn Maxwell,Royal Challengers Bangalore,450860,Adam Milne,Mumbai Indians,,,44936,AB de Villiers,1,8.66
ipl20,101801,1254108,1st innings,0,11,160/3,0,0,109,18.1,4,0,0,False,,325026,Glenn Maxwell,Royal Challengers Bangalore,625383,Jasprit Bumrah,Mumbai Indians,,,44936,AB de Villiers,4,8.8
ipl20,101802,1254108,1st innings,0,11,161/3,0,0,109,18.1,1,1,1,False,,325026,Glenn Maxwell,Royal Challengers Bangalore,625383,Jasprit Bumrah,Mumbai Indians,,,44936,AB de Villiers,1,8.86
ipl20,101803,1254108,1st innings,0,10,161/3,0,0,110,18.2,0,0,0,False,,325026,Glenn Maxwell,Royal Challengers Bangalore,625383,Jasprit Bumrah,Mumbai Indians,,,44936,AB de Villiers,0,8.78
ipl20,101804,1254108,1st innings,0,9,161/4,0,4,111,18.3,0,0,0,True,caught,325026,Glenn Maxwell,Royal Challengers Bangalore,625383,Jasprit Bumrah,Mumbai Indians,277912,Trent Boult,44936,AB de Villiers,0,8.7
ipl20,101805,1254108,1st innings,0,8,161/5,0,5,112,18.4,0,0,0,True,caught,44936,AB de Villiers,Royal Challengers Bangalore,625383,Jasprit Bumrah,Mumbai Indians,44936,AB de Villiers,4864,Dan Christian,0,8.62
ipl20,101806,1254108,1st innings,0,7,162/5,0,0,113,18.5,1,0,0,False,,1159711,Shahbaz Ahmed,Royal Challengers Bangalore,625383,Jasprit Bumrah,Mumbai Indians,,,4864,Dan Christian,1,8.6
ipl20,101807,1254108,1st innings,0,6,162/5,0,0,114,18.6,0,0,0,False,,4864,Dan Christian,Royal Challengers Bangalore,625383,Jasprit Bumrah,Mumbai Indians,,,1159711,Shahbaz Ahmed,0,8.52
ipl20,101901,1254108,1st innings,0,5,162/5,0,0,115,19.1,0,0,0,False,,1159711,Shahbaz Ahmed,Royal Challengers Bangalore,277912,Trent Boult,Mumbai Indians,,,4864,Dan Christian,0,8.45
ipl20,101902,1254108,1st innings,0,4,162/6,0,6,116,19.2,0,0,0,True,bowled,1159711,Shahbaz Ahmed,Royal Challengers Bangalore,277912,Trent Boult,Mumbai Indians,1159711,Shahbaz Ahmed,4864,Dan Christian,0,8.37
ipl20,101903,1254108,1st innings,0,3,163/6,0,0,117,19.3,1,0,0,False,,625960,Kyle Jamieson,Royal Challengers Bangalore,277912,Trent Boult,Mumbai Indians,,,4864,Dan Christian,1,8.35
ipl20,101904,1254108,1st innings,0,2,163/6,0,0,118,19.4,0,0,0,False,,4864,Dan Christian,Royal Challengers Bangalore,277912,Trent Boult,Mumbai Indians,,,625960,Kyle Jamieson,0,8.28
ipl20,101905,1254108,1st innings,0,1,164/6,0,0,119,19.5,1,0,0,False,,4864,Dan Christian,Royal Challengers Bangalore,277912,Trent Boult,Mumbai Indians,,,625960,Kyle Jamieson,1,8.26
ipl20,101906,1254108,1st innings,0,0,165/6,0,0,120,19.6,1,0,0,False,,625960,Kyle Jamieson,Royal Challengers Bangalore,277912,Trent Boult,Mumbai Indians,,,4864,Dan Christian,1,8.25
ipl20,200001,1254108,2nd innings,166,119,0,1/0,0,1,0.1,1,0,0,False,,34102,Rohit Sharma,Mumbai Indians,625960,Kyle Jamieson,Royal Challengers Bangalore,,,379143,Quinton de Kock,1,6.0
ipl20,200002,1254108,2nd innings,166,118,0,1/0,0,2,0.2,0,0,0,False,,379143,Quinton de Kock,Mumbai Indians,625960,Kyle Jamieson,Royal Challengers Bangalore,,,34102,Rohit Sharma,0,3.0
ipl20,200003,1254108,2nd innings,166,117,0,3/0,0,3,0.3,2,0,0,False,,379143,Quinton de Kock,Mumbai Indians,625960,Kyle Jamieson,Royal Challengers Bangalore,,,34102,Rohit Sharma,2,6.0
ipl20,200004,1254108,2nd innings,166,116,0,3/0,0,4,0.4,0,0,0,False,,379143,Quinton de Kock,Mumbai Indians,625960,Kyle Jamieson,Royal Challengers Bangalore,,,34102,Rohit Sharma,0,4.5
ipl20,200005,1254108,2nd innings,166,115,0,4/0,0,5,0.5,1,0,0,False,,379143,Quinton de Kock,Mumbai Indians,625960,Kyle Jamieson,Royal Challengers Bangalore,,,34102,Rohit Sharma,1,4.8
ipl20,200006,1254108,2nd innings,166,114,0,5/0,0,6,0.6,1,0,0,False,,34102,Rohit Sharma,Mumbai Indians,625960,Kyle Jamieson,Royal Challengers Bangalore,,,379143,Quinton de Kock,1,5.0
ipl20,200101,1254108,2nd innings,166,113,0,5/0,0,7,1.1,0,0,0,False,,34102,Rohit Sharma,Mumbai Indians,940973,Mohammed Siraj,Royal Challengers Bangalore,,,379143,Quinton de Kock,0,4.28
ipl20,200102,1254108,2nd innings,166,112,0,6/0,0,8,1.2,1,0,0,False,,34102,Rohit Sharma,Mumbai Indians,940973,Mohammed Siraj,Royal Challengers Bangalore,,,379143,Quinton de Kock,1,4.5
ipl20,200103,1254108,2nd innings,166,111,0,6/0,0,9,1.3,0,0,0,False,,379143,Quinton de Kock,Mumbai Indians,940973,Mohammed Siraj,Royal Challengers Bangalore,,,34102,Rohit Sharma,0,4.0
ipl20,200104,1254108,2nd innings,166,110,0,6/0,0,10,1.4,0,0,0,False,,379143,Quinton de Kock,Mumbai Indians,940973,Mohammed Siraj,Royal Challengers Bangalore,,,34102,Rohit Sharma,0,3.6
ipl20,200105,1254108,2nd innings,166,109,0,6/0,0,11,1.5,0,0,0,False,,379143,Quinton de Kock,Mumbai Indians,940973,Mohammed Siraj,Royal Challengers Bangalore,,,34102,Rohit Sharma,0,3.27
ipl20,200106,1254108,2nd innings,166,108,0,10/0,0,12,1.6,4,0,0,False,,379143,Quinton de Kock,Mumbai Indians,940973,Mohammed Siraj,Royal Challengers Bangalore,,,34102,Rohit Sharma,4,5.0
ipl20,200201,1254108,2nd innings,166,107,0,11/0,0,13,2.1,1,0,0,False,,34102,Rohit Sharma,Mumbai Indians,625960,Kyle Jamieson,Royal Challengers Bangalore,,,379143,Quinton de Kock,1,5.07
ipl20,200202,1254108,2nd innings,166,106,0,12/0,0,14,2.2,1,0,0,False,,379143,Quinton de Kock,Mumbai Indians,625960,Kyle Jamieson,Royal Challengers Bangalore,,,34102,Rohit Sharma,1,5.14
ipl20,200203,1254108,2nd innings,166,105,0,12/0,0,15,2.3,0,0,0,False,,34102,Rohit Sharma,Mumbai Indians,625960,Kyle Jamieson,Royal Challengers Bangalore,,,379143,Quinton de Kock,0,4.8
ipl20,200204,1254108,2nd innings,166,105,0,15/0,0,15,2.3,3,1,1,False,,34102,Rohit Sharma,Mumbai Indians,625960,Kyle Jamieson,Royal Challengers Bangalore,,,379143,Quinton de Kock,3,6.0
ipl20,200205,1254108,2nd innings,166,104,0,19/0,0,16,2.4,4,0,0,False,,34102,Rohit Sharma,Mumbai Indians,625960,Kyle Jamieson,Royal Challengers Bangalore,,,379143,Quinton de Kock,4,7.12
ipl20,200206,1254108,2nd innings,166,103,0,23/0,0,17,2.5,4,0,0,False,,34102,Rohit Sharma,Mumbai Indians,625960,Kyle Jamieson,Royal Challengers Bangalore,,,379143,Quinton de Kock,4,8.11
ipl20,200207,1254108,2nd innings,166,102,0,27/0,0,18,2.6,4,0,0,False,,34102,Rohit Sharma,Mumbai Indians,625960,Kyle Jamieson,Royal Challengers Bangalore,,,379143,Quinton de Kock,4,9.0
ipl20,200301,1254108,2nd innings,166,101,0,27/0,0,19,3.1,0,0,0,False,,379143,Quinton de Kock,Mumbai Indians,940973,Mohammed Siraj,Royal Challengers Bangalore,,,34102,Rohit Sharma,0,8.52
ipl20,200302,1254108,2nd innings,166,100,0,31/0,0,20,3.2,4,0,0,False,,379143,Quinton de Kock,Mumbai Indians,940973,Mohammed Siraj,Royal Challengers Bangalore,,,34102,Rohit Sharma,4,9.3
ipl20,200303,1254108,2nd innings,166,99,0,32/0,0,21,3.3,1,0,1,False,,379143,Quinton de Kock,Mumbai Indians,940973,Mohammed Siraj,Royal Challengers Bangalore,,,34102,Rohit Sharma,1,9.14
ipl20,200304,1254108,2nd innings,166,98,0,32/0,0,22,3.4,0,0,0,False,,34102,Rohit Sharma,Mumbai Indians,940973,Mohammed Siraj,Royal Challengers Bangalore,,,379143,Quinton de Kock,0,8.72
ipl20,200305,1254108,2nd innings,166,97,0,36/0,0,23,3.5,4,0,0,False,,34102,Rohit Sharma,Mumbai Indians,940973,Mohammed Siraj,Royal Challengers Bangalore,,,379143,Quinton de Kock,4,9.39
ipl20,200306,1254108,2nd innings,166,96,0,36/0,0,24,3.6,0,0,0,False,,34102,Rohit Sharma,Mumbai Indians,940973,Mohammed Siraj,Royal Challengers Bangalore,,,379143,Quinton de Kock,0,9.0
ipl20,200401,1254108,2nd innings,166,95,0,40/0,0,25,4.1,4,0,0,False,,379143,Quinton de Kock,Mumbai Indians,4864,Dan Christian,Royal Challengers Bangalore,,,34102,Rohit Sharma,4,9.6
ipl20,200402,1254108,2nd innings,166,94,0,44/0,0,26,4.2,4,0,0,False,,379143,Quinton de Kock,Mumbai Indians,4864,Dan Christian,Royal Challengers Bangalore,,,34102,Rohit Sharma,4,10.15
ipl20,200403,1254108,2nd innings,166,93,0,44/0,0,27,4.3,0,0,0,False,,379143,Quinton de Kock,Mumbai Indians,4864,Dan Christian,Royal Challengers Bangalore,,,34102,Rohit Sharma,0,9.77
ipl20,200404,1254108,2nd innings,166,92,0,46/0,0,28,4.4,2,0,0,False,,379143,Quinton de Kock,Mumbai Indians,4864,Dan Christian,Royal Challengers Bangalore,,,34102,Rohit Sharma,2,9.85
ipl20,200405,1254108,2nd innings,166,91,0,47/0,0,29,4.5,1,0,0,False,,379143,Quinton de Kock,Mumbai Indians,4864,Dan Christian,Royal Challengers Bangalore,,,34102,Rohit Sharma,1,9.72
ipl20,200406,1254108,2nd innings,166,90,0,51/0,0,30,4.6,4,0,0,False,,34102,Rohit Sharma,Mumbai Indians,4864,Dan Christian,Royal Challengers Bangalore,,,379143,Quinton de Kock,4,10.2
ipl20,200501,1254108,2nd innings,166,89,0,51/0,0,31,5.1,0,0,0,False,,379143,Quinton de Kock,Mumbai Indians,390481,Harshal Patel,Royal Challengers Bangalore,,,34102,Rohit Sharma,0,9.87
ipl20,200502,1254108,2nd innings,166,88,0,52/0,0,32,5.2,1,0,0,False,,379143,Quinton de Kock,Mumbai Indians,390481,Harshal Patel,Royal Challengers Bangalore,,,34102,Rohit Sharma,1,9.75
ipl20,200503,1254108,2nd innings,166,87,0,52/0,0,33,5.3,0,0,0,False,,34102,Rohit Sharma,Mumbai Indians,390481,Harshal Patel,Royal Challengers Bangalore,,,379143,Quinton de Kock,0,9.45
ipl20,200504,1254108,2nd innings,166,86,0,54/0,0,34,5.4,2,0,0,False,,34102,Rohit Sharma,Mumbai Indians,390481,Harshal Patel,Royal Challengers Bangalore,,,379143,Quinton de Kock,2,9.52
ipl20,200505,1254108,2nd innings,166,86,0,55/0,0,34,5.4,1,1,1,False,,34102,Rohit Sharma,Mumbai Indians,390481,Harshal Patel,Royal Challengers Bangalore,,,379143,Quinton de Kock,1,9.7
ipl20,200506,1254108,2nd innings,166,85,0,56/0,0,35,5.5,1,0,0,False,,34102,Rohit Sharma,Mumbai Indians,390481,Harshal Patel,Royal Challengers Bangalore,,,379143,Quinton de Kock,1,9.6
ipl20,200507,1254108,2nd innings,166,84,0,56/0,0,36,5.6,0,0,0,False,,379143,Quinton de Kock,Mumbai Indians,390481,Harshal Patel,Royal Challengers Bangalore,,,34102,Rohit Sharma,0,9.33
ipl20,200601,1254108,2nd innings,166,83,0,57/0,0,37,6.1,1,0,0,False,,34102,Rohit Sharma,Mumbai Indians,430246,Yuzvendra Chahal,Royal Challengers Bangalore,,,379143,Quinton de Kock,1,9.24
ipl20,200602,1254108,2nd innings,166,82,0,57/0,0,38,6.2,0,0,0,False,,379143,Quinton de Kock,Mumbai Indians,430246,Yuzvendra Chahal,Royal Challengers Bangalore,,,34102,Rohit Sharma,0,9.0
ipl20,200603,1254108,2nd innings,166,81,0,57/0,0,39,6.3,0,0,0,False,,379143,Quinton de Kock,Mumbai Indians,430246,Yuzvendra Chahal,Royal Challengers Bangalore,,,34102,Rohit Sharma,0,8.76
ipl20,200604,1254108,2nd innings,166,80,0,57/1,1,40,6.4,0,0,0,True,caught,379143,Quinton de Kock,Mumbai Indians,430246,Yuzvendra Chahal,Royal Challengers Bangalore,325026,Glenn Maxwell,34102,Rohit Sharma,0,8.55
ipl20,200605,1254108,2nd innings,166,79,0,57/1,0,41,6.5,0,0,0,False,,34102,Rohit Sharma,Mumbai Indians,430246,Yuzvendra Chahal,Royal Challengers Bangalore,,,720471,Ishan Kishan,0,8.34
ipl20,200606,1254108,2nd innings,166,78,0,58/1,0,42,6.6,1,0,0,False,,34102,Rohit Sharma,Mumbai Indians,430246,Yuzvendra Chahal,Royal Challengers Bangalore,,,720471,Ishan Kishan,1,8.28
ipl20,200701,1254108,2nd innings,166,77,0,59/1,0,43,7.1,1,0,0,False,,34102,Rohit Sharma,Mumbai Indians,325026,Glenn Maxwell,Royal Challengers Bangalore,,,720471,Ishan Kishan,1,8.23
ipl20,200702,1254108,2nd innings,166,76,0,59/1,0,44,7.2,0,0,0,False,,720471,Ishan Kishan,Mumbai Indians,325026,Glenn Maxwell,Royal Challengers Bangalore,,,34102,Rohit Sharma,0,8.04
ipl20,200703,1254108,2nd innings,166,75,0,59/1,0,45,7.3,0,0,0,False,,720471,Ishan Kishan,Mumbai Indians,325026,Glenn Maxwell,Royal Challengers Bangalore,,,34102,Rohit Sharma,0,7.86
ipl20,200704,1254108,2nd innings,166,74,0,60/1,0,46,7.4,1,0,0,False,,720471,Ishan Kishan,Mumbai Indians,325026,Glenn Maxwell,Royal Challengers Bangalore,,,34102,Rohit Sharma,1,7.82
ipl20,200705,1254108,2nd innings,166,73,0,62/1,0,47,7.5,2,0,0,False,,34102,Rohit Sharma,Mumbai Indians,325026,Glenn Maxwell,Royal Challengers Bangalore,,,720471,Ishan Kishan,2,7.91
ipl20,200706,1254108,2nd innings,166,73,0,63/1,0,47,7.5,1,1,1,False,,34102,Rohit Sharma,Mumbai Indians,325026,Glenn Maxwell,Royal Challengers Bangalore,,,720471,Ishan Kishan,1,8.04
ipl20,200707,1254108,2nd innings,166,72,0,69/1,0,48,7.6,6,0,0,False,,34102,Rohit Sharma,Mumbai Indians,325026,Glenn Maxwell,Royal Challengers Bangalore,,,720471,Ishan Kishan,6,8.62
ipl20,200801,1254108,2nd innings,166,71,0,69/1,0,49,8.1,0,0,0,False,,720471,Ishan Kishan,Mumbai Indians,430246,Yuzvendra Chahal,Royal Challengers Bangalore,,,34102,Rohit Sharma,0,8.44
ipl20,200802,1254108,2nd innings,166,70,0,73/1,0,50,8.2,4,0,0,False,,720471,Ishan Kishan,Mumbai Indians,430246,Yuzvendra Chahal,Royal Challengers Bangalore,,,34102,Rohit Sharma,4,8.76
ipl20,200803,1254108,2nd innings,166,69,0,73/1,0,51,8.3,0,0,0,False,,720471,Ishan Kishan,Mumbai Indians,430246,Yuzvendra Chahal,Royal Challengers Bangalore,,,34102,Rohit Sharma,0,8.58
ipl20,200804,1254108,2nd innings,166,68,0,74/1,0,52,8.4,1,0,0,False,,720471,Ishan Kishan,Mumbai Indians,430246,Yuzvendra Chahal,Royal Challengers Bangalore,,,34102,Rohit Sharma,1,8.53
ipl20,200805,1254108,2nd innings,166,67,0,74/1,0,53,8.5,0,0,0,False,,34102,Rohit Sharma,Mumbai Indians,430246,Yuzvendra Chahal,Royal Challengers Bangalore,,,720471,Ishan Kishan,0,8.37
ipl20,200806,1254108,2nd innings,166,66,0,75/1,0,54,8.6,1,0,0,False,,34102,Rohit Sharma,Mumbai Indians,430246,Yuzvendra Chahal,Royal Challengers Bangalore,,,720471,Ishan Kishan,1,8.33
ipl20,200901,1254108,2nd innings,166,65,0,76/1,0,55,9.1,1,0,0,False,,34102,Rohit Sharma,Mumbai Indians,325026,Glenn Maxwell,Royal Challengers Bangalore,,,720471,Ishan Kishan,1,8.29
ipl20,200902,1254108,2nd innings,166,64,0,77/1,0,56,9.2,1,0,0,False,,720471,Ishan Kishan,Mumbai Indians,325026,Glenn Maxwell,Royal Challengers Bangalore,,,34102,Rohit Sharma,1,8.25
ipl20,200903,1254108,2nd innings,166,63,0,78/1,0,57,9.3,1,0,0,False,,34102,Rohit Sharma,Mumbai Indians,325026,Glenn Maxwell,Royal Challengers Bangalore,,,720471,Ishan Kishan,1,8.21
ipl20,200904,1254108,2nd innings,166,62,0,78/1,0,58,9.4,0,0,0,False,,720471,Ishan Kishan,Mumbai Indians,325026,Glenn Maxwell,Royal Challengers Bangalore,,,34102,Rohit Sharma,0,8.06
ipl20,200905,1254108,2nd innings,166,61,0,79/1,0,59,9.5,1,0,0,False,,720471,Ishan Kishan,Mumbai Indians,325026,Glenn Maxwell,Royal Challengers Bangalore,,,34102,Rohit Sharma,1,8.03
ipl20,200906,1254108,2nd innings,166,60,0,79/2,2,60,9.6,0,0,0,True,caught,34102,Rohit Sharma,Mumbai Indians,325026,Glenn Maxwell,Royal Challengers Bangalore,1119026,Devdutt Padikkal,720471,Ishan Kishan,0,7.9
ipl20,201001,1254108,2nd innings,166,59,0,80/2,0,61,10.1,1,0,0,False,,720471,Ishan Kishan,Mumbai Indians,430246,Yuzvendra Chahal,Royal Challengers Bangalore,,,446507,Suryakumar Yadav,1,7.86
ipl20,201002,1254108,2nd innings,166,58,0,81/2,0,62,10.2,1,0,0,False,,446507,Suryakumar Yadav,Mumbai Indians,430246,Yuzvendra Chahal,Royal Challengers Bangalore,,,720471,Ishan Kishan,1,7.83
ipl20,201003,1254108,2nd innings,166,57,0,81/3,3,63,10.3,0,0,0,True,caught,720471,Ishan Kishan,Mumbai Indians,430246,Yuzvendra Chahal,Royal Challengers Bangalore,390481,Harshal Patel,446507,Suryakumar Yadav,0,7.71
ipl20,201004,1254108,2nd innings,166,56,0,81/3,0,64,10.4,0,0,0,False,,471342,Krunal Pandya,Mumbai Indians,430246,Yuzvendra Chahal,Royal Challengers Bangalore,,,446507,Suryakumar Yadav,0,7.59
ipl20,201005,1254108,2nd innings,166,55,0,81/3,0,65,10.5,0,0,0,False,,471342,Krunal Pandya,Mumbai Indians,430246,Yuzvendra Chahal,Royal Challengers Bangalore,,,446507,Suryakumar Yadav,0,7.47
ipl20,201006,1254108,2nd innings,166,54,0,82/3,0,66,10.6,1,0,0,False,,471342,Krunal Pandya,Mumbai Indians,430246,Yuzvendra Chahal,Royal Challengers Bangalore,,,446507,Suryakumar Yadav,1,7.45
ipl20,201101,1254108,2nd innings,166,53,0,82/3,0,67,11.1,0,0,0,False,,471342,Krunal Pandya,Mumbai Indians,325026,Glenn Maxwell,Royal Challengers Bangalore,,,446507,Suryakumar Yadav,0,7.34
ipl20,201102,1254108,2nd innings,166,52,0,83/3,0,68,11.2,1,0,0,False,,471342,Krunal Pandya,Mumbai Indians,325026,Glenn Maxwell,Royal Challengers Bangalore,,,446507,Suryakumar Yadav,1,7.32
ipl20,201103,1254108,2nd innings,166,51,0,84/3,0,69,11.3,1,0,0,False,,446507,Suryakumar Yadav,Mumbai Indians,325026,Glenn Maxwell,Royal Challengers Bangalore,,,471342,Krunal Pandya,1,7.3
ipl20,201104,1254108,2nd innings,166,50,0,84/3,0,70,11.4,0,0,0,False,,471342,Krunal Pandya,Mumbai Indians,325026,Glenn Maxwell,Royal Challengers Bangalore,,,446507,Suryakumar Yadav,0,7.2
ipl20,201105,1254108,2nd innings,166,49,0,85/3,0,71,11.5,1,0,0,False,,471342,Krunal Pandya,Mumbai Indians,325026,Glenn Maxwell,Royal Challengers Bangalore,,,446507,Suryakumar Yadav,1,7.18
ipl20,201106,1254108,2nd innings,166,48,0,86/3,0,72,11.6,1,0,0,False,,446507,Suryakumar Yadav,Mumbai Indians,325026,Glenn Maxwell,Royal Challengers Bangalore,,,471342,Krunal Pandya,1,7.16
ipl20,201201,1254108,2nd innings,166,47,0,88/3,0,73,12.1,2,0,0,False,,446507,Suryakumar Yadav,Mumbai Indians,390481,Harshal Patel,Royal Challengers Bangalore,,,471342,Krunal Pandya,2,7.23
ipl20,201202,1254108,2nd innings,166,46,0,89/3,0,74,12.2,1,0,1,False,,446507,Suryakumar Yadav,Mumbai Indians,390481,Harshal Patel,Royal Challengers Bangalore,,,471342,Krunal Pandya,1,7.21
ipl20,201203,1254108,2nd innings,166,45,0,89/3,0,75,12.3,0,0,0,False,,471342,Krunal Pandya,Mumbai Indians,390481,Harshal Patel,Royal Challengers Bangalore,,,446507,Suryakumar Yadav,0,7.12
ipl20,201204,1254108,2nd innings,166,45,0,90/3,0,75,12.3,1,1,1,False,,471342,Krunal Pandya,Mumbai Indians,390481,Harshal Patel,Royal Challengers Bangalore,,,446507,Suryakumar Yadav,1,7.2
ipl20,201205,1254108,2nd innings,166,44,0,91/3,0,76,12.4,1,0,0,False,,471342,Krunal Pandya,Mumbai Indians,390481,Harshal Patel,Royal Challengers Bangalore,,,446507,Suryakumar Yadav,1,7.18
ipl20,201206,1254108,2nd innings,166,43,0,92/3,0,77,12.5,1,0,0,False,,446507,Suryakumar Yadav,Mumbai Indians,390481,Harshal Patel,Royal Challengers Bangalore,,,471342,Krunal Pandya,1,7.16
ipl20,201207,1254108,2nd innings,166,42,0,93/3,0,78,12.6,1,0,0,False,,471342,Krunal Pandya,Mumbai Indians,390481,Harshal Patel,Royal Challengers Bangalore,,,446507,Suryakumar Yadav,1,7.15
ipl20,201301,1254108,2nd innings,166,41,0,93/4,4,79,13.1,0,0,0,True,bowled,471342,Krunal Pandya,Mumbai Indians,325026,Glenn Maxwell,Royal Challengers Bangalore,325026,Glenn Maxwell,446507,Suryakumar Yadav,0,7.06
ipl20,201302,1254108,2nd innings,166,40,0,94/4,0,80,13.2,1,0,0,False,,230559,Kieron Pollard,Mumbai Indians,325026,Glenn Maxwell,Royal Challengers Bangalore,,,446507,Suryakumar Yadav,1,7.05
ipl20,201303,1254108,2nd innings,166,39,0,95/4,0,81,13.3,1,0,0,False,,446507,Suryakumar Yadav,Mumbai Indians,325026,Glenn Maxwell,Royal Challengers Bangalore,,,230559,Kieron Pollard,1,7.03
ipl20,201304,1254108,2nd innings,166,38,0,95/4,0,82,13.4,0,0,0,False,,230559,Kieron Pollard,Mumbai Indians,325026,Glenn Maxwell,Royal Challengers Bangalore,,,446507,Suryakumar Yadav,0,6.95
ipl20,201305,1254108,2nd innings,166,37,0,96/4,0,83,13.5,1,0,0,False,,230559,Kieron Pollard,Mumbai Indians,325026,Glenn Maxwell,Royal Challengers Bangalore,,,446507,Suryakumar Yadav,1,6.93
ipl20,201306,1254108,2nd innings,166,36,0,97/4,0,84,13.6,1,0,0,False,,446507,Suryakumar Yadav,Mumbai Indians,325026,Glenn Maxwell,Royal Challengers Bangalore,,,230559,Kieron Pollard,1,6.92
ipl20,201401,1254108,2nd innings,166,35,0,97/5,5,85,14.1,0,0,0,True,caught,446507,Suryakumar Yadav,Mumbai Indians,940973,Mohammed Siraj,Royal Challengers Bangalore,430246,Yuzvendra Chahal,230559,Kieron Pollard,0,6.84
ipl20,201402,1254108,2nd innings,166,34,0,97/5,0,86,14.2,0,0,0,False,,625371,Hardik Pandya,Mumbai Indians,940973,Mohammed Siraj,Royal Challengers Bangalore,,,230559,Kieron Pollard,0,6.76
ipl20,201403,1254108,2nd innings,166,33,0,97/5,0,87,14.3,0,0,0,False,,625371,Hardik Pandya,Mumbai Indians,940973,Mohammed Siraj,Royal Challengers Bangalore,,,230559,Kieron Pollard,0,6.68
ipl20,201404,1254108,2nd innings,166,32,0,98/5,0,88,14.4,1,0,0,False,,625371,Hardik Pandya,Mumbai Indians,940973,Mohammed Siraj,Royal Challengers Bangalore,,,230559,Kieron Pollard,1,6.68
ipl20,201405,1254108,2nd innings,166,31,0,98/5,0,89,14.5,0,0,0,False,,230559,Kieron Pollard,Mumbai Indians,940973,Mohammed Siraj,Royal Challengers Bangalore,,,625371,Hardik Pandya,0,6.6
ipl20,201406,1254108,2nd innings,166,30,0,99/5,0,90,14.6,1,0,0,False,,230559,Kieron Pollard,Mumbai Indians,940973,Mohammed Siraj,Royal Challengers Bangalore,,,625371,Hardik Pandya,1,6.6
ipl20,201501,1254108,2nd innings,166,29,0,99/5,0,91,15.1,0,0,0,False,,230559,Kieron Pollard,Mumbai Indians,4864,Dan Christian,Royal Challengers Bangalore,,,625371,Hardik Pandya,0,6.52
ipl20,201502,1254108,2nd innings,166,28,0,101/5,0,92,15.2,2,0,0,False,,230559,Kieron Pollard,Mumbai Indians,4864,Dan Christian,Royal Challengers Bangalore,,,625371,Hardik Pandya,2,6.58
ipl20,201503,1254108,2nd innings,166,27,0,102/5,0,93,15.3,1,0,0,False,,230559,Kieron Pollard,Mumbai Indians,4864,Dan Christian,Royal Challengers Bangalore,,,625371,Hardik Pandya,1,6.58
ipl20,201504,1254108,2nd innings,166,26,0,103/5,0,94,15.4,1,0,0,False,,625371,Hardik Pandya,Mumbai Indians,4864,Dan Christian,Royal Challengers Bangalore,,,230559,Kieron Pollard,1,6.57
ipl20,201505,1254108,2nd innings,166,25,0,104/5,0,95,15.5,1,0,0,False,,230559,Kieron Pollard,Mumbai Indians,4864,Dan Christian,Royal Challengers Bangalore,,,625371,Hardik Pandya,1,6.56
ipl20,201506,1254108,2nd innings,166,24,0,105/5,0,96,15.6,1,0,0,False,,625371,Hardik Pandya,Mumbai Indians,4864,Dan Christian,Royal Challengers Bangalore,,,230559,Kieron Pollard,1,6.56
ipl20,201601,1254108,2nd innings,166,24,0,106/5,0,96,16.0,1,1,1,False,,625371,Hardik Pandya,Mumbai Indians,390481,Harshal Patel,Royal Challengers Bangalore,,,230559,Kieron Pollard,1,6.62
ipl20,201602,1254108,2nd innings,166,23,0,106/6,6,97,16.1,0,0,0,True,caught,625371,Hardik Pandya,Mumbai Indians,390481,Harshal Patel,Royal Challengers Bangalore,253802,Virat Kohli,230559,Kieron Pollard,0,6.55
ipl20,201603,1254108,2nd innings,166,22,0,106/7,7,98,16.2,0,0,0,True,bowled,230559,Kieron Pollard,Mumbai Indians,390481,Harshal Patel,Royal Challengers Bangalore,230559,Kieron Pollard,450860,Adam Milne,0,6.48
ipl20,201604,1254108,2nd innings,166,21,0,106/8,8,99,16.3,0,0,0,True,leg before wicket,1064812,Rahul Chahar,Mumbai Indians,390481,Harshal Patel,Royal Challengers Bangalore,390481,Harshal Patel,450860,Adam Milne,0,6.42
ipl20,201605,1254108,2nd innings,166,20,0,106/8,0,100,16.4,0,0,0,False,,625383,Jasprit Bumrah,Mumbai Indians,390481,Harshal Patel,Royal Challengers Bangalore,,,450860,Adam Milne,0,6.36
ipl20,201606,1254108,2nd innings,166,19,0,110/8,0,101,16.5,4,0,0,False,,625383,Jasprit Bumrah,Mumbai Indians,390481,Harshal Patel,Royal Challengers Bangalore,,,450860,Adam Milne,4,6.53
ipl20,201607,1254108,2nd innings,166,18,0,111/8,0,102,16.6,1,0,0,False,,625383,Jasprit Bumrah,Mumbai Indians,390481,Harshal Patel,Royal Challengers Bangalore,,,450860,Adam Milne,1,6.52
ipl20,201701,1254108,2nd innings,166,17,0,111/8,0,103,17.1,0,0,0,False,,625383,Jasprit Bumrah,Mumbai Indians,430246,Yuzvendra Chahal,Royal Challengers Bangalore,,,450860,Adam Milne,0,6.46
ipl20,201702,1254108,2nd innings,166,16,0,111/8,0,104,17.2,0,0,0,False,,625383,Jasprit Bumrah,Mumbai Indians,430246,Yuzvendra Chahal,Royal Challengers Bangalore,,,450860,Adam Milne,0,6.4
ipl20,201703,1254108,2nd innings,166,15,0,111/9,9,105,17.3,0,0,0,True,bowled,625383,Jasprit Bumrah,Mumbai Indians,430246,Yuzvendra Chahal,Royal Challengers Bangalore,430246,Yuzvendra Chahal,450860,Adam Milne,0,6.34
ipl20,201704,1254108,2nd innings,166,14,0,111/9,0,106,17.4,0,0,0,False,,277912,Trent Boult,Mumbai Indians,430246,Yuzvendra Chahal,Royal Challengers Bangalore,,,450860,Adam Milne,0,6.28
ipl20,201705,1254108,2nd innings,166,13,0,111/9,0,107,17.5,0,0,0,False,,277912,Trent Boult,Mumbai Indians,430246,Yuzvendra Chahal,Royal Challengers Bangalore,,,450860,Adam Milne,0,6.22
ipl20,201706,1254108,2nd innings,166,12,0,111/9,0,108,17.6,0,0,0,False,,277912,Trent Boult,Mumbai Indians,430246,Yuzvendra Chahal,Royal Challengers Bangalore,,,450860,Adam Milne,0,6.16
ipl20,201801,1254108,2nd innings,166,11,0,111/10,10,109,18.1,0,0,0,True,bowled,450860,Adam Milne,Mumbai Indians,390481,Harshal Patel,Royal Challengers Bangalore,390481,Harshal Patel,277912,Trent Boult,0,6.11
