ipl_season,sequence,eventid,innings,target,remainingballs,homescore,awayscore,fallofwickets,ball,over,scorevalue,validball,extras,dismissal,dismissaltype,batsmanid,batsman,batsmanteam,bowlerid,bowler,bowlerteam,otherathleteinvolvedid,otherathleteinvolved,nonstrikerid,nonstriker,runs,runrate
ipl20,100001,1254079,1st innings,0,119,1/0,0,0,1,0.1,1,0,0,False,,253802,Virat Kohli,Royal Challengers Bangalore,236779,Ishant Sharma,Delhi Capitals,,,1119026,Devdutt Padikkal,1,6.0
ipl20,100002,1254079,1st innings,0,118,1/0,0,0,2,0.2,0,0,0,False,,1119026,Devdutt Padikkal,Royal Challengers Bangalore,236779,Ishant Sharma,Delhi Capitals,,,253802,Virat Kohli,0,3.0
ipl20,100003,1254079,1st innings,0,117,1/0,0,0,3,0.3,0,0,0,False,,1119026,Devdutt Padikkal,Royal Challengers Bangalore,236779,Ishant Sharma,Delhi Capitals,,,253802,Virat Kohli,0,2.0
ipl20,100004,1254079,1st innings,0,116,5/0,0,0,4,0.4,4,0,0,False,,1119026,Devdutt Padikkal,Royal Challengers Bangalore,236779,Ishant Sharma,Delhi Capitals,,,253802,Virat Kohli,4,7.5
ipl20,100005,1254079,1st innings,0,115,5/0,0,0,5,0.5,0,0,0,False,,1119026,Devdutt Padikkal,Royal Challengers Bangalore,236779,Ishant Sharma,Delhi Capitals,,,253802,Virat Kohli,0,6.0
ipl20,100006,1254079,1st innings,0,114,6/0,0,0,6,0.6,1,0,0,False,,1119026,Devdutt Padikkal,Royal Challengers Bangalore,236779,Ishant Sharma,Delhi Capitals,,,253802,Virat Kohli,1,6.0
ipl20,100101,1254079,1st innings,0,113,6/0,0,0,7,1.1,0,0,0,False,,1119026,Devdutt Padikkal,Royal Challengers Bangalore,550215,Kagiso Rabada,Delhi Capitals,,,253802,Virat Kohli,0,5.14
ipl20,100102,1254079,1st innings,0,112,10/0,0,0,8,1.2,4,0,0,False,,1119026,Devdutt Padikkal,Royal Challengers Bangalore,550215,Kagiso Rabada,Delhi Capitals,,,253802,Virat Kohli,4,7.5
ipl20,100103,1254079,1st innings,0,111,10/0,0,0,9,1.3,0,0,0,False,,1119026,Devdutt Padikkal,Royal Challengers Bangalore,550215,Kagiso Rabada,Delhi Capitals,,,253802,Virat Kohli,0,6.66
ipl20,100104,1254079,1st innings,0,110,11/0,0,0,10,1.4,1,0,0,False,,1119026,Devdutt Padikkal,Royal Challengers Bangalore,550215,Kagiso Rabada,Delhi Capitals,,,253802,Virat Kohli,1,6.6
ipl20,100105,1254079,1st innings,0,109,15/0,0,0,11,1.5,4,0,0,False,,253802,Virat Kohli,Royal Challengers Bangalore,550215,Kagiso Rabada,Delhi Capitals,,,1119026,Devdutt Padikkal,4,8.18
ipl20,100106,1254079,1st innings,0,108,16/0,0,0,12,1.6,1,0,0,False,,253802,Virat Kohli,Royal Challengers Bangalore,550215,Kagiso Rabada,Delhi Capitals,,,1119026,Devdutt Padikkal,1,8.0
ipl20,100201,1254079,1st innings,0,107,17/0,0,0,13,2.1,1,0,0,False,,253802,Virat Kohli,Royal Challengers Bangalore,236779,Ishant Sharma,Delhi Capitals,,,1119026,Devdutt Padikkal,1,7.84
ipl20,100202,1254079,1st innings,0,106,17/0,0,0,14,2.2,0,0,0,False,,1119026,Devdutt Padikkal,Royal Challengers Bangalore,236779,Ishant Sharma,Delhi Capitals,,,253802,Virat Kohli,0,7.28
ipl20,100203,1254079,1st innings,0,105,19/0,0,0,15,2.3,2,0,0,False,,1119026,Devdutt Padikkal,Royal Challengers Bangalore,236779,Ishant Sharma,Delhi Capitals,,,253802,Virat Kohli,2,7.6
ipl20,100204,1254079,1st innings,0,104,23/0,0,0,16,2.4,4,0,0,False,,1119026,Devdutt Padikkal,Royal Challengers Bangalore,236779,Ishant Sharma,Delhi Capitals,,,253802,Virat Kohli,4,8.62
ipl20,100205,1254079,1st innings,0,103,24/0,0,0,17,2.5,1,0,0,False,,1119026,Devdutt Padikkal,Royal Challengers Bangalore,236779,Ishant Sharma,Delhi Capitals,,,253802,Virat Kohli,1,8.47
ipl20,100206,1254079,1st innings,0,102,25/0,0,0,18,2.6,1,0,0,False,,253802,Virat Kohli,Royal Challengers Bangalore,236779,Ishant Sharma,Delhi Capitals,,,1119026,Devdutt Padikkal,1,8.33
ipl20,100301,1254079,1st innings,0,101,25/0,0,0,19,3.1,0,0,0,False,,253802,Virat Kohli,Royal Challengers Bangalore,694211,Avesh Khan,Delhi Capitals,,,1119026,Devdutt Padikkal,0,7.89
ipl20,100302,1254079,1st innings,0,100,29/0,0,0,20,3.2,4,0,0,False,,253802,Virat Kohli,Royal Challengers Bangalore,694211,Avesh Khan,Delhi Capitals,,,1119026,Devdutt Padikkal,4,8.7
ipl20,100303,1254079,1st innings,0,99,29/0,0,0,21,3.3,0,0,0,False,,253802,Virat Kohli,Royal Challengers Bangalore,694211,Avesh Khan,Delhi Capitals,,,1119026,Devdutt Padikkal,0,8.28
ipl20,100304,1254079,1st innings,0,98,29/0,0,0,22,3.4,0,0,0,False,,253802,Virat Kohli,Royal Challengers Bangalore,694211,Avesh Khan,Delhi Capitals,,,1119026,Devdutt Padikkal,0,7.9
ipl20,100305,1254079,1st innings,0,97,29/0,0,0,23,3.5,0,0,0,False,,253802,Virat Kohli,Royal Challengers Bangalore,694211,Avesh Khan,Delhi Capitals,,,1119026,Devdutt Padikkal,0,7.56
ipl20,100306,1254079,1st innings,0,97,30/0,0,0,23,3.5,1,1,1,False,,253802,Virat Kohli,Royal Challengers Bangalore,694211,Avesh Khan,Delhi Capitals,,,1119026,Devdutt Padikkal,1,7.82
ipl20,100307,1254079,1st innings,0,96,30/1,0,1,24,3.6,0,0,0,True,bowled,253802,Virat Kohli,Royal Challengers Bangalore,694211,Avesh Khan,Delhi Capitals,253802,Virat Kohli,1119026,Devdutt Padikkal,0,7.5
ipl20,100401,1254079,1st innings,0,95,30/2,0,2,25,4.1,0,0,0,True,bowled,1119026,Devdutt Padikkal,Royal Challengers Bangalore,236779,Ishant Sharma,Delhi Capitals,1119026,Devdutt Padikkal,823703,Rajat Patidar,0,7.2
ipl20,100402,1254079,1st innings,0,94,30/2,0,0,26,4.2,0,0,0,False,,325026,Glenn Maxwell,Royal Challengers Bangalore,236779,Ishant Sharma,Delhi Capitals,,,823703,Rajat Patidar,0,6.92
ipl20,100403,1254079,1st innings,0,93,30/2,0,0,27,4.3,0,0,0,False,,325026,Glenn Maxwell,Royal Challengers Bangalore,236779,Ishant Sharma,Delhi Capitals,,,823703,Rajat Patidar,0,6.66
ipl20,100404,1254079,1st innings,0,92,30/2,0,0,28,4.4,0,0,0,False,,325026,Glenn Maxwell,Royal Challengers Bangalore,236779,Ishant Sharma,Delhi Capitals,,,823703,Rajat Patidar,0,6.42
ipl20,100405,1254079,1st innings,0,91,30/2,0,0,29,4.5,0,0,0,False,,325026,Glenn Maxwell,Royal Challengers Bangalore,236779,Ishant Sharma,Delhi Capitals,,,823703,Rajat Patidar,0,6.2
ipl20,100406,1254079,1st innings,0,90,30/2,0,0,30,4.6,0,0,0,False,,325026,Glenn Maxwell,Royal Challengers Bangalore,236779,Ishant Sharma,Delhi Capitals,,,823703,Rajat Patidar,0,6.0
ipl20,100501,1254079,1st innings,0,89,31/2,0,0,31,5.1,1,0,0,False,,823703,Rajat Patidar,Royal Challengers Bangalore,694211,Avesh Khan,Delhi Capitals,,,325026,Glenn Maxwell,1,6.0
ipl20,100502,1254079,1st innings,0,88,35/2,0,0,32,5.2,4,0,0,False,,325026,Glenn Maxwell,Royal Challengers Bangalore,694211,Avesh Khan,Delhi Capitals,,,823703,Rajat Patidar,4,6.56
ipl20,100503,1254079,1st innings,0,87,35/2,0,0,33,5.3,0,0,0,False,,325026,Glenn Maxwell,Royal Challengers Bangalore,694211,Avesh Khan,Delhi Capitals,,,823703,Rajat Patidar,0,6.36
ipl20,100504,1254079,1st innings,0,86,35/2,0,0,34,5.4,0,0,0,False,,325026,Glenn Maxwell,Royal Challengers Bangalore,694211,Avesh Khan,Delhi Capitals,,,823703,Rajat Patidar,0,6.17
ipl20,100505,1254079,1st innings,0,85,36/2,0,0,35,5.5,1,0,0,False,,325026,Glenn Maxwell,Royal Challengers Bangalore,694211,Avesh Khan,Delhi Capitals,,,823703,Rajat Patidar,1,6.17
ipl20,100506,1254079,1st innings,0,84,36/2,0,0,36,5.6,0,0,0,False,,823703,Rajat Patidar,Royal Challengers Bangalore,694211,Avesh Khan,Delhi Capitals,,,325026,Glenn Maxwell,0,6.0
ipl20,100601,1254079,1st innings,0,83,37/2,0,0,37,6.1,1,0,0,False,,325026,Glenn Maxwell,Royal Challengers Bangalore,31107,Amit Mishra,Delhi Capitals,,,823703,Rajat Patidar,1,6.0
ipl20,100602,1254079,1st innings,0,82,38/2,0,0,38,6.2,1,0,0,False,,823703,Rajat Patidar,Royal Challengers Bangalore,31107,Amit Mishra,Delhi Capitals,,,325026,Glenn Maxwell,1,6.0
ipl20,100603,1254079,1st innings,0,81,39/2,0,0,39,6.3,1,0,0,False,,325026,Glenn Maxwell,Royal Challengers Bangalore,31107,Amit Mishra,Delhi Capitals,,,823703,Rajat Patidar,1,6.0
ipl20,100604,1254079,1st innings,0,80,40/2,0,0,40,6.4,1,0,0,False,,823703,Rajat Patidar,Royal Challengers Bangalore,31107,Amit Mishra,Delhi Capitals,,,325026,Glenn Maxwell,1,6.0
ipl20,100605,1254079,1st innings,0,79,46/2,0,0,41,6.5,6,0,0,False,,325026,Glenn Maxwell,Royal Challengers Bangalore,31107,Amit Mishra,Delhi Capitals,,,823703,Rajat Patidar,6,6.73
ipl20,100606,1254079,1st innings,0,78,47/2,0,0,42,6.6,1,0,0,False,,325026,Glenn Maxwell,Royal Challengers Bangalore,31107,Amit Mishra,Delhi Capitals,,,823703,Rajat Patidar,1,6.71
ipl20,100701,1254079,1st innings,0,77,47/2,0,0,43,7.1,0,0,0,False,,325026,Glenn Maxwell,Royal Challengers Bangalore,554691,Axar Patel,Delhi Capitals,,,823703,Rajat Patidar,0,6.55
ipl20,100702,1254079,1st innings,0,76,49/2,0,0,44,7.2,2,0,0,False,,325026,Glenn Maxwell,Royal Challengers Bangalore,554691,Axar Patel,Delhi Capitals,,,823703,Rajat Patidar,2,6.68
ipl20,100703,1254079,1st innings,0,75,49/2,0,0,45,7.3,0,0,0,False,,325026,Glenn Maxwell,Royal Challengers Bangalore,554691,Axar Patel,Delhi Capitals,,,823703,Rajat Patidar,0,6.53
ipl20,100704,1254079,1st innings,0,74,55/2,0,0,46,7.4,6,0,0,False,,325026,Glenn Maxwell,Royal Challengers Bangalore,554691,Axar Patel,Delhi Capitals,,,823703,Rajat Patidar,6,7.17
ipl20,100705,1254079,1st innings,0,73,56/2,0,0,47,7.5,1,0,0,False,,325026,Glenn Maxwell,Royal Challengers Bangalore,554691,Axar Patel,Delhi Capitals,,,823703,Rajat Patidar,1,7.14
ipl20,100706,1254079,1st innings,0,72,57/2,0,0,48,7.6,1,0,0,False,,823703,Rajat Patidar,Royal Challengers Bangalore,554691,Axar Patel,Delhi Capitals,,,325026,Glenn Maxwell,1,7.12
ipl20,100801,1254079,1st innings,0,71,58/2,0,0,49,8.1,1,0,0,False,,823703,Rajat Patidar,Royal Challengers Bangalore,31107,Amit Mishra,Delhi Capitals,,,325026,Glenn Maxwell,1,7.1
ipl20,100802,1254079,1st innings,0,70,60/2,0,0,50,8.2,2,0,0,False,,325026,Glenn Maxwell,Royal Challengers Bangalore,31107,Amit Mishra,Delhi Capitals,,,823703,Rajat Patidar,2,7.2
ipl20,100803,1254079,1st innings,0,69,60/3,0,3,51,8.3,0,0,0,True,caught,325026,Glenn Maxwell,Royal Challengers Bangalore,31107,Amit Mishra,Delhi Capitals,31107,Amit Mishra,823703,Rajat Patidar,0,7.05
ipl20,100804,1254079,1st innings,0,68,61/3,0,0,52,8.4,1,0,0,False,,823703,Rajat Patidar,Royal Challengers Bangalore,31107,Amit Mishra,Delhi Capitals,,,44936,AB de Villiers,1,7.03
ipl20,100805,1254079,1st innings,0,67,61/3,0,0,53,8.5,0,0,0,False,,44936,AB de Villiers,Royal Challengers Bangalore,31107,Amit Mishra,Delhi Capitals,,,823703,Rajat Patidar,0,6.9
ipl20,100806,1254079,1st innings,0,66,62/3,0,0,54,8.6,1,0,0,False,,44936,AB de Villiers,Royal Challengers Bangalore,31107,Amit Mishra,Delhi Capitals,,,823703,Rajat Patidar,1,6.88
ipl20,100901,1254079,1st innings,0,65,63/3,0,0,55,9.1,1,0,0,False,,44936,AB de Villiers,Royal Challengers Bangalore,554691,Axar Patel,Delhi Capitals,,,823703,Rajat Patidar,1,6.87
ipl20,100902,1254079,1st innings,0,64,64/3,0,0,56,9.2,1,0,0,False,,823703,Rajat Patidar,Royal Challengers Bangalore,554691,Axar Patel,Delhi Capitals,,,44936,AB de Villiers,1,6.85
ipl20,100903,1254079,1st innings,0,63,64/3,0,0,57,9.3,0,0,0,False,,44936,AB de Villiers,Royal Challengers Bangalore,554691,Axar Patel,Delhi Capitals,,,823703,Rajat Patidar,0,6.73
ipl20,100904,1254079,1st innings,0,62,65/3,0,0,58,9.4,1,0,0,False,,44936,AB de Villiers,Royal Challengers Bangalore,554691,Axar Patel,Delhi Capitals,,,823703,Rajat Patidar,1,6.72
ipl20,100905,1254079,1st innings,0,61,66/3,0,0,59,9.5,1,0,0,False,,823703,Rajat Patidar,Royal Challengers Bangalore,554691,Axar Patel,Delhi Capitals,,,44936,AB de Villiers,1,6.71
ipl20,100906,1254079,1st innings,0,60,68/3,0,0,60,9.6,2,0,0,False,,44936,AB de Villiers,Royal Challengers Bangalore,554691,Axar Patel,Delhi Capitals,,,823703,Rajat Patidar,2,6.8
ipl20,101001,1254079,1st innings,0,59,69/3,0,0,61,10.1,1,0,0,False,,823703,Rajat Patidar,Royal Challengers Bangalore,31107,Amit Mishra,Delhi Capitals,,,44936,AB de Villiers,1,6.78
ipl20,101002,1254079,1st innings,0,58,70/3,0,0,62,10.2,1,0,0,False,,44936,AB de Villiers,Royal Challengers Bangalore,31107,Amit Mishra,Delhi Capitals,,,823703,Rajat Patidar,1,6.77
ipl20,101003,1254079,1st innings,0,57,76/3,0,0,63,10.3,6,0,0,False,,823703,Rajat Patidar,Royal Challengers Bangalore,31107,Amit Mishra,Delhi Capitals,,,44936,AB de Villiers,6,7.23
ipl20,101004,1254079,1st innings,0,56,77/3,0,0,64,10.4,1,0,0,False,,823703,Rajat Patidar,Royal Challengers Bangalore,31107,Amit Mishra,Delhi Capitals,,,44936,AB de Villiers,1,7.21
ipl20,101005,1254079,1st innings,0,55,78/3,0,0,65,10.5,1,0,0,False,,44936,AB de Villiers,Royal Challengers Bangalore,31107,Amit Mishra,Delhi Capitals,,,823703,Rajat Patidar,1,7.2
ipl20,101006,1254079,1st innings,0,54,79/3,0,0,66,10.6,1,0,0,False,,823703,Rajat Patidar,Royal Challengers Bangalore,31107,Amit Mishra,Delhi Capitals,,,44936,AB de Villiers,1,7.18
ipl20,101101,1254079,1st innings,0,53,81/3,0,0,67,11.1,2,0,0,False,,823703,Rajat Patidar,Royal Challengers Bangalore,550215,Kagiso Rabada,Delhi Capitals,,,44936,AB de Villiers,2,7.25
ipl20,101102,1254079,1st innings,0,52,82/3,0,0,68,11.2,1,0,0,False,,823703,Rajat Patidar,Royal Challengers Bangalore,550215,Kagiso Rabada,Delhi Capitals,,,44936,AB de Villiers,1,7.23
ipl20,101103,1254079,1st innings,0,51,82/3,0,0,69,11.3,0,0,0,False,,44936,AB de Villiers,Royal Challengers Bangalore,550215,Kagiso Rabada,Delhi Capitals,,,823703,Rajat Patidar,0,7.13
ipl20,101104,1254079,1st innings,0,50,86/3,0,0,70,11.4,4,0,0,False,,44936,AB de Villiers,Royal Challengers Bangalore,550215,Kagiso Rabada,Delhi Capitals,,,823703,Rajat Patidar,4,7.37
ipl20,101105,1254079,1st innings,0,49,87/3,0,0,71,11.5,1,0,0,False,,44936,AB de Villiers,Royal Challengers Bangalore,550215,Kagiso Rabada,Delhi Capitals,,,823703,Rajat Patidar,1,7.35
ipl20,101106,1254079,1st innings,0,48,87/3,0,0,72,11.6,0,0,0,False,,823703,Rajat Patidar,Royal Challengers Bangalore,550215,Kagiso Rabada,Delhi Capitals,,,44936,AB de Villiers,0,7.25
ipl20,101201,1254079,1st innings,0,47,87/3,0,0,73,12.1,0,0,0,False,,44936,AB de Villiers,Royal Challengers Bangalore,554691,Axar Patel,Delhi Capitals,,,823703,Rajat Patidar,0,7.15
ipl20,101202,1254079,1st innings,0,46,89/3,0,0,74,12.2,2,0,0,False,,44936,AB de Villiers,Royal Challengers Bangalore,554691,Axar Patel,Delhi Capitals,,,823703,Rajat Patidar,2,7.21
ipl20,101203,1254079,1st innings,0,45,90/3,0,0,75,12.3,1,0,0,False,,44936,AB de Villiers,Royal Challengers Bangalore,554691,Axar Patel,Delhi Capitals,,,823703,Rajat Patidar,1,7.2
ipl20,101204,1254079,1st innings,0,44,91/3,0,0,76,12.4,1,0,0,False,,823703,Rajat Patidar,Royal Challengers Bangalore,554691,Axar Patel,Delhi Capitals,,,44936,AB de Villiers,1,7.18
ipl20,101205,1254079,1st innings,0,43,93/3,0,0,77,12.5,2,0,0,False,,44936,AB de Villiers,Royal Challengers Bangalore,554691,Axar Patel,Delhi Capitals,,,823703,Rajat Patidar,2,7.24
ipl20,101206,1254079,1st innings,0,42,94/3,0,0,78,12.6,1,0,0,False,,44936,AB de Villiers,Royal Challengers Bangalore,554691,Axar Patel,Delhi Capitals,,,823703,Rajat Patidar,1,7.23
ipl20,101301,1254079,1st innings,0,41,95/3,0,0,79,13.1,1,0,0,False,,44936,AB de Villiers,Royal Challengers Bangalore,236779,Ishant Sharma,Delhi Capitals,,,823703,Rajat Patidar,1,7.21
ipl20,101302,1254079,1st innings,0,40,96/3,0,0,80,13.2,1,0,0,False,,823703,Rajat Patidar,Royal Challengers Bangalore,236779,Ishant Sharma,Delhi Capitals,,,44936,AB de Villiers,1,7.2
ipl20,101303,1254079,1st innings,0,39,96/3,0,0,81,13.3,0,0,0,False,,44936,AB de Villiers,Royal Challengers Bangalore,236779,Ishant Sharma,Delhi Capitals,,,823703,Rajat Patidar,0,7.11
ipl20,101304,1254079,1st innings,0,38,97/3,0,0,82,13.4,1,0,0,False,,44936,AB de Villiers,Royal Challengers Bangalore,236779,Ishant Sharma,Delhi Capitals,,,823703,Rajat Patidar,1,7.09
ipl20,101305,1254079,1st innings,0,37,103/3,0,0,83,13.5,6,0,0,False,,823703,Rajat Patidar,Royal Challengers Bangalore,236779,Ishant Sharma,Delhi Capitals,,,44936,AB de Villiers,6,7.44
ipl20,101306,1254079,1st innings,0,36,105/3,0,0,84,13.6,2,0,0,False,,823703,Rajat Patidar,Royal Challengers Bangalore,236779,Ishant Sharma,Delhi Capitals,,,44936,AB de Villiers,2,7.5
ipl20,101401,1254079,1st innings,0,35,106/3,0,0,85,14.1,1,0,0,False,,44936,AB de Villiers,Royal Challengers Bangalore,554691,Axar Patel,Delhi Capitals,,,823703,Rajat Patidar,1,7.48
ipl20,101402,1254079,1st innings,0,34,107/3,0,0,86,14.2,1,0,0,False,,823703,Rajat Patidar,Royal Challengers Bangalore,554691,Axar Patel,Delhi Capitals,,,44936,AB de Villiers,1,7.46
ipl20,101403,1254079,1st innings,0,33,113/3,0,0,87,14.3,6,0,0,False,,44936,AB de Villiers,Royal Challengers Bangalore,554691,Axar Patel,Delhi Capitals,,,823703,Rajat Patidar,6,7.79
ipl20,101404,1254079,1st innings,0,32,114/3,0,0,88,14.4,1,0,0,False,,44936,AB de Villiers,Royal Challengers Bangalore,554691,Axar Patel,Delhi Capitals,,,823703,Rajat Patidar,1,7.77
ipl20,101405,1254079,1st innings,0,31,114/4,0,4,89,14.5,0,0,0,True,caught,823703,Rajat Patidar,Royal Challengers Bangalore,554691,Axar Patel,Delhi Capitals,267192,Steven Smith,44936,AB de Villiers,0,7.68
ipl20,101406,1254079,1st innings,0,30,115/4,0,0,90,14.6,1,0,0,False,,719715,Washington Sundar,Royal Challengers Bangalore,554691,Axar Patel,Delhi Capitals,,,44936,AB de Villiers,1,7.66
ipl20,101501,1254079,1st innings,0,29,115/4,0,0,91,15.1,0,0,0,False,,719715,Washington Sundar,Royal Challengers Bangalore,550215,Kagiso Rabada,Delhi Capitals,,,44936,AB de Villiers,0,7.58
ipl20,101502,1254079,1st innings,0,28,116/4,0,0,92,15.2,1,0,0,False,,719715,Washington Sundar,Royal Challengers Bangalore,550215,Kagiso Rabada,Delhi Capitals,,,44936,AB de Villiers,1,7.56
ipl20,101503,1254079,1st innings,0,27,120/4,0,0,93,15.3,4,0,0,False,,44936,AB de Villiers,Royal Challengers Bangalore,550215,Kagiso Rabada,Delhi Capitals,,,719715,Washington Sundar,4,7.74
ipl20,101504,1254079,1st innings,0,26,121/4,0,0,94,15.4,1,0,0,False,,44936,AB de Villiers,Royal Challengers Bangalore,550215,Kagiso Rabada,Delhi Capitals,,,719715,Washington Sundar,1,7.72
ipl20,101505,1254079,1st innings,0,25,122/4,0,0,95,15.5,1,0,0,False,,719715,Washington Sundar,Royal Challengers Bangalore,550215,Kagiso Rabada,Delhi Capitals,,,44936,AB de Villiers,1,7.7
ipl20,101506,1254079,1st innings,0,24,124/4,0,0,96,15.6,2,0,0,False,,44936,AB de Villiers,Royal Challengers Bangalore,550215,Kagiso Rabada,Delhi Capitals,,,719715,Washington Sundar,2,7.75
ipl20,101601,1254079,1st innings,0,23,125/4,0,0,97,16.1,1,0,0,False,,719715,Washington Sundar,Royal Challengers Bangalore,694211,Avesh Khan,Delhi Capitals,,,44936,AB de Villiers,1,7.73
ipl20,101602,1254079,1st innings,0,22,125/4,0,0,98,16.2,0,0,0,False,,44936,AB de Villiers,Royal Challengers Bangalore,694211,Avesh Khan,Delhi Capitals,,,719715,Washington Sundar,0,7.65
ipl20,101603,1254079,1st innings,0,21,126/4,0,0,99,16.3,1,0,0,False,,44936,AB de Villiers,Royal Challengers Bangalore,694211,Avesh Khan,Delhi Capitals,,,719715,Washington Sundar,1,7.63
ipl20,101604,1254079,1st innings,0,20,126/4,0,0,100,16.4,0,0,0,False,,719715,Washington Sundar,Royal Challengers Bangalore,694211,Avesh Khan,Delhi Capitals,,,44936,AB de Villiers,0,7.56
ipl20,101605,1254079,1st innings,0,19,127/4,0,0,101,16.5,1,0,0,False,,719715,Washington Sundar,Royal Challengers Bangalore,694211,Avesh Khan,Delhi Capitals,,,44936,AB de Villiers,1,7.54
ipl20,101606,1254079,1st innings,0,18,128/4,0,0,102,16.6,1,0,0,False,,44936,AB de Villiers,Royal Challengers Bangalore,694211,Avesh Khan,Delhi Capitals,,,719715,Washington Sundar,1,7.52
ipl20,101701,1254079,1st innings,0,17,130/4,0,0,103,17.1,2,0,0,False,,44936,AB de Villiers,Royal Challengers Bangalore,550215,Kagiso Rabada,Delhi Capitals,,,719715,Washington Sundar,2,7.57
ipl20,101702,1254079,1st innings,0,16,131/4,0,0,104,17.2,1,0,0,False,,44936,AB de Villiers,Royal Challengers Bangalore,550215,Kagiso Rabada,Delhi Capitals,,,719715,Washington Sundar,1,7.55
ipl20,101703,1254079,1st innings,0,15,132/4,0,0,105,17.3,1,0,0,False,,719715,Washington Sundar,Royal Challengers Bangalore,550215,Kagiso Rabada,Delhi Capitals,,,44936,AB de Villiers,1,7.54
ipl20,101704,1254079,1st innings,0,14,138/4,0,0,106,17.4,6,0,0,False,,44936,AB de Villiers,Royal Challengers Bangalore,550215,Kagiso Rabada,Delhi Capitals,,,719715,Washington Sundar,6,7.81
ipl20,101705,1254079,1st innings,0,13,139/4,0,0,107,17.5,1,0,0,False,,44936,AB de Villiers,Royal Challengers Bangalore,550215,Kagiso Rabada,Delhi Capitals,,,719715,Washington Sundar,1,7.79
ipl20,101706,1254079,1st innings,0,12,139/5,0,5,108,17.6,0,0,0,True,caught,719715,Washington Sundar,Royal Challengers Bangalore,550215,Kagiso Rabada,Delhi Capitals,550215,Kagiso Rabada,44936,AB de Villiers,0,7.72
ipl20,101801,1254079,1st innings,0,11,139/5,0,0,109,18.1,0,0,0,False,,44936,AB de Villiers,Royal Challengers Bangalore,694211,Avesh Khan,Delhi Capitals,,,826901,Daniel Sams,0,7.65
ipl20,101802,1254079,1st innings,0,10,140/5,0,0,110,18.2,1,0,0,False,,44936,AB de Villiers,Royal Challengers Bangalore,694211,Avesh Khan,Delhi Capitals,,,826901,Daniel Sams,1,7.63
ipl20,101803,1254079,1st innings,0,9,142/5,0,0,111,18.3,2,0,0,False,,826901,Daniel Sams,Royal Challengers Bangalore,694211,Avesh Khan,Delhi Capitals,,,44936,AB de Villiers,2,7.67
ipl20,101804,1254079,1st innings,0,8,143/5,0,0,112,18.4,1,0,0,False,,826901,Daniel Sams,Royal Challengers Bangalore,694211,Avesh Khan,Delhi Capitals,,,44936,AB de Villiers,1,7.66
ipl20,101805,1254079,1st innings,0,7,147/5,0,0,113,18.5,4,0,0,False,,44936,AB de Villiers,Royal Challengers Bangalore,694211,Avesh Khan,Delhi Capitals,,,826901,Daniel Sams,4,7.8
ipl20,101806,1254079,1st innings,0,6,148/5,0,0,114,18.6,1,0,0,False,,44936,AB de Villiers,Royal Challengers Bangalore,694211,Avesh Khan,Delhi Capitals,,,826901,Daniel Sams,1,7.78
ipl20,101901,1254079,1st innings,0,6,149/5,0,0,114,19.0,1,1,1,False,,44936,AB de Villiers,Royal Challengers Bangalore,325012,Marcus Stoinis,Delhi Capitals,,,826901,Daniel Sams,1,7.84
ipl20,101902,1254079,1st innings,0,5,151/5,0,0,115,19.1,2,0,0,False,,44936,AB de Villiers,Royal Challengers Bangalore,325012,Marcus Stoinis,Delhi Capitals,,,826901,Daniel Sams,2,7.87
ipl20,101903,1254079,1st innings,0,4,157/5,0,0,116,19.2,6,0,0,False,,44936,AB de Villiers,Royal Challengers Bangalore,325012,Marcus Stoinis,Delhi Capitals,,,826901,Daniel Sams,6,8.12
ipl20,101904,1254079,1st innings,0,3,157/5,0,0,117,19.3,0,0,0,False,,44936,AB de Villiers,Royal Challengers Bangalore,325012,Marcus Stoinis,Delhi Capitals,,,826901,Daniel Sams,0,8.05
ipl20,101905,1254079,1st innings,0,2,163/5,0,0,118,19.4,6,0,0,False,,44936,AB de Villiers,Royal Challengers Bangalore,325012,Marcus Stoinis,Delhi Capitals,,,826901,Daniel Sams,6,8.28
ipl20,101906,1254079,1st innings,0,1,169/5,0,0,119,19.5,6,0,0,False,,44936,AB de Villiers,Royal Challengers Bangalore,325012,Marcus Stoinis,Delhi Capitals,,,826901,Daniel Sams,6,8.52
ipl20,101907,1254079,1st innings,0,0,171/5,0,0,120,19.6,2,0,0,False,,44936,AB de Villiers,Royal Challengers Bangalore,325012,Marcus Stoinis,Delhi Capitals,,,826901,Daniel Sams,2,8.55
ipl20,200001,1254079,2nd innings,172,119,0,0/0,0,1,0.1,0,0,0,False,,1070168,Prithvi Shaw,Delhi Capitals,826901,Daniel Sams,Royal Challengers Bangalore,,,28235,Shikhar Dhawan,0,0.0
ipl20,200002,1254079,2nd innings,172,118,0,1/0,0,2,0.2,1,0,0,False,,1070168,Prithvi Shaw,Delhi Capitals,826901,Daniel Sams,Royal Challengers Bangalore,,,28235,Shikhar Dhawan,1,3.0
ipl20,200003,1254079,2nd innings,172,117,0,2/0,0,3,0.3,1,0,0,False,,28235,Shikhar Dhawan,Delhi Capitals,826901,Daniel Sams,Royal Challengers Bangalore,,,1070168,Prithvi Shaw,1,4.0
ipl20,200004,1254079,2nd innings,172,116,0,3/0,0,4,0.4,1,0,0,False,,1070168,Prithvi Shaw,Delhi Capitals,826901,Daniel Sams,Royal Challengers Bangalore,,,28235,Shikhar Dhawan,1,4.5
ipl20,200005,1254079,2nd innings,172,115,0,3/0,0,5,0.5,0,0,0,False,,28235,Shikhar Dhawan,Delhi Capitals,826901,Daniel Sams,Royal Challengers Bangalore,,,1070168,Prithvi Shaw,0,3.6
ipl20,200006,1254079,2nd innings,172,114,0,7/0,0,6,0.6,4,0,0,False,,28235,Shikhar Dhawan,Delhi Capitals,826901,Daniel Sams,Royal Challengers Bangalore,,,1070168,Prithvi Shaw,4,7.0
ipl20,200101,1254079,2nd innings,172,113,0,11/0,0,7,1.1,4,0,0,False,,1070168,Prithvi Shaw,Delhi Capitals,940973,Mohammed Siraj,Royal Challengers Bangalore,,,28235,Shikhar Dhawan,4,9.42
ipl20,200102,1254079,2nd innings,172,112,0,12/0,0,8,1.2,1,0,0,False,,1070168,Prithvi Shaw,Delhi Capitals,940973,Mohammed Siraj,Royal Challengers Bangalore,,,28235,Shikhar Dhawan,1,9.0
ipl20,200103,1254079,2nd innings,172,111,0,13/0,0,9,1.3,1,0,0,False,,28235,Shikhar Dhawan,Delhi Capitals,940973,Mohammed Siraj,Royal Challengers Bangalore,,,1070168,Prithvi Shaw,1,8.66
ipl20,200104,1254079,2nd innings,172,110,0,17/0,0,10,1.4,4,0,4,False,,1070168,Prithvi Shaw,Delhi Capitals,940973,Mohammed Siraj,Royal Challengers Bangalore,,,28235,Shikhar Dhawan,4,10.2
ipl20,200105,1254079,2nd innings,172,109,0,21/0,0,11,1.5,4,0,0,False,,1070168,Prithvi Shaw,Delhi Capitals,940973,Mohammed Siraj,Royal Challengers Bangalore,,,28235,Shikhar Dhawan,4,11.45
ipl20,200106,1254079,2nd innings,172,108,0,23/0,0,12,1.6,2,0,0,False,,1070168,Prithvi Shaw,Delhi Capitals,940973,Mohammed Siraj,Royal Challengers Bangalore,,,28235,Shikhar Dhawan,2,11.5
ipl20,200201,1254079,2nd innings,172,107,0,23/0,0,13,2.1,0,0,0,False,,28235,Shikhar Dhawan,Delhi Capitals,625960,Kyle Jamieson,Royal Challengers Bangalore,,,1070168,Prithvi Shaw,0,10.61
ipl20,200202,1254079,2nd innings,172,106,0,23/0,0,14,2.2,0,0,0,False,,28235,Shikhar Dhawan,Delhi Capitals,625960,Kyle Jamieson,Royal Challengers Bangalore,,,1070168,Prithvi Shaw,0,9.85
ipl20,200203,1254079,2nd innings,172,105,0,23/1,1,15,2.3,0,0,0,True,caught,28235,Shikhar Dhawan,Delhi Capitals,625960,Kyle Jamieson,Royal Challengers Bangalore,28235,Shikhar Dhawan,1070168,Prithvi Shaw,0,9.2
ipl20,200204,1254079,2nd innings,172,104,0,23/1,0,16,2.4,0,0,0,False,,267192,Steven Smith,Delhi Capitals,625960,Kyle Jamieson,Royal Challengers Bangalore,,,1070168,Prithvi Shaw,0,8.62
ipl20,200205,1254079,2nd innings,172,103,0,23/1,0,17,2.5,0,0,0,False,,267192,Steven Smith,Delhi Capitals,625960,Kyle Jamieson,Royal Challengers Bangalore,,,1070168,Prithvi Shaw,0,8.11
ipl20,200206,1254079,2nd innings,172,102,0,27/1,0,18,2.6,4,0,0,False,,267192,Steven Smith,Delhi Capitals,625960,Kyle Jamieson,Royal Challengers Bangalore,,,1070168,Prithvi Shaw,4,9.0
ipl20,200301,1254079,2nd innings,172,101,0,28/1,0,19,3.1,1,0,0,False,,1070168,Prithvi Shaw,Delhi Capitals,940973,Mohammed Siraj,Royal Challengers Bangalore,,,267192,Steven Smith,1,8.84
ipl20,200302,1254079,2nd innings,172,100,0,28/1,0,20,3.2,0,0,0,False,,267192,Steven Smith,Delhi Capitals,940973,Mohammed Siraj,Royal Challengers Bangalore,,,1070168,Prithvi Shaw,0,8.4
ipl20,200303,1254079,2nd innings,172,99,0,28/2,2,21,3.3,0,0,0,True,caught,267192,Steven Smith,Delhi Capitals,940973,Mohammed Siraj,Royal Challengers Bangalore,44936,AB de Villiers,1070168,Prithvi Shaw,0,8.0
ipl20,200304,1254079,2nd innings,172,98,0,29/2,0,22,3.4,1,0,0,False,,931581,Rishabh Pant,Delhi Capitals,940973,Mohammed Siraj,Royal Challengers Bangalore,,,1070168,Prithvi Shaw,1,7.9
ipl20,200305,1254079,2nd innings,172,97,0,29/2,0,23,3.5,0,0,0,False,,1070168,Prithvi Shaw,Delhi Capitals,940973,Mohammed Siraj,Royal Challengers Bangalore,,,931581,Rishabh Pant,0,7.56
ipl20,200306,1254079,2nd innings,172,96,0,33/2,0,24,3.6,4,0,0,False,,1070168,Prithvi Shaw,Delhi Capitals,940973,Mohammed Siraj,Royal Challengers Bangalore,,,931581,Rishabh Pant,4,8.25
ipl20,200401,1254079,2nd innings,172,95,0,33/2,0,25,4.1,0,0,0,False,,931581,Rishabh Pant,Delhi Capitals,625960,Kyle Jamieson,Royal Challengers Bangalore,,,1070168,Prithvi Shaw,0,7.92
ipl20,200402,1254079,2nd innings,172,94,0,33/2,0,26,4.2,0,0,0,False,,931581,Rishabh Pant,Delhi Capitals,625960,Kyle Jamieson,Royal Challengers Bangalore,,,1070168,Prithvi Shaw,0,7.61
ipl20,200403,1254079,2nd innings,172,93,0,33/2,0,27,4.3,0,0,0,False,,931581,Rishabh Pant,Delhi Capitals,625960,Kyle Jamieson,Royal Challengers Bangalore,,,1070168,Prithvi Shaw,0,7.33
ipl20,200404,1254079,2nd innings,172,92,0,34/2,0,28,4.4,1,0,0,False,,931581,Rishabh Pant,Delhi Capitals,625960,Kyle Jamieson,Royal Challengers Bangalore,,,1070168,Prithvi Shaw,1,7.28
ipl20,200405,1254079,2nd innings,172,91,0,34/2,0,29,4.5,0,0,0,False,,1070168,Prithvi Shaw,Delhi Capitals,625960,Kyle Jamieson,Royal Challengers Bangalore,,,931581,Rishabh Pant,0,7.03
ipl20,200406,1254079,2nd innings,172,90,0,35/2,0,30,4.6,1,0,0,False,,1070168,Prithvi Shaw,Delhi Capitals,625960,Kyle Jamieson,Royal Challengers Bangalore,,,931581,Rishabh Pant,1,7.0
ipl20,200501,1254079,2nd innings,172,89,0,36/2,0,31,5.1,1,0,0,False,,1070168,Prithvi Shaw,Delhi Capitals,826901,Daniel Sams,Royal Challengers Bangalore,,,931581,Rishabh Pant,1,6.96
ipl20,200502,1254079,2nd innings,172,88,0,36/2,0,32,5.2,0,0,0,False,,931581,Rishabh Pant,Delhi Capitals,826901,Daniel Sams,Royal Challengers Bangalore,,,1070168,Prithvi Shaw,0,6.75
ipl20,200503,1254079,2nd innings,172,87,0,40/2,0,33,5.3,4,0,0,False,,931581,Rishabh Pant,Delhi Capitals,826901,Daniel Sams,Royal Challengers Bangalore,,,1070168,Prithvi Shaw,4,7.27
ipl20,200504,1254079,2nd innings,172,86,0,40/2,0,34,5.4,0,0,0,False,,931581,Rishabh Pant,Delhi Capitals,826901,Daniel Sams,Royal Challengers Bangalore,,,1070168,Prithvi Shaw,0,7.05
ipl20,200505,1254079,2nd innings,172,85,0,42/2,0,35,5.5,2,0,0,False,,931581,Rishabh Pant,Delhi Capitals,826901,Daniel Sams,Royal Challengers Bangalore,,,1070168,Prithvi Shaw,2,7.2
ipl20,200506,1254079,2nd innings,172,84,0,43/2,0,36,5.6,1,0,0,False,,931581,Rishabh Pant,Delhi Capitals,826901,Daniel Sams,Royal Challengers Bangalore,,,1070168,Prithvi Shaw,1,7.16
ipl20,200601,1254079,2nd innings,172,83,0,43/2,0,37,6.1,0,0,0,False,,931581,Rishabh Pant,Delhi Capitals,719715,Washington Sundar,Royal Challengers Bangalore,,,1070168,Prithvi Shaw,0,6.97
ipl20,200602,1254079,2nd innings,172,82,0,44/2,0,38,6.2,1,0,0,False,,931581,Rishabh Pant,Delhi Capitals,719715,Washington Sundar,Royal Challengers Bangalore,,,1070168,Prithvi Shaw,1,6.94
ipl20,200603,1254079,2nd innings,172,81,0,44/2,0,39,6.3,0,0,0,False,,1070168,Prithvi Shaw,Delhi Capitals,719715,Washington Sundar,Royal Challengers Bangalore,,,931581,Rishabh Pant,0,6.76
ipl20,200604,1254079,2nd innings,172,80,0,44/2,0,40,6.4,0,0,0,False,,1070168,Prithvi Shaw,Delhi Capitals,719715,Washington Sundar,Royal Challengers Bangalore,,,931581,Rishabh Pant,0,6.6
ipl20,200605,1254079,2nd innings,172,79,0,45/2,0,41,6.5,1,0,0,False,,1070168,Prithvi Shaw,Delhi Capitals,719715,Washington Sundar,Royal Challengers Bangalore,,,931581,Rishabh Pant,1,6.58
ipl20,200606,1254079,2nd innings,172,78,0,46/2,0,42,6.6,1,0,0,False,,931581,Rishabh Pant,Delhi Capitals,719715,Washington Sundar,Royal Challengers Bangalore,,,1070168,Prithvi Shaw,1,6.57
ipl20,200701,1254079,2nd innings,172,77,0,47/2,0,43,7.1,1,0,0,False,,931581,Rishabh Pant,Delhi Capitals,390481,Harshal Patel,Royal Challengers Bangalore,,,1070168,Prithvi Shaw,1,6.55
ipl20,200702,1254079,2nd innings,172,76,0,47/3,3,44,7.2,0,0,0,True,caught,1070168,Prithvi Shaw,Delhi Capitals,390481,Harshal Patel,Royal Challengers Bangalore,44936,AB de Villiers,931581,Rishabh Pant,0,6.4
ipl20,200703,1254079,2nd innings,172,75,0,48/3,0,45,7.3,1,0,0,False,,325012,Marcus Stoinis,Delhi Capitals,390481,Harshal Patel,Royal Challengers Bangalore,,,931581,Rishabh Pant,1,6.4
ipl20,200704,1254079,2nd innings,172,74,0,49/3,0,46,7.4,1,0,0,False,,931581,Rishabh Pant,Delhi Capitals,390481,Harshal Patel,Royal Challengers Bangalore,,,325012,Marcus Stoinis,1,6.39
ipl20,200705,1254079,2nd innings,172,73,0,50/3,0,47,7.5,1,0,0,False,,325012,Marcus Stoinis,Delhi Capitals,390481,Harshal Patel,Royal Challengers Bangalore,,,931581,Rishabh Pant,1,6.38
ipl20,200706,1254079,2nd innings,172,72,0,50/3,0,48,7.6,0,0,0,False,,931581,Rishabh Pant,Delhi Capitals,390481,Harshal Patel,Royal Challengers Bangalore,,,325012,Marcus Stoinis,0,6.25
ipl20,200801,1254079,2nd innings,172,71,0,50/3,0,49,8.1,0,0,0,False,,325012,Marcus Stoinis,Delhi Capitals,430246,Yuzvendra Chahal,Royal Challengers Bangalore,,,931581,Rishabh Pant,0,6.12
ipl20,200802,1254079,2nd innings,172,70,0,51/3,0,50,8.2,1,0,0,False,,325012,Marcus Stoinis,Delhi Capitals,430246,Yuzvendra Chahal,Royal Challengers Bangalore,,,931581,Rishabh Pant,1,6.12
ipl20,200803,1254079,2nd innings,172,69,0,52/3,0,51,8.3,1,0,0,False,,931581,Rishabh Pant,Delhi Capitals,430246,Yuzvendra Chahal,Royal Challengers Bangalore,,,325012,Marcus Stoinis,1,6.11
ipl20,200804,1254079,2nd innings,172,68,0,52/3,0,52,8.4,0,0,0,False,,325012,Marcus Stoinis,Delhi Capitals,430246,Yuzvendra Chahal,Royal Challengers Bangalore,,,931581,Rishabh Pant,0,6.0
ipl20,200805,1254079,2nd innings,172,67,0,53/3,0,53,8.5,1,0,0,False,,325012,Marcus Stoinis,Delhi Capitals,430246,Yuzvendra Chahal,Royal Challengers Bangalore,,,931581,Rishabh Pant,1,6.0
ipl20,200806,1254079,2nd innings,172,66,0,53/3,0,54,8.6,0,0,0,False,,931581,Rishabh Pant,Delhi Capitals,430246,Yuzvendra Chahal,Royal Challengers Bangalore,,,325012,Marcus Stoinis,0,5.88
ipl20,200901,1254079,2nd innings,172,65,0,54/3,0,55,9.1,1,0,0,False,,325012,Marcus Stoinis,Delhi Capitals,719715,Washington Sundar,Royal Challengers Bangalore,,,931581,Rishabh Pant,1,5.89
ipl20,200902,1254079,2nd innings,172,64,0,56/3,0,56,9.2,2,0,0,False,,931581,Rishabh Pant,Delhi Capitals,719715,Washington Sundar,Royal Challengers Bangalore,,,325012,Marcus Stoinis,2,6.0
ipl20,200903,1254079,2nd innings,172,63,0,58/3,0,57,9.3,2,0,0,False,,931581,Rishabh Pant,Delhi Capitals,719715,Washington Sundar,Royal Challengers Bangalore,,,325012,Marcus Stoinis,2,6.1
ipl20,200904,1254079,2nd innings,172,62,0,60/3,0,58,9.4,2,0,0,False,,931581,Rishabh Pant,Delhi Capitals,719715,Washington Sundar,Royal Challengers Bangalore,,,325012,Marcus Stoinis,2,6.2
ipl20,200905,1254079,2nd innings,172,61,0,61/3,0,59,9.5,1,0,0,False,,931581,Rishabh Pant,Delhi Capitals,719715,Washington Sundar,Royal Challengers Bangalore,,,325012,Marcus Stoinis,1,6.2
ipl20,200906,1254079,2nd innings,172,60,0,62/3,0,60,9.6,1,0,0,False,,325012,Marcus Stoinis,Delhi Capitals,719715,Washington Sundar,Royal Challengers Bangalore,,,931581,Rishabh Pant,1,6.2
ipl20,201001,1254079,2nd innings,172,59,0,66/3,0,61,10.1,4,0,0,False,,325012,Marcus Stoinis,Delhi Capitals,430246,Yuzvendra Chahal,Royal Challengers Bangalore,,,931581,Rishabh Pant,4,6.49
ipl20,201002,1254079,2nd innings,172,58,0,67/3,0,62,10.2,1,0,0,False,,325012,Marcus Stoinis,Delhi Capitals,430246,Yuzvendra Chahal,Royal Challengers Bangalore,,,931581,Rishabh Pant,1,6.48
ipl20,201003,1254079,2nd innings,172,57,0,67/3,0,63,10.3,0,0,0,False,,931581,Rishabh Pant,Delhi Capitals,430246,Yuzvendra Chahal,Royal Challengers Bangalore,,,325012,Marcus Stoinis,0,6.38
ipl20,201004,1254079,2nd innings,172,56,0,68/3,0,64,10.4,1,0,0,False,,931581,Rishabh Pant,Delhi Capitals,430246,Yuzvendra Chahal,Royal Challengers Bangalore,,,325012,Marcus Stoinis,1,6.37
ipl20,201005,1254079,2nd innings,172,55,0,68/3,0,65,10.5,0,0,0,False,,325012,Marcus Stoinis,Delhi Capitals,430246,Yuzvendra Chahal,Royal Challengers Bangalore,,,931581,Rishabh Pant,0,6.27
ipl20,201006,1254079,2nd innings,172,54,0,69/3,0,66,10.6,1,0,0,False,,325012,Marcus Stoinis,Delhi Capitals,430246,Yuzvendra Chahal,Royal Challengers Bangalore,,,931581,Rishabh Pant,1,6.27
ipl20,201101,1254079,2nd innings,172,53,0,70/3,0,67,11.1,1,0,0,False,,325012,Marcus Stoinis,Delhi Capitals,719715,Washington Sundar,Royal Challengers Bangalore,,,931581,Rishabh Pant,1,6.26
ipl20,201102,1254079,2nd innings,172,52,0,71/3,0,68,11.2,1,0,0,False,,931581,Rishabh Pant,Delhi Capitals,719715,Washington Sundar,Royal Challengers Bangalore,,,325012,Marcus Stoinis,1,6.26
ipl20,201103,1254079,2nd innings,172,51,0,75/3,0,69,11.3,4,0,0,False,,325012,Marcus Stoinis,Delhi Capitals,719715,Washington Sundar,Royal Challengers Bangalore,,,931581,Rishabh Pant,4,6.52
ipl20,201104,1254079,2nd innings,172,50,0,76/3,0,70,11.4,1,0,0,False,,325012,Marcus Stoinis,Delhi Capitals,719715,Washington Sundar,Royal Challengers Bangalore,,,931581,Rishabh Pant,1,6.51
ipl20,201105,1254079,2nd innings,172,49,0,77/3,0,71,11.5,1,0,0,False,,931581,Rishabh Pant,Delhi Capitals,719715,Washington Sundar,Royal Challengers Bangalore,,,325012,Marcus Stoinis,1,6.5
ipl20,201106,1254079,2nd innings,172,48,0,81/3,0,72,11.6,4,0,0,False,,325012,Marcus Stoinis,Delhi Capitals,719715,Washington Sundar,Royal Challengers Bangalore,,,931581,Rishabh Pant,4,6.75
ipl20,201201,1254079,2nd innings,172,47,0,85/3,0,73,12.1,4,0,0,False,,931581,Rishabh Pant,Delhi Capitals,390481,Harshal Patel,Royal Challengers Bangalore,,,325012,Marcus Stoinis,4,6.98
ipl20,201202,1254079,2nd innings,172,46,0,89/3,0,74,12.2,4,0,0,False,,931581,Rishabh Pant,Delhi Capitals,390481,Harshal Patel,Royal Challengers Bangalore,,,325012,Marcus Stoinis,4,7.21
ipl20,201203,1254079,2nd innings,172,46,0,90/3,0,74,12.2,1,1,1,False,,931581,Rishabh Pant,Delhi Capitals,390481,Harshal Patel,Royal Challengers Bangalore,,,325012,Marcus Stoinis,1,7.29
ipl20,201204,1254079,2nd innings,172,46,0,91/3,0,74,12.2,1,1,1,False,,931581,Rishabh Pant,Delhi Capitals,390481,Harshal Patel,Royal Challengers Bangalore,,,325012,Marcus Stoinis,1,7.37
ipl20,201205,1254079,2nd innings,172,45,0,92/3,0,75,12.3,1,0,0,False,,931581,Rishabh Pant,Delhi Capitals,390481,Harshal Patel,Royal Challengers Bangalore,,,325012,Marcus Stoinis,1,7.36
ipl20,201206,1254079,2nd innings,172,44,0,92/4,4,76,12.4,0,0,0,True,caught,325012,Marcus Stoinis,Delhi Capitals,390481,Harshal Patel,Royal Challengers Bangalore,44936,AB de Villiers,931581,Rishabh Pant,0,7.26
ipl20,201207,1254079,2nd innings,172,43,0,92/4,0,77,12.5,0,0,0,False,,670025,Shimron Hetmyer,Delhi Capitals,390481,Harshal Patel,Royal Challengers Bangalore,,,931581,Rishabh Pant,0,7.16
ipl20,201208,1254079,2nd innings,172,42,0,93/4,0,78,12.6,1,0,0,False,,670025,Shimron Hetmyer,Delhi Capitals,390481,Harshal Patel,Royal Challengers Bangalore,,,931581,Rishabh Pant,1,7.15
ipl20,201301,1254079,2nd innings,172,41,0,93/4,0,79,13.1,0,0,0,False,,670025,Shimron Hetmyer,Delhi Capitals,719715,Washington Sundar,Royal Challengers Bangalore,,,931581,Rishabh Pant,0,7.06
ipl20,201302,1254079,2nd innings,172,40,0,94/4,0,80,13.2,1,0,0,False,,670025,Shimron Hetmyer,Delhi Capitals,719715,Washington Sundar,Royal Challengers Bangalore,,,931581,Rishabh Pant,1,7.05
ipl20,201303,1254079,2nd innings,172,39,0,95/4,0,81,13.3,1,0,0,False,,931581,Rishabh Pant,Delhi Capitals,719715,Washington Sundar,Royal Challengers Bangalore,,,670025,Shimron Hetmyer,1,7.03
ipl20,201304,1254079,2nd innings,172,38,0,96/4,0,82,13.4,1,0,0,False,,670025,Shimron Hetmyer,Delhi Capitals,719715,Washington Sundar,Royal Challengers Bangalore,,,931581,Rishabh Pant,1,7.02
ipl20,201305,1254079,2nd innings,172,37,0,96/4,0,83,13.5,0,0,0,False,,931581,Rishabh Pant,Delhi Capitals,719715,Washington Sundar,Royal Challengers Bangalore,,,670025,Shimron Hetmyer,0,6.93
ipl20,201306,1254079,2nd innings,172,36,0,97/4,0,84,13.6,1,0,0,False,,931581,Rishabh Pant,Delhi Capitals,719715,Washington Sundar,Royal Challengers Bangalore,,,670025,Shimron Hetmyer,1,6.92
ipl20,201401,1254079,2nd innings,172,35,0,98/4,0,85,14.1,1,0,0,False,,931581,Rishabh Pant,Delhi Capitals,940973,Mohammed Siraj,Royal Challengers Bangalore,,,670025,Shimron Hetmyer,1,6.91
ipl20,201402,1254079,2nd innings,172,34,0,104/4,0,86,14.2,6,0,0,False,,670025,Shimron Hetmyer,Delhi Capitals,940973,Mohammed Siraj,Royal Challengers Bangalore,,,931581,Rishabh Pant,6,7.25
ipl20,201403,1254079,2nd innings,172,33,0,108/4,0,87,14.3,4,0,0,False,,670025,Shimron Hetmyer,Delhi Capitals,940973,Mohammed Siraj,Royal Challengers Bangalore,,,931581,Rishabh Pant,4,7.44
ipl20,201404,1254079,2nd innings,172,32,0,109/4,0,88,14.4,1,0,0,False,,670025,Shimron Hetmyer,Delhi Capitals,940973,Mohammed Siraj,Royal Challengers Bangalore,,,931581,Rishabh Pant,1,7.43
ipl20,201405,1254079,2nd innings,172,31,0,110/4,0,89,14.5,1,0,0,False,,931581,Rishabh Pant,Delhi Capitals,940973,Mohammed Siraj,Royal Challengers Bangalore,,,670025,Shimron Hetmyer,1,7.41
ipl20,201406,1254079,2nd innings,172,30,0,111/4,0,90,14.6,1,0,0,False,,670025,Shimron Hetmyer,Delhi Capitals,940973,Mohammed Siraj,Royal Challengers Bangalore,,,931581,Rishabh Pant,1,7.4
ipl20,201501,1254079,2nd innings,172,29,0,112/4,0,91,15.1,1,0,0,False,,670025,Shimron Hetmyer,Delhi Capitals,625960,Kyle Jamieson,Royal Challengers Bangalore,,,931581,Rishabh Pant,1,7.38
ipl20,201502,1254079,2nd innings,172,28,0,112/4,0,92,15.2,0,0,0,False,,931581,Rishabh Pant,Delhi Capitals,625960,Kyle Jamieson,Royal Challengers Bangalore,,,670025,Shimron Hetmyer,0,7.3
ipl20,201503,1254079,2nd innings,172,27,0,113/4,0,93,15.3,1,0,0,False,,931581,Rishabh Pant,Delhi Capitals,625960,Kyle Jamieson,Royal Challengers Bangalore,,,670025,Shimron Hetmyer,1,7.29
ipl20,201504,1254079,2nd innings,172,26,0,114/4,0,94,15.4,1,0,0,False,,670025,Shimron Hetmyer,Delhi Capitals,625960,Kyle Jamieson,Royal Challengers Bangalore,,,931581,Rishabh Pant,1,7.27
ipl20,201505,1254079,2nd innings,172,25,0,115/4,0,95,15.5,1,0,0,False,,931581,Rishabh Pant,Delhi Capitals,625960,Kyle Jamieson,Royal Challengers Bangalore,,,670025,Shimron Hetmyer,1,7.26
ipl20,201506,1254079,2nd innings,172,24,0,116/4,0,96,15.6,1,0,0,False,,670025,Shimron Hetmyer,Delhi Capitals,625960,Kyle Jamieson,Royal Challengers Bangalore,,,931581,Rishabh Pant,1,7.25
ipl20,201601,1254079,2nd innings,172,23,0,117/4,0,97,16.1,1,0,0,False,,670025,Shimron Hetmyer,Delhi Capitals,390481,Harshal Patel,Royal Challengers Bangalore,,,931581,Rishabh Pant,1,7.23
ipl20,201602,1254079,2nd innings,172,22,0,117/4,0,98,16.2,0,0,0,False,,931581,Rishabh Pant,Delhi Capitals,390481,Harshal Patel,Royal Challengers Bangalore,,,670025,Shimron Hetmyer,0,7.16
ipl20,201603,1254079,2nd innings,172,21,0,118/4,0,99,16.3,1,0,0,False,,931581,Rishabh Pant,Delhi Capitals,390481,Harshal Patel,Royal Challengers Bangalore,,,670025,Shimron Hetmyer,1,7.15
ipl20,201604,1254079,2nd innings,172,20,0,120/4,0,100,16.4,2,0,0,False,,670025,Shimron Hetmyer,Delhi Capitals,390481,Harshal Patel,Royal Challengers Bangalore,,,931581,Rishabh Pant,2,7.2
ipl20,201605,1254079,2nd innings,172,19,0,124/4,0,101,16.5,4,0,0,False,,670025,Shimron Hetmyer,Delhi Capitals,390481,Harshal Patel,Royal Challengers Bangalore,,,931581,Rishabh Pant,4,7.36
ipl20,201606,1254079,2nd innings,172,18,0,126/4,0,102,16.6,2,0,0,False,,670025,Shimron Hetmyer,Delhi Capitals,390481,Harshal Patel,Royal Challengers Bangalore,,,931581,Rishabh Pant,2,7.41
ipl20,201701,1254079,2nd innings,172,17,0,127/4,0,103,17.1,1,0,0,False,,931581,Rishabh Pant,Delhi Capitals,625960,Kyle Jamieson,Royal Challengers Bangalore,,,670025,Shimron Hetmyer,1,7.39
ipl20,201702,1254079,2nd innings,172,16,0,133/4,0,104,17.2,6,0,0,False,,670025,Shimron Hetmyer,Delhi Capitals,625960,Kyle Jamieson,Royal Challengers Bangalore,,,931581,Rishabh Pant,6,7.67
ipl20,201703,1254079,2nd innings,172,15,0,133/4,0,105,17.3,0,0,0,False,,670025,Shimron Hetmyer,Delhi Capitals,625960,Kyle Jamieson,Royal Challengers Bangalore,,,931581,Rishabh Pant,0,7.6
ipl20,201704,1254079,2nd innings,172,14,0,139/4,0,106,17.4,6,0,0,False,,670025,Shimron Hetmyer,Delhi Capitals,625960,Kyle Jamieson,Royal Challengers Bangalore,,,931581,Rishabh Pant,6,7.86
ipl20,201705,1254079,2nd innings,172,13,0,141/4,0,107,17.5,2,0,0,False,,670025,Shimron Hetmyer,Delhi Capitals,625960,Kyle Jamieson,Royal Challengers Bangalore,,,931581,Rishabh Pant,2,7.9
ipl20,201706,1254079,2nd innings,172,12,0,147/4,0,108,17.6,6,0,0,False,,670025,Shimron Hetmyer,Delhi Capitals,625960,Kyle Jamieson,Royal Challengers Bangalore,,,931581,Rishabh Pant,6,8.16
ipl20,201801,1254079,2nd innings,172,11,0,148/4,0,109,18.1,1,0,0,False,,931581,Rishabh Pant,Delhi Capitals,390481,Harshal Patel,Royal Challengers Bangalore,,,670025,Shimron Hetmyer,1,8.14
ipl20,201802,1254079,2nd innings,172,10,0,150/4,0,110,18.2,2,0,0,False,,670025,Shimron Hetmyer,Delhi Capitals,390481,Harshal Patel,Royal Challengers Bangalore,,,931581,Rishabh Pant,2,8.18
ipl20,201803,1254079,2nd innings,172,9,0,151/4,0,111,18.3,1,0,0,False,,670025,Shimron Hetmyer,Delhi Capitals,390481,Harshal Patel,Royal Challengers Bangalore,,,931581,Rishabh Pant,1,8.16
ipl20,201804,1254079,2nd innings,172,8,0,155/4,0,112,18.4,4,0,0,False,,931581,Rishabh Pant,Delhi Capitals,390481,Harshal Patel,Royal Challengers Bangalore,,,670025,Shimron Hetmyer,4,8.3
ipl20,201805,1254079,2nd innings,172,7,0,156/4,0,113,18.5,1,0,0,False,,931581,Rishabh Pant,Delhi Capitals,390481,Harshal Patel,Royal Challengers Bangalore,,,670025,Shimron Hetmyer,1,8.28
ipl20,201806,1254079,2nd innings,172,6,0,158/4,0,114,18.6,2,0,0,False,,670025,Shimron Hetmyer,Delhi Capitals,390481,Harshal Patel,Royal Challengers Bangalore,,,931581,Rishabh Pant,2,8.31
ipl20,201901,1254079,2nd innings,172,5,0,159/4,0,115,19.1,1,0,0,False,,931581,Rishabh Pant,Delhi Capitals,940973,Mohammed Siraj,Royal Challengers Bangalore,,,670025,Shimron Hetmyer,1,8.29
ipl20,201902,1254079,2nd innings,172,4,0,160/4,0,116,19.2,1,0,0,False,,670025,Shimron Hetmyer,Delhi Capitals,940973,Mohammed Siraj,Royal Challengers Bangalore,,,931581,Rishabh Pant,1,8.27
ipl20,201903,1254079,2nd innings,172,3,0,160/4,0,117,19.3,0,0,0,False,,931581,Rishabh Pant,Delhi Capitals,940973,Mohammed Siraj,Royal Challengers Bangalore,,,670025,Shimron Hetmyer,0,8.2
ipl20,201904,1254079,2nd innings,172,2,0,162/4,0,118,19.4,2,0,0,False,,931581,Rishabh Pant,Delhi Capitals,940973,Mohammed Siraj,Royal Challengers Bangalore,,,670025,Shimron Hetmyer,2,8.23
ipl20,201905,1254079,2nd innings,172,1,0,166/4,0,119,19.5,4,0,0,False,,931581,Rishabh Pant,Delhi Capitals,940973,Mohammed Siraj,Royal Challengers Bangalore,,,670025,Shimron Hetmyer,4,8.36
ipl20,201906,1254079,2nd innings,172,0,0,170/4,0,120,19.6,4,0,0,False,,931581,Rishabh Pant,Delhi Capitals,940973,Mohammed Siraj,Royal Challengers Bangalore,,,670025,Shimron Hetmyer,4,8.5
