ipl_season,sequence,eventid,innings,target,remainingballs,homescore,awayscore,fallofwickets,ball,over,scorevalue,validball,extras,dismissal,dismissaltype,batsmanid,batsman,batsmanteam,bowlerid,bowler,bowlerteam,otherathleteinvolvedid,otherathleteinvolved,nonstrikerid,nonstriker,runs,runrate
ipl20,100001,1254071,1st innings,0,119,1/0,0,0,1,0.1,1,0,0,False,,422108,KL Rahul,Punjab Kings,1070183,Abhishek Sharma,Sunrisers Hyderabad,,,398438,Mayank Agarwal,1,6.0
ipl20,100002,1254071,1st innings,0,118,1/0,0,0,2,0.2,0,0,0,False,,398438,Mayank Agarwal,Punjab Kings,1070183,Abhishek Sharma,Sunrisers Hyderabad,,,422108,KL Rahul,0,3.0
ipl20,100003,1254071,1st innings,0,117,1/0,0,0,3,0.3,0,0,0,False,,398438,Mayank Agarwal,Punjab Kings,1070183,Abhishek Sharma,Sunrisers Hyderabad,,,422108,KL Rahul,0,2.0
ipl20,100004,1254071,1st innings,0,116,1/0,0,0,4,0.4,0,0,0,False,,398438,Mayank Agarwal,Punjab Kings,1070183,Abhishek Sharma,Sunrisers Hyderabad,,,422108,KL Rahul,0,1.5
ipl20,100005,1254071,1st innings,0,115,1/0,0,0,5,0.5,0,0,0,False,,398438,Mayank Agarwal,Punjab Kings,1070183,Abhishek Sharma,Sunrisers Hyderabad,,,422108,KL Rahul,0,1.2
ipl20,100006,1254071,1st innings,0,114,3/0,0,0,6,0.6,2,0,0,False,,398438,Mayank Agarwal,Punjab Kings,1070183,Abhishek Sharma,Sunrisers Hyderabad,,,422108,KL Rahul,2,3.0
ipl20,100101,1254071,1st innings,0,113,4/0,0,0,7,1.1,1,0,0,False,,422108,KL Rahul,Punjab Kings,326016,Bhuvneshwar Kumar,Sunrisers Hyderabad,,,398438,Mayank Agarwal,1,3.42
ipl20,100102,1254071,1st innings,0,112,6/0,0,0,8,1.2,2,0,0,False,,398438,Mayank Agarwal,Punjab Kings,326016,Bhuvneshwar Kumar,Sunrisers Hyderabad,,,422108,KL Rahul,2,4.5
ipl20,100103,1254071,1st innings,0,111,6/0,0,0,9,1.3,0,0,0,False,,398438,Mayank Agarwal,Punjab Kings,326016,Bhuvneshwar Kumar,Sunrisers Hyderabad,,,422108,KL Rahul,0,4.0
ipl20,100104,1254071,1st innings,0,110,7/0,0,0,10,1.4,1,0,0,False,,398438,Mayank Agarwal,Punjab Kings,326016,Bhuvneshwar Kumar,Sunrisers Hyderabad,,,422108,KL Rahul,1,4.2
ipl20,100105,1254071,1st innings,0,109,8/0,0,0,11,1.5,1,0,0,False,,422108,KL Rahul,Punjab Kings,326016,Bhuvneshwar Kumar,Sunrisers Hyderabad,,,398438,Mayank Agarwal,1,4.36
ipl20,100106,1254071,1st innings,0,108,9/0,0,0,12,1.6,1,0,0,False,,398438,Mayank Agarwal,Punjab Kings,326016,Bhuvneshwar Kumar,Sunrisers Hyderabad,,,422108,KL Rahul,1,4.5
ipl20,100201,1254071,1st innings,0,107,9/0,0,0,13,2.1,0,0,0,False,,398438,Mayank Agarwal,Punjab Kings,942645,Khaleel Ahmed,Sunrisers Hyderabad,,,422108,KL Rahul,0,4.15
ipl20,100202,1254071,1st innings,0,106,13/0,0,0,14,2.2,4,0,0,False,,398438,Mayank Agarwal,Punjab Kings,942645,Khaleel Ahmed,Sunrisers Hyderabad,,,422108,KL Rahul,4,5.57
ipl20,100203,1254071,1st innings,0,105,13/0,0,0,15,2.3,0,0,0,False,,398438,Mayank Agarwal,Punjab Kings,942645,Khaleel Ahmed,Sunrisers Hyderabad,,,422108,KL Rahul,0,5.2
ipl20,100204,1254071,1st innings,0,104,14/0,0,0,16,2.4,1,0,0,False,,398438,Mayank Agarwal,Punjab Kings,942645,Khaleel Ahmed,Sunrisers Hyderabad,,,422108,KL Rahul,1,5.25
ipl20,100205,1254071,1st innings,0,103,14/0,0,0,17,2.5,0,0,0,False,,422108,KL Rahul,Punjab Kings,942645,Khaleel Ahmed,Sunrisers Hyderabad,,,398438,Mayank Agarwal,0,4.94
ipl20,100206,1254071,1st innings,0,102,15/0,0,0,18,2.6,1,0,0,False,,422108,KL Rahul,Punjab Kings,942645,Khaleel Ahmed,Sunrisers Hyderabad,,,398438,Mayank Agarwal,1,5.0
ipl20,100301,1254071,1st innings,0,101,15/1,0,1,19,3.1,0,0,0,True,caught,422108,KL Rahul,Punjab Kings,326016,Bhuvneshwar Kumar,Sunrisers Hyderabad,290716,Kedar Jadhav,398438,Mayank Agarwal,0,4.73
ipl20,100302,1254071,1st innings,0,100,15/1,0,0,20,3.2,0,0,0,False,,51880,Chris Gayle,Punjab Kings,326016,Bhuvneshwar Kumar,Sunrisers Hyderabad,,,398438,Mayank Agarwal,0,4.5
ipl20,100303,1254071,1st innings,0,99,16/1,0,0,21,3.3,1,0,0,False,,51880,Chris Gayle,Punjab Kings,326016,Bhuvneshwar Kumar,Sunrisers Hyderabad,,,398438,Mayank Agarwal,1,4.57
ipl20,100304,1254071,1st innings,0,98,17/1,0,0,22,3.4,1,0,0,False,,398438,Mayank Agarwal,Punjab Kings,326016,Bhuvneshwar Kumar,Sunrisers Hyderabad,,,51880,Chris Gayle,1,4.63
ipl20,100305,1254071,1st innings,0,97,18/1,0,0,23,3.5,1,0,0,False,,51880,Chris Gayle,Punjab Kings,326016,Bhuvneshwar Kumar,Sunrisers Hyderabad,,,398438,Mayank Agarwal,1,4.69
ipl20,100306,1254071,1st innings,0,96,19/1,0,0,24,3.6,1,0,0,False,,398438,Mayank Agarwal,Punjab Kings,326016,Bhuvneshwar Kumar,Sunrisers Hyderabad,,,51880,Chris Gayle,1,4.75
ipl20,100401,1254071,1st innings,0,95,20/1,0,0,25,4.1,1,0,0,False,,398438,Mayank Agarwal,Punjab Kings,326017,Siddarth Kaul,Sunrisers Hyderabad,,,51880,Chris Gayle,1,4.8
ipl20,100402,1254071,1st innings,0,94,21/1,0,0,26,4.2,1,0,0,False,,51880,Chris Gayle,Punjab Kings,326017,Siddarth Kaul,Sunrisers Hyderabad,,,398438,Mayank Agarwal,1,4.84
ipl20,100403,1254071,1st innings,0,93,22/1,0,0,27,4.3,1,0,0,False,,398438,Mayank Agarwal,Punjab Kings,326017,Siddarth Kaul,Sunrisers Hyderabad,,,51880,Chris Gayle,1,4.88
ipl20,100404,1254071,1st innings,0,92,22/1,0,0,28,4.4,0,0,0,False,,51880,Chris Gayle,Punjab Kings,326017,Siddarth Kaul,Sunrisers Hyderabad,,,398438,Mayank Agarwal,0,4.71
ipl20,100405,1254071,1st innings,0,91,26/1,0,0,29,4.5,4,0,0,False,,51880,Chris Gayle,Punjab Kings,326017,Siddarth Kaul,Sunrisers Hyderabad,,,398438,Mayank Agarwal,4,5.37
ipl20,100406,1254071,1st innings,0,90,26/1,0,0,30,4.6,0,0,0,False,,51880,Chris Gayle,Punjab Kings,326017,Siddarth Kaul,Sunrisers Hyderabad,,,398438,Mayank Agarwal,0,5.2
ipl20,100501,1254071,1st innings,0,89,26/1,0,0,31,5.1,0,0,0,False,,398438,Mayank Agarwal,Punjab Kings,326016,Bhuvneshwar Kumar,Sunrisers Hyderabad,,,51880,Chris Gayle,0,5.03
ipl20,100502,1254071,1st innings,0,88,30/1,0,0,32,5.2,4,0,0,False,,398438,Mayank Agarwal,Punjab Kings,326016,Bhuvneshwar Kumar,Sunrisers Hyderabad,,,51880,Chris Gayle,4,5.62
ipl20,100503,1254071,1st innings,0,87,32/1,0,0,33,5.3,2,0,0,False,,398438,Mayank Agarwal,Punjab Kings,326016,Bhuvneshwar Kumar,Sunrisers Hyderabad,,,51880,Chris Gayle,2,5.81
ipl20,100504,1254071,1st innings,0,86,32/1,0,0,34,5.4,0,0,0,False,,398438,Mayank Agarwal,Punjab Kings,326016,Bhuvneshwar Kumar,Sunrisers Hyderabad,,,51880,Chris Gayle,0,5.64
ipl20,100505,1254071,1st innings,0,85,32/1,0,0,35,5.5,0,0,0,False,,398438,Mayank Agarwal,Punjab Kings,326016,Bhuvneshwar Kumar,Sunrisers Hyderabad,,,51880,Chris Gayle,0,5.48
ipl20,100506,1254071,1st innings,0,84,32/1,0,0,36,5.6,0,0,0,False,,398438,Mayank Agarwal,Punjab Kings,326016,Bhuvneshwar Kumar,Sunrisers Hyderabad,,,51880,Chris Gayle,0,5.33
ipl20,100601,1254071,1st innings,0,83,32/1,0,0,37,6.1,0,0,0,False,,51880,Chris Gayle,Punjab Kings,942645,Khaleel Ahmed,Sunrisers Hyderabad,,,398438,Mayank Agarwal,0,5.18
ipl20,100602,1254071,1st innings,0,82,33/1,0,0,38,6.2,1,0,0,False,,51880,Chris Gayle,Punjab Kings,942645,Khaleel Ahmed,Sunrisers Hyderabad,,,398438,Mayank Agarwal,1,5.21
ipl20,100603,1254071,1st innings,0,81,34/1,0,0,39,6.3,1,0,0,False,,398438,Mayank Agarwal,Punjab Kings,942645,Khaleel Ahmed,Sunrisers Hyderabad,,,51880,Chris Gayle,1,5.23
ipl20,100604,1254071,1st innings,0,80,38/1,0,0,40,6.4,4,0,0,False,,51880,Chris Gayle,Punjab Kings,942645,Khaleel Ahmed,Sunrisers Hyderabad,,,398438,Mayank Agarwal,4,5.7
ipl20,100605,1254071,1st innings,0,79,39/1,0,0,41,6.5,1,0,0,False,,51880,Chris Gayle,Punjab Kings,942645,Khaleel Ahmed,Sunrisers Hyderabad,,,398438,Mayank Agarwal,1,5.7
ipl20,100606,1254071,1st innings,0,78,39/2,0,2,42,6.6,0,0,0,True,caught,398438,Mayank Agarwal,Punjab Kings,942645,Khaleel Ahmed,Sunrisers Hyderabad,398438,Mayank Agarwal,51880,Chris Gayle,0,5.57
ipl20,100701,1254071,1st innings,0,77,39/3,0,3,43,7.1,0,0,0,True,run out,51880,Chris Gayle,Punjab Kings,477021,Vijay Shankar,Sunrisers Hyderabad,477021,Vijay Shankar,604302,Nicholas Pooran,0,5.44
ipl20,100702,1254071,1st innings,0,76,39/3,0,0,44,7.2,0,0,0,False,,497121,Deepak Hooda,Punjab Kings,477021,Vijay Shankar,Sunrisers Hyderabad,,,51880,Chris Gayle,0,5.31
ipl20,100703,1254071,1st innings,0,75,43/3,0,0,45,7.3,4,0,0,False,,497121,Deepak Hooda,Punjab Kings,477021,Vijay Shankar,Sunrisers Hyderabad,,,51880,Chris Gayle,4,5.73
ipl20,100704,1254071,1st innings,0,74,44/3,0,0,46,7.4,1,0,0,False,,497121,Deepak Hooda,Punjab Kings,477021,Vijay Shankar,Sunrisers Hyderabad,,,51880,Chris Gayle,1,5.73
ipl20,100705,1254071,1st innings,0,73,44/3,0,0,47,7.5,0,0,0,False,,51880,Chris Gayle,Punjab Kings,477021,Vijay Shankar,Sunrisers Hyderabad,,,497121,Deepak Hooda,0,5.61
ipl20,100706,1254071,1st innings,0,72,45/3,0,0,48,7.6,1,0,0,False,,51880,Chris Gayle,Punjab Kings,477021,Vijay Shankar,Sunrisers Hyderabad,,,497121,Deepak Hooda,1,5.62
ipl20,100801,1254071,1st innings,0,71,46/3,0,0,49,8.1,1,0,0,False,,51880,Chris Gayle,Punjab Kings,793463,Rashid Khan,Sunrisers Hyderabad,,,497121,Deepak Hooda,1,5.63
ipl20,100802,1254071,1st innings,0,70,47/3,0,0,50,8.2,1,0,0,False,,497121,Deepak Hooda,Punjab Kings,793463,Rashid Khan,Sunrisers Hyderabad,,,51880,Chris Gayle,1,5.64
ipl20,100803,1254071,1st innings,0,69,47/3,0,0,51,8.3,0,0,0,False,,51880,Chris Gayle,Punjab Kings,793463,Rashid Khan,Sunrisers Hyderabad,,,497121,Deepak Hooda,0,5.52
ipl20,100804,1254071,1st innings,0,68,47/4,0,4,52,8.4,0,0,0,True,leg before wicket,51880,Chris Gayle,Punjab Kings,793463,Rashid Khan,Sunrisers Hyderabad,51880,Chris Gayle,497121,Deepak Hooda,0,5.42
ipl20,100805,1254071,1st innings,0,67,47/4,0,0,53,8.5,0,0,0,False,,5961,Moises Henriques,Punjab Kings,793463,Rashid Khan,Sunrisers Hyderabad,,,497121,Deepak Hooda,0,5.32
ipl20,100806,1254071,1st innings,0,66,47/4,0,0,54,8.6,0,0,0,False,,5961,Moises Henriques,Punjab Kings,793463,Rashid Khan,Sunrisers Hyderabad,,,497121,Deepak Hooda,0,5.22
ipl20,100901,1254071,1st innings,0,65,48/4,0,0,55,9.1,1,0,0,False,,497121,Deepak Hooda,Punjab Kings,1070183,Abhishek Sharma,Sunrisers Hyderabad,,,5961,Moises Henriques,1,5.23
ipl20,100902,1254071,1st innings,0,64,48/4,0,0,56,9.2,0,0,0,False,,5961,Moises Henriques,Punjab Kings,1070183,Abhishek Sharma,Sunrisers Hyderabad,,,497121,Deepak Hooda,0,5.14
ipl20,100903,1254071,1st innings,0,63,50/4,0,0,57,9.3,2,0,0,False,,5961,Moises Henriques,Punjab Kings,1070183,Abhishek Sharma,Sunrisers Hyderabad,,,497121,Deepak Hooda,2,5.26
ipl20,100904,1254071,1st innings,0,62,51/4,0,0,58,9.4,1,0,0,False,,5961,Moises Henriques,Punjab Kings,1070183,Abhishek Sharma,Sunrisers Hyderabad,,,497121,Deepak Hooda,1,5.27
ipl20,100905,1254071,1st innings,0,61,52/4,0,0,59,9.5,1,0,0,False,,497121,Deepak Hooda,Punjab Kings,1070183,Abhishek Sharma,Sunrisers Hyderabad,,,5961,Moises Henriques,1,5.28
ipl20,100906,1254071,1st innings,0,60,53/4,0,0,60,9.6,1,0,0,False,,5961,Moises Henriques,Punjab Kings,1070183,Abhishek Sharma,Sunrisers Hyderabad,,,497121,Deepak Hooda,1,5.3
ipl20,101001,1254071,1st innings,0,59,54/4,0,0,61,10.1,1,0,0,False,,5961,Moises Henriques,Punjab Kings,793463,Rashid Khan,Sunrisers Hyderabad,,,497121,Deepak Hooda,1,5.31
ipl20,101002,1254071,1st innings,0,58,55/4,0,0,62,10.2,1,0,0,False,,497121,Deepak Hooda,Punjab Kings,793463,Rashid Khan,Sunrisers Hyderabad,,,5961,Moises Henriques,1,5.32
ipl20,101003,1254071,1st innings,0,57,56/4,0,0,63,10.3,1,0,0,False,,5961,Moises Henriques,Punjab Kings,793463,Rashid Khan,Sunrisers Hyderabad,,,497121,Deepak Hooda,1,5.33
ipl20,101004,1254071,1st innings,0,56,60/4,0,0,64,10.4,4,0,0,False,,497121,Deepak Hooda,Punjab Kings,793463,Rashid Khan,Sunrisers Hyderabad,,,5961,Moises Henriques,4,5.62
ipl20,101005,1254071,1st innings,0,55,60/4,0,0,65,10.5,0,0,0,False,,497121,Deepak Hooda,Punjab Kings,793463,Rashid Khan,Sunrisers Hyderabad,,,5961,Moises Henriques,0,5.53
ipl20,101006,1254071,1st innings,0,54,60/4,0,0,66,10.6,0,0,0,False,,497121,Deepak Hooda,Punjab Kings,793463,Rashid Khan,Sunrisers Hyderabad,,,5961,Moises Henriques,0,5.45
ipl20,101101,1254071,1st innings,0,53,62/4,0,0,67,11.1,2,0,0,False,,5961,Moises Henriques,Punjab Kings,1070183,Abhishek Sharma,Sunrisers Hyderabad,,,497121,Deepak Hooda,2,5.55
ipl20,101102,1254071,1st innings,0,52,63/4,0,0,68,11.2,1,0,0,False,,5961,Moises Henriques,Punjab Kings,1070183,Abhishek Sharma,Sunrisers Hyderabad,,,497121,Deepak Hooda,1,5.55
ipl20,101103,1254071,1st innings,0,51,63/5,0,5,69,11.3,0,0,0,True,leg before wicket,497121,Deepak Hooda,Punjab Kings,1070183,Abhishek Sharma,Sunrisers Hyderabad,497121,Deepak Hooda,5961,Moises Henriques,0,5.47
ipl20,101104,1254071,1st innings,0,50,64/5,0,0,70,11.4,1,0,0,False,,719719,Shahrukh Khan,Punjab Kings,1070183,Abhishek Sharma,Sunrisers Hyderabad,,,5961,Moises Henriques,1,5.48
ipl20,101105,1254071,1st innings,0,49,64/5,0,0,71,11.5,0,0,0,False,,5961,Moises Henriques,Punjab Kings,1070183,Abhishek Sharma,Sunrisers Hyderabad,,,719719,Shahrukh Khan,0,5.4
ipl20,101106,1254071,1st innings,0,48,66/5,0,0,72,11.6,2,0,0,False,,5961,Moises Henriques,Punjab Kings,1070183,Abhishek Sharma,Sunrisers Hyderabad,,,719719,Shahrukh Khan,2,5.5
ipl20,101201,1254071,1st innings,0,47,67/5,0,0,73,12.1,1,0,0,False,,719719,Shahrukh Khan,Punjab Kings,793463,Rashid Khan,Sunrisers Hyderabad,,,5961,Moises Henriques,1,5.5
ipl20,101202,1254071,1st innings,0,46,67/5,0,0,74,12.2,0,0,0,False,,5961,Moises Henriques,Punjab Kings,793463,Rashid Khan,Sunrisers Hyderabad,,,719719,Shahrukh Khan,0,5.43
ipl20,101203,1254071,1st innings,0,45,68/5,0,0,75,12.3,1,0,0,False,,5961,Moises Henriques,Punjab Kings,793463,Rashid Khan,Sunrisers Hyderabad,,,719719,Shahrukh Khan,1,5.44
ipl20,101204,1254071,1st innings,0,44,69/5,0,0,76,12.4,1,0,1,False,,719719,Shahrukh Khan,Punjab Kings,793463,Rashid Khan,Sunrisers Hyderabad,,,5961,Moises Henriques,1,5.44
ipl20,101205,1254071,1st innings,0,43,71/5,0,0,77,12.5,2,0,0,False,,5961,Moises Henriques,Punjab Kings,793463,Rashid Khan,Sunrisers Hyderabad,,,719719,Shahrukh Khan,2,5.53
ipl20,101206,1254071,1st innings,0,42,75/5,0,0,78,12.6,4,0,4,False,,5961,Moises Henriques,Punjab Kings,793463,Rashid Khan,Sunrisers Hyderabad,,,719719,Shahrukh Khan,4,5.76
ipl20,101301,1254071,1st innings,0,41,75/5,0,0,79,13.1,0,0,0,False,,719719,Shahrukh Khan,Punjab Kings,1070183,Abhishek Sharma,Sunrisers Hyderabad,,,5961,Moises Henriques,0,5.69
ipl20,101302,1254071,1st innings,0,40,81/5,0,0,80,13.2,6,0,0,False,,719719,Shahrukh Khan,Punjab Kings,1070183,Abhishek Sharma,Sunrisers Hyderabad,,,5961,Moises Henriques,6,6.07
ipl20,101303,1254071,1st innings,0,39,82/5,0,0,81,13.3,1,0,0,False,,719719,Shahrukh Khan,Punjab Kings,1070183,Abhishek Sharma,Sunrisers Hyderabad,,,5961,Moises Henriques,1,6.07
ipl20,101304,1254071,1st innings,0,38,82/6,0,6,82,13.4,0,0,0,True,stumped,5961,Moises Henriques,Punjab Kings,1070183,Abhishek Sharma,Sunrisers Hyderabad,5961,Moises Henriques,719719,Shahrukh Khan,0,6.0
ipl20,101305,1254071,1st innings,0,37,83/6,0,0,83,13.5,1,0,0,False,,670013,Fabian Allen,Punjab Kings,1070183,Abhishek Sharma,Sunrisers Hyderabad,,,719719,Shahrukh Khan,1,6.0
ipl20,101306,1254071,1st innings,0,37,84/6,0,0,83,13.5,1,1,1,False,,719719,Shahrukh Khan,Punjab Kings,1070183,Abhishek Sharma,Sunrisers Hyderabad,,,670013,Fabian Allen,1,6.07
ipl20,101307,1254071,1st innings,0,36,84/6,0,0,84,13.6,0,0,0,False,,719719,Shahrukh Khan,Punjab Kings,1070183,Abhishek Sharma,Sunrisers Hyderabad,,,670013,Fabian Allen,0,6.0
ipl20,101401,1254071,1st innings,0,35,84/6,0,0,85,14.1,0,0,0,False,,670013,Fabian Allen,Punjab Kings,326017,Siddarth Kaul,Sunrisers Hyderabad,,,719719,Shahrukh Khan,0,5.92
ipl20,101402,1254071,1st innings,0,34,84/6,0,0,86,14.2,0,0,0,False,,670013,Fabian Allen,Punjab Kings,326017,Siddarth Kaul,Sunrisers Hyderabad,,,719719,Shahrukh Khan,0,5.86
ipl20,101403,1254071,1st innings,0,33,84/6,0,0,87,14.3,0,0,0,False,,670013,Fabian Allen,Punjab Kings,326017,Siddarth Kaul,Sunrisers Hyderabad,,,719719,Shahrukh Khan,0,5.79
ipl20,101404,1254071,1st innings,0,33,86/6,0,0,87,14.3,2,1,1,False,,670013,Fabian Allen,Punjab Kings,326017,Siddarth Kaul,Sunrisers Hyderabad,,,719719,Shahrukh Khan,2,5.93
ipl20,101405,1254071,1st innings,0,32,92/6,0,0,88,14.4,6,0,0,False,,719719,Shahrukh Khan,Punjab Kings,326017,Siddarth Kaul,Sunrisers Hyderabad,,,670013,Fabian Allen,6,6.27
ipl20,101406,1254071,1st innings,0,31,93/6,0,0,89,14.5,1,0,0,False,,719719,Shahrukh Khan,Punjab Kings,326017,Siddarth Kaul,Sunrisers Hyderabad,,,670013,Fabian Allen,1,6.26
ipl20,101407,1254071,1st innings,0,30,94/6,0,0,90,14.6,1,0,0,False,,670013,Fabian Allen,Punjab Kings,326017,Siddarth Kaul,Sunrisers Hyderabad,,,719719,Shahrukh Khan,1,6.26
ipl20,101501,1254071,1st innings,0,29,94/6,0,0,91,15.1,0,0,0,False,,670013,Fabian Allen,Punjab Kings,793463,Rashid Khan,Sunrisers Hyderabad,,,719719,Shahrukh Khan,0,6.19
ipl20,101502,1254071,1st innings,0,28,95/6,0,0,92,15.2,1,0,0,False,,670013,Fabian Allen,Punjab Kings,793463,Rashid Khan,Sunrisers Hyderabad,,,719719,Shahrukh Khan,1,6.19
ipl20,101503,1254071,1st innings,0,27,96/6,0,0,93,15.3,1,0,0,False,,719719,Shahrukh Khan,Punjab Kings,793463,Rashid Khan,Sunrisers Hyderabad,,,670013,Fabian Allen,1,6.19
ipl20,101504,1254071,1st innings,0,26,97/6,0,0,94,15.4,1,0,0,False,,670013,Fabian Allen,Punjab Kings,793463,Rashid Khan,Sunrisers Hyderabad,,,719719,Shahrukh Khan,1,6.19
ipl20,101505,1254071,1st innings,0,25,97/6,0,0,95,15.5,0,0,0,False,,719719,Shahrukh Khan,Punjab Kings,793463,Rashid Khan,Sunrisers Hyderabad,,,670013,Fabian Allen,0,6.12
ipl20,101506,1254071,1st innings,0,24,98/6,0,0,96,15.6,1,0,0,False,,719719,Shahrukh Khan,Punjab Kings,793463,Rashid Khan,Sunrisers Hyderabad,,,670013,Fabian Allen,1,6.12
ipl20,101601,1254071,1st innings,0,23,99/6,0,0,97,16.1,1,0,0,False,,719719,Shahrukh Khan,Punjab Kings,942645,Khaleel Ahmed,Sunrisers Hyderabad,,,670013,Fabian Allen,1,6.12
ipl20,101602,1254071,1st innings,0,22,100/6,0,0,98,16.2,1,0,0,False,,670013,Fabian Allen,Punjab Kings,942645,Khaleel Ahmed,Sunrisers Hyderabad,,,719719,Shahrukh Khan,1,6.12
ipl20,101603,1254071,1st innings,0,21,101/6,0,0,99,16.3,1,0,0,False,,719719,Shahrukh Khan,Punjab Kings,942645,Khaleel Ahmed,Sunrisers Hyderabad,,,670013,Fabian Allen,1,6.12
ipl20,101604,1254071,1st innings,0,20,101/7,0,7,100,16.4,0,0,0,True,caught,670013,Fabian Allen,Punjab Kings,942645,Khaleel Ahmed,Sunrisers Hyderabad,219889,David Warner,719719,Shahrukh Khan,0,6.06
ipl20,101605,1254071,1st innings,0,19,101/7,0,0,101,16.5,0,0,0,False,,528067,Murugan Ashwin,Punjab Kings,942645,Khaleel Ahmed,Sunrisers Hyderabad,,,719719,Shahrukh Khan,0,6.0
ipl20,101606,1254071,1st innings,0,18,102/7,0,0,102,16.6,1,0,0,False,,528067,Murugan Ashwin,Punjab Kings,942645,Khaleel Ahmed,Sunrisers Hyderabad,,,719719,Shahrukh Khan,1,6.0
ipl20,101701,1254071,1st innings,0,17,102/7,0,0,103,17.1,0,0,0,False,,528067,Murugan Ashwin,Punjab Kings,326017,Siddarth Kaul,Sunrisers Hyderabad,,,719719,Shahrukh Khan,0,5.94
ipl20,101702,1254071,1st innings,0,16,103/7,0,0,104,17.2,1,0,0,False,,528067,Murugan Ashwin,Punjab Kings,326017,Siddarth Kaul,Sunrisers Hyderabad,,,719719,Shahrukh Khan,1,5.94
ipl20,101703,1254071,1st innings,0,15,104/7,0,0,105,17.3,1,0,0,False,,719719,Shahrukh Khan,Punjab Kings,326017,Siddarth Kaul,Sunrisers Hyderabad,,,528067,Murugan Ashwin,1,5.94
ipl20,101704,1254071,1st innings,0,14,108/7,0,0,106,17.4,4,0,0,False,,528067,Murugan Ashwin,Punjab Kings,326017,Siddarth Kaul,Sunrisers Hyderabad,,,719719,Shahrukh Khan,4,6.11
ipl20,101705,1254071,1st innings,0,13,109/7,0,0,107,17.5,1,0,0,False,,528067,Murugan Ashwin,Punjab Kings,326017,Siddarth Kaul,Sunrisers Hyderabad,,,719719,Shahrukh Khan,1,6.11
ipl20,101706,1254071,1st innings,0,12,110/7,0,0,108,17.6,1,0,0,False,,719719,Shahrukh Khan,Punjab Kings,326017,Siddarth Kaul,Sunrisers Hyderabad,,,528067,Murugan Ashwin,1,6.11
ipl20,101801,1254071,1st innings,0,11,110/8,0,8,109,18.1,0,0,0,True,caught,719719,Shahrukh Khan,Punjab Kings,942645,Khaleel Ahmed,Sunrisers Hyderabad,719719,Shahrukh Khan,528067,Murugan Ashwin,0,6.05
ipl20,101802,1254071,1st innings,0,10,111/8,0,0,110,18.2,1,0,0,False,,481896,Mohammed Shami,Punjab Kings,942645,Khaleel Ahmed,Sunrisers Hyderabad,,,528067,Murugan Ashwin,1,6.05
ipl20,101803,1254071,1st innings,0,9,111/8,0,0,111,18.3,0,0,0,False,,528067,Murugan Ashwin,Punjab Kings,942645,Khaleel Ahmed,Sunrisers Hyderabad,,,481896,Mohammed Shami,0,6.0
ipl20,101804,1254071,1st innings,0,8,112/8,0,0,112,18.4,1,0,0,False,,528067,Murugan Ashwin,Punjab Kings,942645,Khaleel Ahmed,Sunrisers Hyderabad,,,481896,Mohammed Shami,1,6.0
ipl20,101805,1254071,1st innings,0,7,113/8,0,0,113,18.5,1,0,0,False,,481896,Mohammed Shami,Punjab Kings,942645,Khaleel Ahmed,Sunrisers Hyderabad,,,528067,Murugan Ashwin,1,6.0
ipl20,101806,1254071,1st innings,0,6,114/8,0,0,114,18.6,1,0,0,False,,528067,Murugan Ashwin,Punjab Kings,942645,Khaleel Ahmed,Sunrisers Hyderabad,,,481896,Mohammed Shami,1,6.0
ipl20,101901,1254071,1st innings,0,5,114/9,0,9,115,19.1,0,0,0,True,caught,528067,Murugan Ashwin,Punjab Kings,326017,Siddarth Kaul,Sunrisers Hyderabad,297433,Jonny Bairstow,481896,Mohammed Shami,0,5.94
ipl20,101902,1254071,1st innings,0,4,118/9,0,0,116,19.2,4,0,4,False,,1125976,Arshdeep Singh,Punjab Kings,326017,Siddarth Kaul,Sunrisers Hyderabad,,,481896,Mohammed Shami,4,6.1
ipl20,101903,1254071,1st innings,0,3,119/9,0,0,117,19.3,1,0,0,False,,1125976,Arshdeep Singh,Punjab Kings,326017,Siddarth Kaul,Sunrisers Hyderabad,,,481896,Mohammed Shami,1,6.1
ipl20,101904,1254071,1st innings,0,2,120/10,0,10,118,19.4,1,0,0,True,run out,481896,Mohammed Shami,Punjab Kings,326017,Siddarth Kaul,Sunrisers Hyderabad,326017,Siddarth Kaul,1125976,Arshdeep Singh,1,6.1
ipl20,200001,1254071,2nd innings,121,119,0,0/0,0,1,0.1,0,0,0,False,,219889,David Warner,Sunrisers Hyderabad,481896,Mohammed Shami,Punjab Kings,,,297433,Jonny Bairstow,0,0.0
ipl20,200002,1254071,2nd innings,121,118,0,0/0,0,2,0.2,0,0,0,False,,219889,David Warner,Sunrisers Hyderabad,481896,Mohammed Shami,Punjab Kings,,,297433,Jonny Bairstow,0,0.0
ipl20,200003,1254071,2nd innings,121,117,0,4/0,0,3,0.3,4,0,0,False,,219889,David Warner,Sunrisers Hyderabad,481896,Mohammed Shami,Punjab Kings,,,297433,Jonny Bairstow,4,8.0
ipl20,200004,1254071,2nd innings,121,116,0,5/0,0,4,0.4,1,0,0,False,,219889,David Warner,Sunrisers Hyderabad,481896,Mohammed Shami,Punjab Kings,,,297433,Jonny Bairstow,1,7.5
ipl20,200005,1254071,2nd innings,121,115,0,6/0,0,5,0.5,1,0,0,False,,297433,Jonny Bairstow,Sunrisers Hyderabad,481896,Mohammed Shami,Punjab Kings,,,219889,David Warner,1,7.2
ipl20,200006,1254071,2nd innings,121,114,0,6/0,0,6,0.6,0,0,0,False,,219889,David Warner,Sunrisers Hyderabad,481896,Mohammed Shami,Punjab Kings,,,297433,Jonny Bairstow,0,6.0
ipl20,200101,1254071,2nd innings,121,114,0,7/0,0,6,1.0,1,1,1,False,,297433,Jonny Bairstow,Sunrisers Hyderabad,670013,Fabian Allen,Punjab Kings,,,219889,David Warner,1,7.0
ipl20,200102,1254071,2nd innings,121,113,0,11/0,0,7,1.1,4,0,0,False,,297433,Jonny Bairstow,Sunrisers Hyderabad,670013,Fabian Allen,Punjab Kings,,,219889,David Warner,4,9.42
ipl20,200103,1254071,2nd innings,121,112,0,11/0,0,8,1.2,0,0,0,False,,297433,Jonny Bairstow,Sunrisers Hyderabad,670013,Fabian Allen,Punjab Kings,,,219889,David Warner,0,8.25
ipl20,200104,1254071,2nd innings,121,111,0,11/0,0,9,1.3,0,0,0,False,,297433,Jonny Bairstow,Sunrisers Hyderabad,670013,Fabian Allen,Punjab Kings,,,219889,David Warner,0,7.33
ipl20,200105,1254071,2nd innings,121,110,0,11/0,0,10,1.4,0,0,0,False,,297433,Jonny Bairstow,Sunrisers Hyderabad,670013,Fabian Allen,Punjab Kings,,,219889,David Warner,0,6.6
ipl20,200106,1254071,2nd innings,121,109,0,11/0,0,11,1.5,0,0,0,False,,297433,Jonny Bairstow,Sunrisers Hyderabad,670013,Fabian Allen,Punjab Kings,,,219889,David Warner,0,6.0
ipl20,200107,1254071,2nd innings,121,108,0,17/0,0,12,1.6,6,0,0,False,,297433,Jonny Bairstow,Sunrisers Hyderabad,670013,Fabian Allen,Punjab Kings,,,219889,David Warner,6,8.5
ipl20,200201,1254071,2nd innings,121,107,0,17/0,0,13,2.1,0,0,0,False,,219889,David Warner,Sunrisers Hyderabad,481896,Mohammed Shami,Punjab Kings,,,297433,Jonny Bairstow,0,7.84
ipl20,200202,1254071,2nd innings,121,106,0,18/0,0,14,2.2,1,0,0,False,,219889,David Warner,Sunrisers Hyderabad,481896,Mohammed Shami,Punjab Kings,,,297433,Jonny Bairstow,1,7.71
ipl20,200203,1254071,2nd innings,121,105,0,22/0,0,15,2.3,4,0,0,False,,297433,Jonny Bairstow,Sunrisers Hyderabad,481896,Mohammed Shami,Punjab Kings,,,219889,David Warner,4,8.8
ipl20,200204,1254071,2nd innings,121,104,0,23/0,0,16,2.4,1,0,0,False,,297433,Jonny Bairstow,Sunrisers Hyderabad,481896,Mohammed Shami,Punjab Kings,,,219889,David Warner,1,8.62
ipl20,200205,1254071,2nd innings,121,103,0,23/0,0,17,2.5,0,0,0,False,,219889,David Warner,Sunrisers Hyderabad,481896,Mohammed Shami,Punjab Kings,,,297433,Jonny Bairstow,0,8.11
ipl20,200206,1254071,2nd innings,121,102,0,27/0,0,18,2.6,4,0,0,False,,219889,David Warner,Sunrisers Hyderabad,481896,Mohammed Shami,Punjab Kings,,,297433,Jonny Bairstow,4,9.0
ipl20,200301,1254071,2nd innings,121,101,0,27/0,0,19,3.1,0,0,0,False,,297433,Jonny Bairstow,Sunrisers Hyderabad,1125976,Arshdeep Singh,Punjab Kings,,,219889,David Warner,0,8.52
ipl20,200302,1254071,2nd innings,121,100,0,28/0,0,20,3.2,1,0,0,False,,297433,Jonny Bairstow,Sunrisers Hyderabad,1125976,Arshdeep Singh,Punjab Kings,,,219889,David Warner,1,8.4
ipl20,200303,1254071,2nd innings,121,99,0,29/0,0,21,3.3,1,0,0,False,,219889,David Warner,Sunrisers Hyderabad,1125976,Arshdeep Singh,Punjab Kings,,,297433,Jonny Bairstow,1,8.28
ipl20,200304,1254071,2nd innings,121,98,0,31/0,0,22,3.4,2,0,0,False,,297433,Jonny Bairstow,Sunrisers Hyderabad,1125976,Arshdeep Singh,Punjab Kings,,,219889,David Warner,2,8.45
ipl20,200305,1254071,2nd innings,121,97,0,32/0,0,23,3.5,1,0,0,False,,297433,Jonny Bairstow,Sunrisers Hyderabad,1125976,Arshdeep Singh,Punjab Kings,,,219889,David Warner,1,8.34
ipl20,200306,1254071,2nd innings,121,96,0,33/0,0,24,3.6,1,0,0,False,,219889,David Warner,Sunrisers Hyderabad,1125976,Arshdeep Singh,Punjab Kings,,,297433,Jonny Bairstow,1,8.25
ipl20,200401,1254071,2nd innings,121,95,0,34/0,0,25,4.1,1,0,0,False,,219889,David Warner,Sunrisers Hyderabad,5961,Moises Henriques,Punjab Kings,,,297433,Jonny Bairstow,1,8.16
ipl20,200402,1254071,2nd innings,121,94,0,34/0,0,26,4.2,0,0,0,False,,297433,Jonny Bairstow,Sunrisers Hyderabad,5961,Moises Henriques,Punjab Kings,,,219889,David Warner,0,7.84
ipl20,200403,1254071,2nd innings,121,93,0,40/0,0,27,4.3,6,0,0,False,,297433,Jonny Bairstow,Sunrisers Hyderabad,5961,Moises Henriques,Punjab Kings,,,219889,David Warner,6,8.88
ipl20,200404,1254071,2nd innings,121,92,0,40/0,0,28,4.4,0,0,0,False,,297433,Jonny Bairstow,Sunrisers Hyderabad,5961,Moises Henriques,Punjab Kings,,,219889,David Warner,0,8.57
ipl20,200405,1254071,2nd innings,121,91,0,40/0,0,29,4.5,0,0,0,False,,297433,Jonny Bairstow,Sunrisers Hyderabad,5961,Moises Henriques,Punjab Kings,,,219889,David Warner,0,8.27
ipl20,200406,1254071,2nd innings,121,90,0,40/0,0,30,4.6,0,0,0,False,,297433,Jonny Bairstow,Sunrisers Hyderabad,5961,Moises Henriques,Punjab Kings,,,219889,David Warner,0,8.0
ipl20,200501,1254071,2nd innings,121,89,0,44/0,0,31,5.1,4,0,0,False,,219889,David Warner,Sunrisers Hyderabad,1125976,Arshdeep Singh,Punjab Kings,,,297433,Jonny Bairstow,4,8.51
ipl20,200502,1254071,2nd innings,121,88,0,44/0,0,32,5.2,0,0,0,False,,219889,David Warner,Sunrisers Hyderabad,1125976,Arshdeep Singh,Punjab Kings,,,297433,Jonny Bairstow,0,8.25
ipl20,200503,1254071,2nd innings,121,87,0,46/0,0,33,5.3,2,0,0,False,,219889,David Warner,Sunrisers Hyderabad,1125976,Arshdeep Singh,Punjab Kings,,,297433,Jonny Bairstow,2,8.36
ipl20,200504,1254071,2nd innings,121,87,0,47/0,0,33,5.3,1,1,1,False,,219889,David Warner,Sunrisers Hyderabad,1125976,Arshdeep Singh,Punjab Kings,,,297433,Jonny Bairstow,1,8.54
ipl20,200505,1254071,2nd innings,121,86,0,47/0,0,34,5.4,0,0,0,False,,219889,David Warner,Sunrisers Hyderabad,1125976,Arshdeep Singh,Punjab Kings,,,297433,Jonny Bairstow,0,8.29
ipl20,200506,1254071,2nd innings,121,85,0,49/0,0,35,5.5,2,0,0,False,,219889,David Warner,Sunrisers Hyderabad,1125976,Arshdeep Singh,Punjab Kings,,,297433,Jonny Bairstow,2,8.4
ipl20,200507,1254071,2nd innings,121,84,0,50/0,0,36,5.6,1,0,0,False,,219889,David Warner,Sunrisers Hyderabad,1125976,Arshdeep Singh,Punjab Kings,,,297433,Jonny Bairstow,1,8.33
ipl20,200601,1254071,2nd innings,121,83,0,51/0,0,37,6.1,1,0,1,False,,219889,David Warner,Sunrisers Hyderabad,528067,Murugan Ashwin,Punjab Kings,,,297433,Jonny Bairstow,1,8.27
ipl20,200602,1254071,2nd innings,121,82,0,51/0,0,38,6.2,0,0,0,False,,297433,Jonny Bairstow,Sunrisers Hyderabad,528067,Murugan Ashwin,Punjab Kings,,,219889,David Warner,0,8.05
ipl20,200603,1254071,2nd innings,121,81,0,52/0,0,39,6.3,1,0,0,False,,297433,Jonny Bairstow,Sunrisers Hyderabad,528067,Murugan Ashwin,Punjab Kings,,,219889,David Warner,1,8.0
ipl20,200604,1254071,2nd innings,121,80,0,53/0,0,40,6.4,1,0,0,False,,219889,David Warner,Sunrisers Hyderabad,528067,Murugan Ashwin,Punjab Kings,,,297433,Jonny Bairstow,1,7.95
ipl20,200605,1254071,2nd innings,121,79,0,54/0,0,41,6.5,1,0,0,False,,297433,Jonny Bairstow,Sunrisers Hyderabad,528067,Murugan Ashwin,Punjab Kings,,,219889,David Warner,1,7.9
ipl20,200606,1254071,2nd innings,121,79,0,55/0,0,41,6.5,1,1,1,False,,219889,David Warner,Sunrisers Hyderabad,528067,Murugan Ashwin,Punjab Kings,,,297433,Jonny Bairstow,1,8.04
ipl20,200607,1254071,2nd innings,121,78,0,56/0,0,42,6.6,1,0,0,False,,219889,David Warner,Sunrisers Hyderabad,528067,Murugan Ashwin,Punjab Kings,,,297433,Jonny Bairstow,1,8.0
ipl20,200701,1254071,2nd innings,121,77,0,58/0,0,43,7.1,2,0,0,False,,219889,David Warner,Sunrisers Hyderabad,497121,Deepak Hooda,Punjab Kings,,,297433,Jonny Bairstow,2,8.09
ipl20,200702,1254071,2nd innings,121,76,0,58/0,0,44,7.2,0,0,0,False,,219889,David Warner,Sunrisers Hyderabad,497121,Deepak Hooda,Punjab Kings,,,297433,Jonny Bairstow,0,7.9
ipl20,200703,1254071,2nd innings,121,75,0,58/0,0,45,7.3,0,0,0,False,,219889,David Warner,Sunrisers Hyderabad,497121,Deepak Hooda,Punjab Kings,,,297433,Jonny Bairstow,0,7.73
ipl20,200704,1254071,2nd innings,121,74,0,58/0,0,46,7.4,0,0,0,False,,219889,David Warner,Sunrisers Hyderabad,497121,Deepak Hooda,Punjab Kings,,,297433,Jonny Bairstow,0,7.56
ipl20,200705,1254071,2nd innings,121,73,0,58/0,0,47,7.5,0,0,0,False,,219889,David Warner,Sunrisers Hyderabad,497121,Deepak Hooda,Punjab Kings,,,297433,Jonny Bairstow,0,7.4
ipl20,200706,1254071,2nd innings,121,72,0,58/0,0,48,7.6,0,0,0,False,,219889,David Warner,Sunrisers Hyderabad,497121,Deepak Hooda,Punjab Kings,,,297433,Jonny Bairstow,0,7.25
ipl20,200801,1254071,2nd innings,121,71,0,60/0,0,49,8.1,2,0,0,False,,297433,Jonny Bairstow,Sunrisers Hyderabad,528067,Murugan Ashwin,Punjab Kings,,,219889,David Warner,2,7.34
ipl20,200802,1254071,2nd innings,121,70,0,61/0,0,50,8.2,1,0,0,False,,297433,Jonny Bairstow,Sunrisers Hyderabad,528067,Murugan Ashwin,Punjab Kings,,,219889,David Warner,1,7.32
ipl20,200803,1254071,2nd innings,121,69,0,61/0,0,51,8.3,0,0,0,False,,219889,David Warner,Sunrisers Hyderabad,528067,Murugan Ashwin,Punjab Kings,,,297433,Jonny Bairstow,0,7.17
ipl20,200804,1254071,2nd innings,121,68,0,61/0,0,52,8.4,0,0,0,False,,219889,David Warner,Sunrisers Hyderabad,528067,Murugan Ashwin,Punjab Kings,,,297433,Jonny Bairstow,0,7.03
ipl20,200805,1254071,2nd innings,121,67,0,63/0,0,53,8.5,2,0,0,False,,219889,David Warner,Sunrisers Hyderabad,528067,Murugan Ashwin,Punjab Kings,,,297433,Jonny Bairstow,2,7.13
ipl20,200806,1254071,2nd innings,121,66,0,64/0,0,54,8.6,1,0,0,False,,219889,David Warner,Sunrisers Hyderabad,528067,Murugan Ashwin,Punjab Kings,,,297433,Jonny Bairstow,1,7.11
ipl20,200901,1254071,2nd innings,121,65,0,65/0,0,55,9.1,1,0,0,False,,219889,David Warner,Sunrisers Hyderabad,497121,Deepak Hooda,Punjab Kings,,,297433,Jonny Bairstow,1,7.09
ipl20,200902,1254071,2nd innings,121,64,0,66/0,0,56,9.2,1,0,0,False,,297433,Jonny Bairstow,Sunrisers Hyderabad,497121,Deepak Hooda,Punjab Kings,,,219889,David Warner,1,7.07
ipl20,200903,1254071,2nd innings,121,63,0,72/0,0,57,9.3,6,0,0,False,,219889,David Warner,Sunrisers Hyderabad,497121,Deepak Hooda,Punjab Kings,,,297433,Jonny Bairstow,6,7.57
ipl20,200904,1254071,2nd innings,121,62,0,72/0,0,58,9.4,0,0,0,False,,219889,David Warner,Sunrisers Hyderabad,497121,Deepak Hooda,Punjab Kings,,,297433,Jonny Bairstow,0,7.44
ipl20,200905,1254071,2nd innings,121,61,0,72/0,0,59,9.5,0,0,0,False,,219889,David Warner,Sunrisers Hyderabad,497121,Deepak Hooda,Punjab Kings,,,297433,Jonny Bairstow,0,7.32
ipl20,200906,1254071,2nd innings,121,60,0,73/0,0,60,9.6,1,0,0,False,,219889,David Warner,Sunrisers Hyderabad,497121,Deepak Hooda,Punjab Kings,,,297433,Jonny Bairstow,1,7.3
ipl20,201001,1254071,2nd innings,121,59,0,73/1,1,61,10.1,0,0,0,True,caught,219889,David Warner,Sunrisers Hyderabad,670013,Fabian Allen,Punjab Kings,219889,David Warner,297433,Jonny Bairstow,0,7.18
ipl20,201002,1254071,2nd innings,121,58,0,73/1,0,62,10.2,0,0,0,False,,297433,Jonny Bairstow,Sunrisers Hyderabad,670013,Fabian Allen,Punjab Kings,,,277906,Kane Williamson,0,7.06
ipl20,201003,1254071,2nd innings,121,57,0,73/1,0,63,10.3,0,0,0,False,,297433,Jonny Bairstow,Sunrisers Hyderabad,670013,Fabian Allen,Punjab Kings,,,277906,Kane Williamson,0,6.95
ipl20,201004,1254071,2nd innings,121,56,0,73/1,0,64,10.4,0,0,0,False,,297433,Jonny Bairstow,Sunrisers Hyderabad,670013,Fabian Allen,Punjab Kings,,,277906,Kane Williamson,0,6.84
ipl20,201005,1254071,2nd innings,121,55,0,73/1,0,65,10.5,0,0,0,False,,297433,Jonny Bairstow,Sunrisers Hyderabad,670013,Fabian Allen,Punjab Kings,,,277906,Kane Williamson,0,6.73
ipl20,201006,1254071,2nd innings,121,54,0,73/1,0,66,10.6,0,0,0,False,,297433,Jonny Bairstow,Sunrisers Hyderabad,670013,Fabian Allen,Punjab Kings,,,277906,Kane Williamson,0,6.63
ipl20,201101,1254071,2nd innings,121,53,0,74/1,0,67,11.1,1,0,0,False,,277906,Kane Williamson,Sunrisers Hyderabad,528067,Murugan Ashwin,Punjab Kings,,,297433,Jonny Bairstow,1,6.62
ipl20,201102,1254071,2nd innings,121,52,0,76/1,0,68,11.2,2,0,0,False,,297433,Jonny Bairstow,Sunrisers Hyderabad,528067,Murugan Ashwin,Punjab Kings,,,277906,Kane Williamson,2,6.7
ipl20,201103,1254071,2nd innings,121,51,0,77/1,0,69,11.3,1,0,0,False,,297433,Jonny Bairstow,Sunrisers Hyderabad,528067,Murugan Ashwin,Punjab Kings,,,277906,Kane Williamson,1,6.69
ipl20,201104,1254071,2nd innings,121,50,0,78/1,0,70,11.4,1,0,0,False,,277906,Kane Williamson,Sunrisers Hyderabad,528067,Murugan Ashwin,Punjab Kings,,,297433,Jonny Bairstow,1,6.68
ipl20,201105,1254071,2nd innings,121,49,0,78/1,0,71,11.5,0,0,0,False,,297433,Jonny Bairstow,Sunrisers Hyderabad,528067,Murugan Ashwin,Punjab Kings,,,277906,Kane Williamson,0,6.59
ipl20,201106,1254071,2nd innings,121,48,0,80/1,0,72,11.6,2,0,0,False,,297433,Jonny Bairstow,Sunrisers Hyderabad,528067,Murugan Ashwin,Punjab Kings,,,277906,Kane Williamson,2,6.66
ipl20,201201,1254071,2nd innings,121,47,0,81/1,0,73,12.1,1,0,0,False,,277906,Kane Williamson,Sunrisers Hyderabad,670013,Fabian Allen,Punjab Kings,,,297433,Jonny Bairstow,1,6.65
ipl20,201202,1254071,2nd innings,121,46,0,82/1,0,74,12.2,1,0,0,False,,297433,Jonny Bairstow,Sunrisers Hyderabad,670013,Fabian Allen,Punjab Kings,,,277906,Kane Williamson,1,6.64
ipl20,201203,1254071,2nd innings,121,45,0,85/1,0,75,12.3,3,0,0,False,,277906,Kane Williamson,Sunrisers Hyderabad,670013,Fabian Allen,Punjab Kings,,,297433,Jonny Bairstow,3,6.8
ipl20,201204,1254071,2nd innings,121,44,0,85/1,0,76,12.4,0,0,0,False,,297433,Jonny Bairstow,Sunrisers Hyderabad,670013,Fabian Allen,Punjab Kings,,,277906,Kane Williamson,0,6.71
ipl20,201205,1254071,2nd innings,121,43,0,86/1,0,77,12.5,1,0,0,False,,297433,Jonny Bairstow,Sunrisers Hyderabad,670013,Fabian Allen,Punjab Kings,,,277906,Kane Williamson,1,6.7
ipl20,201206,1254071,2nd innings,121,42,0,87/1,0,78,12.6,1,0,0,False,,277906,Kane Williamson,Sunrisers Hyderabad,670013,Fabian Allen,Punjab Kings,,,297433,Jonny Bairstow,1,6.69
ipl20,201301,1254071,2nd innings,121,41,0,87/1,0,79,13.1,0,0,0,False,,277906,Kane Williamson,Sunrisers Hyderabad,497121,Deepak Hooda,Punjab Kings,,,297433,Jonny Bairstow,0,6.6
ipl20,201302,1254071,2nd innings,121,40,0,88/1,0,80,13.2,1,0,0,False,,277906,Kane Williamson,Sunrisers Hyderabad,497121,Deepak Hooda,Punjab Kings,,,297433,Jonny Bairstow,1,6.6
ipl20,201303,1254071,2nd innings,121,39,0,89/1,0,81,13.3,1,0,0,False,,297433,Jonny Bairstow,Sunrisers Hyderabad,497121,Deepak Hooda,Punjab Kings,,,277906,Kane Williamson,1,6.59
ipl20,201304,1254071,2nd innings,121,38,0,90/1,0,82,13.4,1,0,0,False,,277906,Kane Williamson,Sunrisers Hyderabad,497121,Deepak Hooda,Punjab Kings,,,297433,Jonny Bairstow,1,6.58
ipl20,201305,1254071,2nd innings,121,37,0,91/1,0,83,13.5,1,0,0,False,,297433,Jonny Bairstow,Sunrisers Hyderabad,497121,Deepak Hooda,Punjab Kings,,,277906,Kane Williamson,1,6.57
ipl20,201306,1254071,2nd innings,121,36,0,91/1,0,84,13.6,0,0,0,False,,277906,Kane Williamson,Sunrisers Hyderabad,497121,Deepak Hooda,Punjab Kings,,,297433,Jonny Bairstow,0,6.5
ipl20,201401,1254071,2nd innings,121,35,0,92/1,0,85,14.1,1,0,0,False,,297433,Jonny Bairstow,Sunrisers Hyderabad,670013,Fabian Allen,Punjab Kings,,,277906,Kane Williamson,1,6.49
ipl20,201402,1254071,2nd innings,121,34,0,92/1,0,86,14.2,0,0,0,False,,277906,Kane Williamson,Sunrisers Hyderabad,670013,Fabian Allen,Punjab Kings,,,297433,Jonny Bairstow,0,6.41
ipl20,201403,1254071,2nd innings,121,33,0,93/1,0,87,14.3,1,0,0,False,,277906,Kane Williamson,Sunrisers Hyderabad,670013,Fabian Allen,Punjab Kings,,,297433,Jonny Bairstow,1,6.41
ipl20,201404,1254071,2nd innings,121,32,0,93/1,0,88,14.4,0,0,0,False,,297433,Jonny Bairstow,Sunrisers Hyderabad,670013,Fabian Allen,Punjab Kings,,,277906,Kane Williamson,0,6.34
ipl20,201405,1254071,2nd innings,121,31,0,94/1,0,89,14.5,1,0,0,False,,297433,Jonny Bairstow,Sunrisers Hyderabad,670013,Fabian Allen,Punjab Kings,,,277906,Kane Williamson,1,6.33
ipl20,201406,1254071,2nd innings,121,30,0,95/1,0,90,14.6,1,0,0,False,,277906,Kane Williamson,Sunrisers Hyderabad,670013,Fabian Allen,Punjab Kings,,,297433,Jonny Bairstow,1,6.33
ipl20,201501,1254071,2nd innings,121,29,0,96/1,0,91,15.1,1,0,0,False,,277906,Kane Williamson,Sunrisers Hyderabad,1125976,Arshdeep Singh,Punjab Kings,,,297433,Jonny Bairstow,1,6.32
ipl20,201502,1254071,2nd innings,121,28,0,96/1,0,92,15.2,0,0,0,False,,297433,Jonny Bairstow,Sunrisers Hyderabad,1125976,Arshdeep Singh,Punjab Kings,,,277906,Kane Williamson,0,6.26
ipl20,201503,1254071,2nd innings,121,27,0,97/1,0,93,15.3,1,0,0,False,,297433,Jonny Bairstow,Sunrisers Hyderabad,1125976,Arshdeep Singh,Punjab Kings,,,277906,Kane Williamson,1,6.25
ipl20,201504,1254071,2nd innings,121,26,0,98/1,0,94,15.4,1,0,0,False,,277906,Kane Williamson,Sunrisers Hyderabad,1125976,Arshdeep Singh,Punjab Kings,,,297433,Jonny Bairstow,1,6.25
ipl20,201505,1254071,2nd innings,121,25,0,99/1,0,95,15.5,1,0,0,False,,297433,Jonny Bairstow,Sunrisers Hyderabad,1125976,Arshdeep Singh,Punjab Kings,,,277906,Kane Williamson,1,6.25
ipl20,201506,1254071,2nd innings,121,24,0,100/1,0,96,15.6,1,0,0,False,,277906,Kane Williamson,Sunrisers Hyderabad,1125976,Arshdeep Singh,Punjab Kings,,,297433,Jonny Bairstow,1,6.25
ipl20,201601,1254071,2nd innings,121,23,0,101/1,0,97,16.1,1,0,0,False,,277906,Kane Williamson,Sunrisers Hyderabad,528067,Murugan Ashwin,Punjab Kings,,,297433,Jonny Bairstow,1,6.24
ipl20,201602,1254071,2nd innings,121,22,0,102/1,0,98,16.2,1,0,0,False,,297433,Jonny Bairstow,Sunrisers Hyderabad,528067,Murugan Ashwin,Punjab Kings,,,277906,Kane Williamson,1,6.24
ipl20,201603,1254071,2nd innings,121,21,0,103/1,0,99,16.3,1,0,0,False,,277906,Kane Williamson,Sunrisers Hyderabad,528067,Murugan Ashwin,Punjab Kings,,,297433,Jonny Bairstow,1,6.24
ipl20,201604,1254071,2nd innings,121,20,0,103/1,0,100,16.4,0,0,0,False,,297433,Jonny Bairstow,Sunrisers Hyderabad,528067,Murugan Ashwin,Punjab Kings,,,277906,Kane Williamson,0,6.18
ipl20,201605,1254071,2nd innings,121,19,0,104/1,0,101,16.5,1,0,0,False,,297433,Jonny Bairstow,Sunrisers Hyderabad,528067,Murugan Ashwin,Punjab Kings,,,277906,Kane Williamson,1,6.17
ipl20,201606,1254071,2nd innings,121,18,0,104/1,0,102,16.6,0,0,0,False,,277906,Kane Williamson,Sunrisers Hyderabad,528067,Murugan Ashwin,Punjab Kings,,,297433,Jonny Bairstow,0,6.11
ipl20,201701,1254071,2nd innings,121,17,0,108/1,0,103,17.1,4,0,0,False,,297433,Jonny Bairstow,Sunrisers Hyderabad,497121,Deepak Hooda,Punjab Kings,,,277906,Kane Williamson,4,6.29
ipl20,201702,1254071,2nd innings,121,16,0,108/1,0,104,17.2,0,0,0,False,,297433,Jonny Bairstow,Sunrisers Hyderabad,497121,Deepak Hooda,Punjab Kings,,,277906,Kane Williamson,0,6.23
ipl20,201703,1254071,2nd innings,121,15,0,108/1,0,105,17.3,0,0,0,False,,297433,Jonny Bairstow,Sunrisers Hyderabad,497121,Deepak Hooda,Punjab Kings,,,277906,Kane Williamson,0,6.17
ipl20,201704,1254071,2nd innings,121,14,0,110/1,0,106,17.4,2,0,0,False,,297433,Jonny Bairstow,Sunrisers Hyderabad,497121,Deepak Hooda,Punjab Kings,,,277906,Kane Williamson,2,6.22
ipl20,201705,1254071,2nd innings,121,13,0,111/1,0,107,17.5,1,0,0,False,,297433,Jonny Bairstow,Sunrisers Hyderabad,497121,Deepak Hooda,Punjab Kings,,,277906,Kane Williamson,1,6.22
ipl20,201706,1254071,2nd innings,121,12,0,111/1,0,108,17.6,0,0,0,False,,277906,Kane Williamson,Sunrisers Hyderabad,497121,Deepak Hooda,Punjab Kings,,,297433,Jonny Bairstow,0,6.16
ipl20,201801,1254071,2nd innings,121,11,0,111/1,0,109,18.1,0,0,0,False,,297433,Jonny Bairstow,Sunrisers Hyderabad,1125976,Arshdeep Singh,Punjab Kings,,,277906,Kane Williamson,0,6.11
ipl20,201802,1254071,2nd innings,121,10,0,117/1,0,110,18.2,6,0,0,False,,297433,Jonny Bairstow,Sunrisers Hyderabad,1125976,Arshdeep Singh,Punjab Kings,,,277906,Kane Williamson,6,6.38
ipl20,201803,1254071,2nd innings,121,9,0,119/1,0,111,18.3,2,0,0,False,,297433,Jonny Bairstow,Sunrisers Hyderabad,1125976,Arshdeep Singh,Punjab Kings,,,277906,Kane Williamson,2,6.43
ipl20,201804,1254071,2nd innings,121,8,0,120/1,0,112,18.4,1,0,0,False,,297433,Jonny Bairstow,Sunrisers Hyderabad,1125976,Arshdeep Singh,Punjab Kings,,,277906,Kane Williamson,1,6.42
ipl20,201805,1254071,2nd innings,121,8,0,121/1,0,112,18.4,1,1,1,False,,277906,Kane Williamson,Sunrisers Hyderabad,1125976,Arshdeep Singh,Punjab Kings,,,297433,Jonny Bairstow,1,6.48
