matchid,date,year,city,venue,team1,team2,result,tossdecision,winner,by_what,by_how_many,mom
1254110,2021-10-04T14:00Z,2021,Dubai International Cricket Stadium,Dubai International Cricket Stadium,Delhi Capitals,Chennai Super Kings,Starts at 18:00 local time,,Match Tied/Cancelled/Not yet ended,,[],
1254093,2021-10-05T14:00Z,2021,Sharjah Cricket Stadium,Sharjah Cricket Stadium,Rajasthan Royals,Mumbai Indians,Starts at 18:00 local time,,Match Tied/Cancelled/Not yet ended,,[],
1254095,2021-10-06T14:00Z,2021,"Sheikh Zayed Stadium, Abu Dhabi","Sheikh Zayed Stadium, Abu Dhabi",Royal Challengers Bangalore,Sunrisers Hyderabad,Starts at 18:00 local time,,Match Tied/Cancelled/Not yet ended,,[],
1254094,2021-10-07T10:00Z,2021,Dubai International Cricket Stadium,Dubai International Cricket Stadium,Chennai Super Kings,Punjab Kings,Starts at 14:00 local time,,Match Tied/Cancelled/Not yet ended,,[],
1254106,2021-10-07T14:00Z,2021,Sharjah Cricket Stadium,Sharjah Cricket Stadium,Kolkata Knight Riders,Rajasthan Royals,Starts at 18:00 local time,,Match Tied/Cancelled/Not yet ended,,[],
1254088,2021-10-08T14:00Z,2021,"Sheikh Zayed Stadium, Abu Dhabi","Sheikh Zayed Stadium, Abu Dhabi",Sunrisers Hyderabad,Mumbai Indians,Starts at 18:00 local time,,Match Tied/Cancelled/Not yet ended,,[],
1254101,2021-10-08T14:00Z,2021,Dubai International Cricket Stadium,Dubai International Cricket Stadium,Royal Challengers Bangalore,Delhi Capitals,Starts at 18:00 local time,,Match Tied/Cancelled/Not yet ended,,[],
1254114,2021-10-10T14:00Z,2021,Dubai International Cricket Stadium,Dubai International Cricket Stadium,TBA,TBA,Starts at 18:00 local time,,Match Tied/Cancelled/Not yet ended,,[],
1254115,2021-10-11T14:00Z,2021,Sharjah Cricket Stadium,Sharjah Cricket Stadium,TBA,TBA,Starts at 18:00 local time,,Match Tied/Cancelled/Not yet ended,,[],
1254116,2021-10-13T14:00Z,2021,Sharjah Cricket Stadium,Sharjah Cricket Stadium,TBA,TBA,Starts at 18:00 local time,,Match Tied/Cancelled/Not yet ended,,[],
1254117,2021-10-15T14:00Z,2021,Dubai International Cricket Stadium,Dubai International Cricket Stadium,TBA,TBA,Starts at 18:00 local time,,Match Tied/Cancelled/Not yet ended,,[],
1254109,2021-10-03T14:00Z,2021,Dubai International Cricket Stadium,Dubai International Cricket Stadium,Sunrisers Hyderabad,Kolkata Knight Riders,KKR won by 6 wkts (2b rem),,Kolkata Knight Riders,,[6],
1254090,2021-10-03T10:00Z,2021,Sharjah Cricket Stadium,Sharjah Cricket Stadium,Royal Challengers Bangalore,Punjab Kings,RCB won by 6 runs,,Royal Challengers Bangalore,runs,[6],
1254089,2021-10-02T14:00Z,2021,"Sheikh Zayed Stadium, Abu Dhabi","Sheikh Zayed Stadium, Abu Dhabi",Chennai Super Kings,Rajasthan Royals,Royals won by 7 wkts (15b rem),,Rajasthan Royals,,[7],
1254112,2021-10-02T10:00Z,2021,Sharjah Cricket Stadium,Sharjah Cricket Stadium,Mumbai Indians,Delhi Capitals,Capitals won by 4 wkts (5b rem),,Delhi Capitals,,[4],
1254102,2021-10-01T14:00Z,2021,Dubai International Cricket Stadium,Dubai International Cricket Stadium,Kolkata Knight Riders,Punjab Kings,Punjab Kings won by 5 wkts (3b rem),,Punjab Kings,,[5],
1254091,2021-09-30T14:00Z,2021,Sharjah Cricket Stadium,Sharjah Cricket Stadium,Sunrisers Hyderabad,Chennai Super Kings,Super Kings won by 6 wkts (2b rem),,Chennai Super Kings,,[6],
1254103,2021-09-29T14:00Z,2021,Dubai International Cricket Stadium,Dubai International Cricket Stadium,Rajasthan Royals,Royal Challengers Bangalore,RCB won by 7 wkts (17b rem),,Royal Challengers Bangalore,,[7],
1254099,2021-09-28T14:00Z,2021,"Sheikh Zayed Stadium, Abu Dhabi","Sheikh Zayed Stadium, Abu Dhabi",Punjab Kings,Mumbai Indians,Mumbai won by 6 wkts (6b rem),,Mumbai Indians,,[6],
1254092,2021-09-28T10:00Z,2021,Sharjah Cricket Stadium,Sharjah Cricket Stadium,Delhi Capitals,Kolkata Knight Riders,KKR won by 3 wkts (10b rem),,Kolkata Knight Riders,,[3],
1254100,2021-09-27T14:00Z,2021,Dubai International Cricket Stadium,Dubai International Cricket Stadium,Rajasthan Royals,Sunrisers Hyderabad,Sunrisers won by 7 wkts (9b rem),,Sunrisers Hyderabad,,[7],
1254108,2021-09-26T14:00Z,2021,Dubai International Cricket Stadium,Dubai International Cricket Stadium,Royal Challengers Bangalore,Mumbai Indians,RCB won by 54 runs,,Royal Challengers Bangalore,runs,[54],
1254098,2021-09-26T10:00Z,2021,"Sheikh Zayed Stadium, Abu Dhabi","Sheikh Zayed Stadium, Abu Dhabi",Kolkata Knight Riders,Chennai Super Kings,Super Kings won by 2 wkts (0b rem),,Chennai Super Kings,,[2],
1254107,2021-09-25T14:00Z,2021,Sharjah Cricket Stadium,Sharjah Cricket Stadium,Punjab Kings,Sunrisers Hyderabad,Punjab Kings won by 5 runs,,Punjab Kings,runs,[5],
1254097,2021-09-25T10:00Z,2021,"Sheikh Zayed Stadium, Abu Dhabi","Sheikh Zayed Stadium, Abu Dhabi",Delhi Capitals,Rajasthan Royals,Capitals won by 33 runs,,Delhi Capitals,runs,[33],
1254113,2021-09-24T14:00Z,2021,Sharjah Cricket Stadium,Sharjah Cricket Stadium,Royal Challengers Bangalore,Chennai Super Kings,Super Kings won by 6 wkts (11b rem),,Chennai Super Kings,,[6],
1254096,2021-09-23T14:00Z,2021,"Sheikh Zayed Stadium, Abu Dhabi","Sheikh Zayed Stadium, Abu Dhabi",Mumbai Indians,Kolkata Knight Riders,KKR won by 7 wkts (29b rem),,Kolkata Knight Riders,,[7],
1254105,2021-09-22T14:00Z,2021,Dubai International Cricket Stadium,Dubai International Cricket Stadium,Sunrisers Hyderabad,Delhi Capitals,Capitals won by 8 wkts (13b rem),,Delhi Capitals,,[8],
1254111,2021-09-21T14:00Z,2021,Dubai International Cricket Stadium,Dubai International Cricket Stadium,Rajasthan Royals,Punjab Kings,Royals won by 2 runs,,Rajasthan Royals,runs,[2],
1254087,2021-09-20T14:00Z,2021,"Sheikh Zayed Stadium, Abu Dhabi","Sheikh Zayed Stadium, Abu Dhabi",Royal Challengers Bangalore,Kolkata Knight Riders,KKR won by 9 wkts (60b rem),,Kolkata Knight Riders,,[9],
1254104,2021-09-19T14:00Z,2021,Dubai International Cricket Stadium,Dubai International Cricket Stadium,Chennai Super Kings,Mumbai Indians,Super Kings won by 20 runs,,Chennai Super Kings,runs,[20],
1254086,2021-05-02T14:00Z,2021,"Narendra Modi Stadium, Motera, Ahmedabad","Narendra Modi Stadium, Motera, Ahmedabad",Punjab Kings,Delhi Capitals,Capitals won by 7 wkts (14b rem),,Delhi Capitals,,[7],
1254085,2021-05-02T10:00Z,2021,"Arun Jaitley Stadium, Delhi","Arun Jaitley Stadium, Delhi",Rajasthan Royals,Sunrisers Hyderabad,Royals won by 55 runs,,Rajasthan Royals,runs,[55],
1254084,2021-05-01T14:00Z,2021,"Arun Jaitley Stadium, Delhi","Arun Jaitley Stadium, Delhi",Chennai Super Kings,Mumbai Indians,Mum Indians won by 4 wkts (0b rem),,Mumbai Indians,,[4],
1254083,2021-04-30T14:00Z,2021,"Narendra Modi Stadium, Motera, Ahmedabad","Narendra Modi Stadium, Motera, Ahmedabad",Punjab Kings,Royal Challengers Bangalore,Punjab Kings won by 34 runs,,Punjab Kings,runs,[34],
1254082,2021-04-29T14:00Z,2021,"Narendra Modi Stadium, Motera, Ahmedabad","Narendra Modi Stadium, Motera, Ahmedabad",Kolkata Knight Riders,Delhi Capitals,Capitals won by 7 wkts (21b rem),,Delhi Capitals,,[7],
1254081,2021-04-29T10:00Z,2021,"Arun Jaitley Stadium, Delhi","Arun Jaitley Stadium, Delhi",Rajasthan Royals,Mumbai Indians,Mum Indians won by 7 wkts (9b rem),,Mumbai Indians,,[7],
1254080,2021-04-28T14:00Z,2021,"Arun Jaitley Stadium, Delhi","Arun Jaitley Stadium, Delhi",Sunrisers Hyderabad,Chennai Super Kings,Super Kings won by 7 wkts (9b rem),,Chennai Super Kings,,[7],
1254079,2021-04-27T14:00Z,2021,"Narendra Modi Stadium, Motera, Ahmedabad","Narendra Modi Stadium, Motera, Ahmedabad",Royal Challengers Bangalore,Delhi Capitals,RCB won by 1 run,,Royal Challengers Bangalore,,[1],
1254078,2021-04-26T14:00Z,2021,"Narendra Modi Stadium, Motera, Ahmedabad","Narendra Modi Stadium, Motera, Ahmedabad",Punjab Kings,Kolkata Knight Riders,KKR won by 5 wkts (20b rem),,Kolkata Knight Riders,,[5],
1254077,2021-04-25T14:00Z,2021,"MA Chidambaram Stadium, Chepauk, Chennai","MA Chidambaram Stadium, Chepauk, Chennai",Delhi Capitals,Sunrisers Hyderabad,Match tied (Capitals won the one-over eliminator),,Match Tied/Cancelled/Not yet ended,,[],
1254076,2021-04-25T10:00Z,2021,"Wankhede Stadium, Mumbai","Wankhede Stadium, Mumbai",Chennai Super Kings,Royal Challengers Bangalore,Super Kings won by 69 runs,,Chennai Super Kings,runs,[69],
1254075,2021-04-24T14:00Z,2021,"Wankhede Stadium, Mumbai","Wankhede Stadium, Mumbai",Kolkata Knight Riders,Rajasthan Royals,Royals won by 6 wkts (7b rem),,Rajasthan Royals,,[6],
1254074,2021-04-23T14:00Z,2021,"MA Chidambaram Stadium, Chepauk, Chennai","MA Chidambaram Stadium, Chepauk, Chennai",Mumbai Indians,Punjab Kings,Punjab Kings won by 9 wkts (14b rem),,Punjab Kings,,[9],
1254073,2021-04-22T14:00Z,2021,"Wankhede Stadium, Mumbai","Wankhede Stadium, Mumbai",Rajasthan Royals,Royal Challengers Bangalore,RCB won by 10 wkts (21b rem),,Royal Challengers Bangalore,,[10],
1254072,2021-04-21T14:00Z,2021,"Wankhede Stadium, Mumbai","Wankhede Stadium, Mumbai",Chennai Super Kings,Kolkata Knight Riders,Super Kings won by 18 runs,,Chennai Super Kings,runs,[18],
1254071,2021-04-21T10:00Z,2021,"MA Chidambaram Stadium, Chepauk, Chennai","MA Chidambaram Stadium, Chepauk, Chennai",Punjab Kings,Sunrisers Hyderabad,Sunrisers won by 9 wkts (8b rem),,Sunrisers Hyderabad,,[9],
1254070,2021-04-20T14:00Z,2021,"MA Chidambaram Stadium, Chepauk, Chennai","MA Chidambaram Stadium, Chepauk, Chennai",Mumbai Indians,Delhi Capitals,Capitals won by 6 wkts (5b rem),,Delhi Capitals,,[6],
1254069,2021-04-19T14:00Z,2021,"Wankhede Stadium, Mumbai","Wankhede Stadium, Mumbai",Chennai Super Kings,Rajasthan Royals,Super Kings won by 45 runs,,Chennai Super Kings,runs,[45],
1254068,2021-04-18T14:00Z,2021,"Wankhede Stadium, Mumbai","Wankhede Stadium, Mumbai",Punjab Kings,Delhi Capitals,Capitals won by 6 wkts (10b rem),,Delhi Capitals,,[6],
1254067,2021-04-18T10:00Z,2021,"MA Chidambaram Stadium, Chepauk, Chennai","MA Chidambaram Stadium, Chepauk, Chennai",Royal Challengers Bangalore,Kolkata Knight Riders,RCB won by 38 runs,,Royal Challengers Bangalore,runs,[38],
1254066,2021-04-17T14:00Z,2021,"MA Chidambaram Stadium, Chepauk, Chennai","MA Chidambaram Stadium, Chepauk, Chennai",Mumbai Indians,Sunrisers Hyderabad,Mum Indians won by 13 runs,,Mumbai Indians,runs,[13],
1254065,2021-04-16T14:00Z,2021,"Wankhede Stadium, Mumbai","Wankhede Stadium, Mumbai",Punjab Kings,Chennai Super Kings,Super Kings won by 6 wkts (26b rem),,Chennai Super Kings,,[6],
1254064,2021-04-15T14:00Z,2021,"Wankhede Stadium, Mumbai","Wankhede Stadium, Mumbai",Delhi Capitals,Rajasthan Royals,Royals won by 3 wkts (2b rem),,Rajasthan Royals,,[3],
1254063,2021-04-14T14:00Z,2021,"MA Chidambaram Stadium, Chepauk, Chennai","MA Chidambaram Stadium, Chepauk, Chennai",Royal Challengers Bangalore,Sunrisers Hyderabad,RCB won by 6 runs,,Royal Challengers Bangalore,runs,[6],
1254062,2021-04-13T14:00Z,2021,"MA Chidambaram Stadium, Chepauk, Chennai","MA Chidambaram Stadium, Chepauk, Chennai",Mumbai Indians,Kolkata Knight Riders,Mum Indians won by 10 runs,,Mumbai Indians,runs,[10],
1254061,2021-04-12T14:00Z,2021,"Wankhede Stadium, Mumbai","Wankhede Stadium, Mumbai",Punjab Kings,Rajasthan Royals,Punjab Kings won by 4 runs,,Punjab Kings,runs,[4],
1254060,2021-04-11T14:00Z,2021,"MA Chidambaram Stadium, Chepauk, Chennai","MA Chidambaram Stadium, Chepauk, Chennai",Kolkata Knight Riders,Sunrisers Hyderabad,KKR won by 10 runs,,Kolkata Knight Riders,runs,[10],
1254059,2021-04-10T14:00Z,2021,"Wankhede Stadium, Mumbai","Wankhede Stadium, Mumbai",Chennai Super Kings,Delhi Capitals,Capitals won by 7 wkts (8b rem),,Delhi Capitals,,[7],
1254058,2021-04-09T14:00Z,2021,"MA Chidambaram Stadium, Chepauk, Chennai","MA Chidambaram Stadium, Chepauk, Chennai",Mumbai Indians,Royal Challengers Bangalore,RCB won by 2 wkts (0b rem),,Royal Challengers Bangalore,,[2],
